id_jadwal,nama_kereta,nomor_kereta,stasiun_asal,stasiun_tujuan,tanggal_berangkat,jam_berangkat,jam_tiba,kelas,harga_tiket,status
JKA00966,UNKNOWN,KA416,Surabaya Pasarturi,Bandung,2024-03-18,17:00:00,18:50:00,UNKNOWN,751305,Waiting
JKA00100,UNKNOWN,KA488,Solo Balapan,Bandung,2025-01-17,14:45:00,22:15:00,Bisnis,70519,Terlambat
JKA00268,Jayabaya,KA373,Purwokerto,Bandung,2025-01-29,16:00:00,13:20:00,Eksekutif,75500,Waiting
JKA02966,Jayabaya,KA198,Surabaya Pasarturi,Bandung,2024-04-18,21:40:00,05:45:00,Ekonomi,147148,Dibatalkan
JKA02384,Kahuripan,KA525,Semarang Tawang,Bandung,2024-01-24,21:10:00,15:45:00,Eksekutif,252595,Waiting
JKA00045,Kertajaya,KA336,Jember,Bandung,2025-04-10,21:55:00,18:30:00,Eksekutif,,Terlambat
JKA00481,Matarmaja,KA606,Yogyakarta,Bandung,2024-05-15,13:25:00,12:55:00,Bisnis,196950,Dibatalkan
JKA02400,Pasundan,KA149,Jakarta Kota,Bandung,2024-09-27,22:45:00,10:20:00,Ekonomi,751926,Dibatalkan
JKA02642,Argo Parahyangan,KA645,Malang,Bandung,2025-01-25,04:15:00,20:10:00,Bisnis,46980,Waiting
JKA02717,Argo Bromo Anggrek,KA822,Malang,Bandung,2024-10-02,08:25:00,00:45:00,Eksekutif,299380,Tepat Waktu
JKA02342,Argo Bromo Anggrek,KA44,Jakarta Kota,Bandung,2025-06-04,00:50:00,00:00:00,Bisnis,95902,Terlambat
JKA02348,Argo Bromo Anggrek,KA88,Jakarta Kota,Bandung,2025-06-26,05:50:00,15:45:00,Ekonomi,148376,Terlambat
JKA01808,Argo Bromo Anggrek,KA767,Jember,Bandung,2025-03-25,01:30:00,08:15:00,Ekonomi,752739,Terlambat
JKA01034,Argo Bromo Anggrek,KA308,Semarang Tawang,Bandung,2024-08-01,09:50:00,17:30:00,Bisnis,103739,Tepat Waktu
JKA00096,Argo Bromo Anggrek,KA268,Madiun,Bandung,2025-05-05,22:45:00,12:15:00,Eksekutif,201236,Dibatalkan
JKA00744,Argo Parahyangan,KA725,Malang,Bandung,2024-09-15,00:55:00,18:15:00,Eksekutif,749416,Waiting
JKA00129,Argo Parahyangan,KA607,Surabaya Pasarturi,Bandung,2024-02-14,16:30:00,14:55:00,Ekonomi,78280,Tepat Waktu
JKA02270,Argo Parahyangan,KA425,Purwokerto,Bandung,2024-12-27,06:10:00,17:20:00,Bisnis,101442,Dibatalkan
JKA02003,Argo Parahyangan,KA844,Surabaya Pasarturi,Bandung,2024-06-24,10:10:00,18:10:00,Eksekutif,251354,Waiting
JKA02944,Argo Parahyangan,KA324,Surabaya Pasarturi,Bandung,2025-01-16,15:45:00,21:10:00,Bisnis,53795,Tepat Waktu
JKA01137,Argo Parahyangan,KA444,Yogyakarta,Bandung,2025-05-17,03:20:00,10:30:00,Ekonomi,79058,Tepat Waktu
JKA01810,Argo Parahyangan,KA464,Madiun,Bandung,2024-06-12,17:15:00,18:05:00,Bisnis,54697,Terlambat
JKA01778,Argo Parahyangan,KA731,Cirebon,Bandung,2024-09-17,13:25:00,16:20:00,Eksekutif,45658,Dibatalkan
JKA00166,Argo Parahyangan,KA709,Cirebon,Bandung,2025-04-06,21:45:00,15:00:00,Ekonomi,304586,Terlambat
JKA00796,Bengawan,KA570,Pasar Senen,Bandung,2024-03-31,12:35:00,04:45:00,Ekonomi,252479,Terlambat
JKA02591,Bima,KA28,Solo Balapan,Bandung,2025-06-13,21:45:00,12:00:00,Eksekutif,747449,Dibatalkan
JKA00471,Bengawan,KA848,Surabaya Gubeng,Bandung,2025-01-16,01:15:00,20:35:00,UNKNOWN,395553,Dibatalkan
JKA01880,Bengawan,KA31,Jember,Bandung,2024-04-03,14:05:00,19:55:00,Bisnis,295420,Terlambat
JKA00965,Bengawan,KA677,Jakarta Kota,Bandung,2025-04-10,12:10:00,19:30:00,Bisnis,199901,Tepat Waktu
JKA01957,Bengawan,UNKNOWN,Pasar Senen,Bandung,2025-04-09,13:15:00,04:05:00,Bisnis,302929,Tepat Waktu
JKA01737,Bengawan,KA568,Surabaya Gubeng,Bandung,2025-02-10,22:55:00,03:35:00,Ekonomi,50595,Terlambat
JKA00062,Bima,KA693,Kediri,Bandung,2025-06-03,21:25:00,19:30:00,Bisnis,97712,Dibatalkan
JKA00801,Bima,KA11,Surabaya Pasarturi,Bandung,2024-10-11,15:20:00,23:10:00,Eksekutif,300896,Waiting
JKA00840,Bima,KA424,Malang,Bandung,2025-08-18,02:35:00,05:50:00,Ekonomi,51116,Waiting
JKA00875,Brantas,KA962,Madiun,Bandung,2025-07-07,21:40:00,09:10:00,Eksekutif,203431,Waiting
JKA02300,Brantas,KA912,Jakarta Kota,Bandung,2025-07-18,16:05:00,01:05:00,Eksekutif,47156,Terlambat
JKA00663,Brantas,KA254,Yogyakarta,Bandung,2024-04-06,03:35:00,15:25:00,Ekonomi,74330,Waiting
JKA00238,Brantas,KA914,Surabaya Pasarturi,Bandung,2024-01-16,06:40:00,17:25:00,Bisnis,204405,Terlambat
JKA02066,Brantas,KA81,Pasar Senen,Bandung,2024-01-09,21:25:00,10:25:00,Bisnis,751310,Tepat Waktu
JKA00257,Brantas,KA399,Pasar Senen,Bandung,2025-01-02,02:50:00,23:15:00,Eksekutif,145415,Tepat Waktu
JKA02237,Gajayana,KA951,Jakarta Kota,Bandung,2024-06-07,15:25:00,01:00:00,Ekonomi,746325,Dibatalkan
JKA00300,Gajayana,KA4,Jember,Bandung,2024-12-26,19:55:00,14:55:00,Eksekutif,48010,Terlambat
JKA00779,Gajayana,KA447,Madiun,Bandung,2024-05-21,09:30:00,02:05:00,Ekonomi,79970,Terlambat
JKA00110,Gajayana,KA574,Semarang Tawang,Bandung,2024-11-03,22:05:00,10:50:00,Bisnis,98996,Dibatalkan
JKA02123,Gajayana,KA651,Jakarta Kota,Bandung,2025-06-28,02:30:00,13:50:00,Ekonomi,98600,Tepat Waktu
JKA00614,Gajayana,KA960,Jember,Bandung,2025-08-12,08:40:00,23:15:00,Eksekutif,75332,Terlambat
JKA00546,Gajayana,KA145,Jakarta Kota,Bandung,2025-03-20,07:55:00,20:50:00,Eksekutif,49500,Waiting
JKA01553,Gaya Baru Malam,KA650,Malang,Bandung,2024-02-27,06:40:00,06:00:00,Eksekutif,745710,Terlambat
JKA01290,Gaya Baru Malam,KA767,Kediri,Bandung,2024-12-22,05:05:00,06:30:00,Eksekutif,53421,Waiting
JKA01017,Gaya Baru Malam,KA556,Malang,Bandung,2025-04-06,04:10:00,15:50:00,Eksekutif,300183,Waiting
JKA00674,Gaya Baru Malam,KA303,Madiun,Bandung,2025-08-08,21:20:00,05:10:00,Bisnis,47939,Terlambat
JKA01316,Gaya Baru Malam,KA330,Pasar Senen,Bandung,2024-04-02,22:40:00,22:05:00,Eksekutif,303383,Waiting
JKA01455,Gaya Baru Malam,KA18,Yogyakarta,Bandung,2025-06-19,12:35:00,05:15:00,Eksekutif,154410,Terlambat
JKA01787,Gaya Baru Malam,KA633,Jakarta Kota,Bandung,2024-10-05,11:35:00,01:10:00,Bisnis,46401,Dibatalkan
JKA02958,Gaya Baru Malam,KA540,Surabaya Pasarturi,Bandung,2024-02-27,19:50:00,00:35:00,Ekonomi,752108,Waiting
JKA00047,Gaya Baru Malam,KA250,Semarang Tawang,Bandung,2025-01-11,01:30:00,06:05:00,Eksekutif,154783,Dibatalkan
JKA02201,Gaya Baru Malam,KA880,Surabaya Pasarturi,Bandung,2024-10-27,23:25:00,16:15:00,Eksekutif,148287,Terlambat
JKA00747,Gaya Baru Malam,KA630,Yogyakarta,Bandung,2024-04-01,01:10:00,20:50:00,Eksekutif,496371,Waiting
JKA02416,Gaya Baru Malam,KA213,Solo Balapan,Bandung,2024-05-15,23:45:00,10:20:00,Bisnis,100489,Waiting
JKA02210,Harina,KA559,Semarang Tawang,Bandung,2024-07-31,21:30:00,01:40:00,Ekonomi,304218,Terlambat
JKA01253,Harina,KA791,Jakarta Kota,Bandung,2024-07-07,02:50:00,16:45:00,Eksekutif,196675,Waiting
JKA01170,Harina,KA94,Jakarta Kota,Bandung,2025-01-20,11:45:00,06:40:00,Eksekutif,79627,Waiting
JKA02473,Harina,KA154,Pasar Senen,Bandung,2024-12-18,05:30:00,19:45:00,Ekonomi,51020,Terlambat
JKA01904,Harina,KA256,Cirebon,Bandung,2025-04-27,05:50:00,05:15:00,Bisnis,152232,Tepat Waktu
JKA01404,Harina,KA223,Purwokerto,Bandung,2025-06-27,15:40:00,01:55:00,Eksekutif,254382,Dibatalkan
JKA00403,Harina,KA996,Madiun,Bandung,2025-03-22,15:30:00,05:45:00,Bisnis,99745,Waiting
JKA01468,Harina,KA383,Purwokerto,Bandung,2024-09-08,17:15:00,10:50:00,Ekonomi,103447,Tepat Waktu
JKA02187,Harina,KA280,Gambir,Bandung,2024-11-14,03:05:00,23:40:00,Bisnis,297519,Terlambat
JKA01713,Harina,KA253,Cirebon,Bandung,2025-08-08,08:20:00,09:30:00,Eksekutif,396689,Terlambat
JKA02027,Harina,KA46,Semarang Tawang,Bandung,2024-11-19,08:50:00,09:15:00,Eksekutif,53488,Terlambat
JKA01490,Harina,KA11,Pasar Senen,Bandung,2024-01-27,15:20:00,03:50:00,Eksekutif,298758,Waiting
JKA00818,Harina,KA783,Solo Balapan,Bandung,2025-06-03,01:35:00,02:00:00,Eksekutif,498070,Tepat Waktu
JKA02204,Joglosemarkerto,KA647,Pasar Senen,Bandung,2025-07-19,00:40:00,03:30:00,Ekonomi,496994,Terlambat
JKA02972,Jayabaya,KA147,Semarang Tawang,Bandung,2025-08-11,06:50:00,20:00:00,UNKNOWN,753475,Tepat Waktu
JKA01336,Jayabaya,KA42,Kediri,Bandung,2025-02-07,03:05:00,02:20:00,Eksekutif,199847,Terlambat
JKA02450,Jayabaya,KA637,Jember,Bandung,2025-07-08,22:25:00,07:10:00,Bisnis,747181,Tepat Waktu
JKA00203,Jayabaya,KA467,Surabaya Pasarturi,Bandung,2025-03-08,16:45:00,09:50:00,UNKNOWN,146121,Waiting
JKA02751,Jayabaya,KA694,Gambir,Bandung,2024-11-04,12:40:00,12:15:00,Ekonomi,751416,Tepat Waktu
JKA01028,Jayabaya,KA526,Purwokerto,Bandung,2025-05-13,23:45:00,13:05:00,Eksekutif,245215,Tepat Waktu
JKA02068,Joglosemarkerto,KA24,Jakarta Kota,Bandung,2024-05-14,12:30:00,16:05:00,Eksekutif,71053,Waiting
JKA00635,Joglosemarkerto,KA320,Yogyakarta,Bandung,2025-07-20,08:05:00,14:10:00,Bisnis,299563,Tepat Waktu
JKA00055,Joglosemarkerto,UNKNOWN,Semarang Tawang,Bandung,2024-01-08,23:30:00,04:30:00,Ekonomi,500802,Tepat Waktu
JKA00462,Joglosemarkerto,KA31,Surabaya Gubeng,Bandung,2024-06-27,13:05:00,19:20:00,Eksekutif,77234,Waiting
JKA01959,Joglosemarkerto,KA904,Semarang Tawang,Bandung,2025-02-01,01:15:00,21:50:00,Bisnis,395493,Tepat Waktu
JKA02405,Joglosemarkerto,KA522,Surabaya Gubeng,Bandung,2024-03-20,12:20:00,10:30:00,Eksekutif,502548,Waiting
JKA02517,Joglosemarkerto,KA150,Surabaya Pasarturi,Bandung,2024-06-28,04:15:00,18:30:00,Ekonomi,748346,Tepat Waktu
JKA00562,Joglosemarkerto,KA937,Gambir,Bandung,2024-07-13,16:55:00,17:40:00,Eksekutif,746244,Terlambat
JKA00916,Joglosemarkerto,KA724,Surabaya Pasarturi,Bandung,2025-08-18,20:35:00,11:00:00,Eksekutif,152168,Terlambat
JKA00901,Kertajaya,KA345,Jakarta Kota,Bandung,2025-01-28,07:10:00,06:35:00,Bisnis,745732,Waiting
JKA02414,Kahuripan,KA696,Jakarta Kota,Bandung,2024-03-19,01:55:00,21:35:00,Ekonomi,97375,Dibatalkan
JKA00185,Kahuripan,KA771,Yogyakarta,Bandung,2024-01-17,16:40:00,04:45:00,Bisnis,404827,Terlambat
JKA02117,Kahuripan,KA507,Pasar Senen,Bandung,2024-12-30,09:55:00,18:30:00,Eksekutif,297408,Dibatalkan
JKA00126,Kahuripan,KA37,Kediri,Bandung,2025-08-10,07:55:00,01:00:00,Eksekutif,400963,Waiting
JKA01197,Kahuripan,KA43,Madiun,Bandung,2024-09-17,21:45:00,23:55:00,Ekonomi,79109,Dibatalkan
JKA01720,Kahuripan,KA210,Malang,Bandung,2025-05-05,00:30:00,18:00:00,Ekonomi,145546,Terlambat
JKA02785,Kahuripan,KA889,Yogyakarta,Bandung,2024-05-03,12:10:00,03:05:00,Eksekutif,251043,Tepat Waktu
JKA00766,Kaligung,KA783,Pasar Senen,Bandung,2024-04-24,06:10:00,09:40:00,Bisnis,746390,Tepat Waktu
JKA01564,Kaligung,KA221,Cirebon,Bandung,2024-05-18,15:35:00,20:45:00,Eksekutif,97620,Waiting
JKA01075,Kaligung,KA701,Surabaya Gubeng,Bandung,2024-04-26,15:50:00,00:30:00,Bisnis,298350,Terlambat
JKA02816,Kaligung,KA995,Malang,Bandung,2025-05-30,02:05:00,21:35:00,Eksekutif,76288,Terlambat
JKA02317,Kaligung,KA221,Pasar Senen,Bandung,2024-11-14,09:30:00,09:35:00,Bisnis,150860,Terlambat
JKA02019,Kertajaya,KA437,Jember,Bandung,2024-03-26,10:05:00,18:50:00,Bisnis,397431,Waiting
JKA00631,Kertajaya,KA287,Yogyakarta,Bandung,2025-08-07,15:05:00,07:30:00,Bisnis,404987,Terlambat
JKA00408,Kertajaya,UNKNOWN,Yogyakarta,Bandung,2025-03-12,14:50:00,03:55:00,Bisnis,54884,Tepat Waktu
JKA00701,Kertajaya,KA83,Gambir,Bandung,2025-01-31,02:05:00,19:25:00,Eksekutif,76147,Dibatalkan
JKA00095,Kertajaya,KA780,Purwokerto,Bandung,2025-04-05,02:40:00,01:20:00,Bisnis,754878,Waiting
JKA02645,Kertajaya,UNKNOWN,Jember,Bandung,2025-01-12,09:05:00,19:20:00,Eksekutif,203349,Dibatalkan
JKA02819,Lodaya,KA987,Jember,Bandung,2024-11-15,20:15:00,21:20:00,Eksekutif,148322,Terlambat
JKA01004,Lodaya,KA5,Solo Balapan,Bandung,2024-05-13,05:55:00,21:05:00,Ekonomi,204214,Tepat Waktu
JKA02997,Lodaya,UNKNOWN,Purwokerto,Bandung,2024-11-29,00:45:00,22:50:00,Eksekutif,149120,Waiting
JKA02047,Lodaya,KA174,Surabaya Gubeng,Bandung,2024-10-25,22:50:00,02:45:00,Eksekutif,301805,Tepat Waktu
JKA00291,Lodaya,KA21,Cirebon,Bandung,2024-03-08,03:25:00,00:40:00,Eksekutif,401921,Dibatalkan
JKA01138,Lodaya,KA936,Jakarta Kota,Bandung,2024-06-21,11:25:00,05:55:00,Eksekutif,304776,Tepat Waktu
JKA01463,Malabar,KA822,Jember,Bandung,2025-04-23,01:15:00,15:55:00,Bisnis,,Waiting
JKA00262,Mutiara Selatan,KA992,Surabaya Gubeng,Bandung,2025-06-26,19:25:00,14:50:00,Ekonomi,48173,Waiting
JKA02666,Malabar,KA364,Cirebon,Bandung,2024-09-12,02:00:00,11:10:00,Bisnis,78702,Terlambat
JKA02387,Malabar,KA679,Malang,Bandung,2025-01-17,07:30:00,16:55:00,Bisnis,397061,Waiting
JKA00590,Malabar,KA885,Purwokerto,Bandung,2024-11-22,00:10:00,07:05:00,Ekonomi,72523,Tepat Waktu
JKA01934,Malabar,KA940,Surabaya Pasarturi,Bandung,2024-05-15,20:35:00,05:00:00,Eksekutif,72893,Dibatalkan
JKA00835,Malabar,KA35,Surabaya Gubeng,Bandung,2024-03-15,17:40:00,01:15:00,Bisnis,151674,Terlambat
JKA00894,Malabar,KA231,Malang,Bandung,2025-08-06,17:05:00,00:35:00,Ekonomi,151669,Waiting
JKA00509,Matarmaja,KA409,Pasar Senen,Bandung,2024-07-10,09:10:00,17:10:00,Eksekutif,752478,Waiting
JKA00718,Matarmaja,KA37,Jember,Bandung,2024-08-31,14:25:00,00:45:00,Eksekutif,96787,Tepat Waktu
JKA01727,Matarmaja,KA510,Semarang Tawang,Bandung,2024-11-04,21:45:00,03:55:00,Eksekutif,754495,Tepat Waktu
JKA00383,Matarmaja,KA122,Gambir,Bandung,2024-12-30,05:00:00,16:50:00,Ekonomi,297434,Tepat Waktu
JKA00087,Matarmaja,UNKNOWN,Purwokerto,Bandung,2024-07-08,15:25:00,00:20:00,Bisnis,399374,Waiting
JKA02232,Matarmaja,KA799,Solo Balapan,Bandung,2024-02-26,07:10:00,17:55:00,Eksekutif,151382,Dibatalkan
JKA02284,Matarmaja,KA844,Semarang Tawang,Bandung,2024-11-04,05:10:00,06:10:00,Bisnis,150059,Terlambat
JKA02147,Matarmaja,KA100,Malang,Bandung,2024-02-05,04:50:00,19:45:00,Eksekutif,103375,Waiting
JKA01466,Matarmaja,KA885,Jember,Bandung,2025-07-18,23:05:00,23:35:00,Ekonomi,399622,Dibatalkan
JKA02287,Mutiara Selatan,KA980,Madiun,Bandung,2024-07-10,08:50:00,09:15:00,Eksekutif,303350,Terlambat
JKA00665,Mutiara Selatan,KA657,Pasar Senen,Bandung,2025-03-06,20:45:00,00:05:00,Ekonomi,149144,Waiting
JKA02360,Mutiara Selatan,KA798,Madiun,Bandung,2024-07-08,16:15:00,16:10:00,Ekonomi,296987,Waiting
JKA02631,Mutiara Selatan,KA350,Surabaya Gubeng,Bandung,2025-03-05,22:25:00,12:20:00,Bisnis,745309,Dibatalkan
JKA00648,Mutiara Selatan,KA67,Cirebon,Bandung,2024-02-10,06:10:00,15:05:00,Ekonomi,203619,Terlambat
JKA01551,Mutiara Selatan,KA855,Madiun,Bandung,2025-03-07,05:00:00,20:55:00,Ekonomi,,Dibatalkan
JKA00921,Mutiara Selatan,KA616,Madiun,Bandung,2025-07-05,18:10:00,17:20:00,Bisnis,45167,Waiting
JKA02050,Mutiara Selatan,UNKNOWN,Kediri,Bandung,2024-03-08,10:40:00,05:05:00,Eksekutif,750459,Terlambat
JKA02688,Mutiara Selatan,KA792,Cirebon,Bandung,2025-03-22,06:20:00,20:05:00,Bisnis,71626,Terlambat
JKA00540,Mutiara Selatan,KA266,Kediri,Bandung,2024-11-17,14:55:00,05:25:00,Bisnis,400934,Waiting
JKA02077,Mutiara Selatan,KA540,Pasar Senen,Bandung,2025-03-17,23:45:00,09:50:00,Eksekutif,752971,Terlambat
JKA02289,Mutiara Selatan,KA154,Semarang Tawang,Bandung,2024-11-11,11:30:00,13:55:00,Eksekutif,153924,Waiting
JKA01965,Pasundan,KA658,Kediri,Bandung,2025-02-26,02:35:00,02:35:00,Bisnis,247352,Waiting
JKA00424,Pasundan,KA959,Malang,Bandung,2024-10-12,01:40:00,15:10:00,Ekonomi,745513,Tepat Waktu
JKA02979,Pasundan,KA6,Surabaya Pasarturi,Bandung,2024-10-04,15:35:00,10:45:00,Eksekutif,503785,Waiting
JKA01227,Pasundan,KA509,Malang,Bandung,2024-10-01,16:55:00,19:50:00,Eksekutif,75979,Tepat Waktu
JKA00157,Pasundan,UNKNOWN,Purwokerto,Bandung,2024-01-21,22:05:00,14:30:00,Ekonomi,202772,Waiting
JKA00031,Progo,KA536,Malang,Bandung,2025-08-13,04:10:00,02:15:00,Ekonomi,304933,Waiting
JKA01798,Progo,KA103,Cirebon,Bandung,2024-02-23,00:35:00,22:10:00,Eksekutif,751240,Dibatalkan
JKA01393,Progo,KA87,Solo Balapan,Bandung,2025-04-25,21:55:00,16:25:00,Bisnis,297121,Tepat Waktu
JKA02307,Progo,KA806,Surabaya Gubeng,Bandung,2024-01-30,14:00:00,13:40:00,Bisnis,397198,Dibatalkan
JKA02571,Sembrani,KA748,Cirebon,Bandung,2024-05-25,15:45:00,10:15:00,Ekonomi,78307,Terlambat
JKA00212,Sancaka,KA454,Madiun,Bandung,2025-08-13,21:35:00,03:10:00,Ekonomi,303268,Terlambat
JKA02773,Sancaka,KA491,Yogyakarta,Bandung,2024-10-02,12:05:00,22:05:00,Bisnis,,Terlambat
JKA01744,Sancaka,KA615,Gambir,Bandung,2024-10-30,17:50:00,15:25:00,Bisnis,78288,Dibatalkan
JKA01203,Sancaka,KA387,Solo Balapan,Bandung,2024-04-20,20:40:00,10:45:00,Eksekutif,252397,Dibatalkan
JKA00223,Sancaka,KA190,Madiun,Bandung,2024-07-07,04:55:00,10:30:00,Ekonomi,399485,Terlambat
JKA02476,Sancaka,KA4,Jakarta Kota,Bandung,2025-04-22,16:55:00,08:20:00,Eksekutif,103096,Dibatalkan
JKA02418,Sancaka,KA401,Jakarta Kota,Bandung,2025-06-06,23:25:00,14:15:00,Ekonomi,,Tepat Waktu
JKA02912,Sancaka,KA264,Surabaya Gubeng,Bandung,2024-03-08,05:15:00,02:25:00,Eksekutif,752407,Tepat Waktu
JKA02896,Sancaka,KA672,Jember,Bandung,2024-08-28,04:50:00,05:00:00,Eksekutif,248724,Tepat Waktu
JKA02173,Sancaka,KA296,Solo Balapan,Bandung,2024-08-14,02:20:00,13:20:00,Ekonomi,397583,Waiting
JKA01813,Sembrani,KA881,Cirebon,Bandung,2024-11-21,12:35:00,02:30:00,Bisnis,751649,Terlambat
JKA01554,Sembrani,KA189,Solo Balapan,Bandung,2025-05-05,17:50:00,14:50:00,Bisnis,199492,Terlambat
JKA01941,Sembrani,KA451,Semarang Tawang,Bandung,2024-05-14,12:45:00,21:50:00,Eksekutif,75714,Waiting
JKA01006,Sembrani,KA614,Surabaya Pasarturi,Bandung,2025-02-01,12:55:00,23:15:00,Ekonomi,251566,Waiting
JKA01691,Sembrani,KA500,Madiun,Bandung,2024-04-27,23:35:00,07:50:00,Bisnis,46431,Tepat Waktu
JKA00112,Sembrani,KA313,Cirebon,Bandung,2024-12-22,14:45:00,21:55:00,Ekonomi,746388,Terlambat
JKA01478,Sembrani,KA338,Pasar Senen,Bandung,2024-12-02,22:25:00,14:50:00,Bisnis,252756,Waiting
JKA00421,Serayu,KA791,Pasar Senen,Bandung,2025-05-25,14:25:00,09:10:00,Ekonomi,750952,Waiting
JKA01748,Serayu,KA682,Gambir,Bandung,2025-05-01,22:35:00,19:45:00,Ekonomi,399096,Terlambat
JKA01325,Serayu,KA514,Yogyakarta,Bandung,2024-06-24,13:45:00,10:45:00,Eksekutif,754924,Terlambat
JKA02229,Serayu,KA751,Jember,Bandung,2025-01-22,05:55:00,07:25:00,Eksekutif,748860,Terlambat
JKA02893,Tawang Jaya,KA114,Madiun,Bandung,2025-03-21,08:30:00,16:00:00,Eksekutif,304089,Dibatalkan
JKA01376,Taksaka,KA424,Kediri,Bandung,2025-08-17,01:45:00,09:40:00,Eksekutif,52247,Terlambat
JKA00956,Taksaka,KA316,Madiun,Bandung,2025-06-15,16:55:00,01:10:00,Eksekutif,104451,Terlambat
JKA02313,Taksaka,KA423,Pasar Senen,Bandung,2025-06-12,16:30:00,16:40:00,Eksekutif,101693,Tepat Waktu
JKA00823,Taksaka,KA94,Purwokerto,Bandung,2025-01-12,13:55:00,02:05:00,Ekonomi,,Waiting
JKA01984,Taksaka,KA253,Purwokerto,Bandung,2024-07-21,11:50:00,10:45:00,Bisnis,104418,Terlambat
JKA02477,Taksaka,KA930,Cirebon,Bandung,2025-01-05,11:15:00,10:45:00,Eksekutif,79704,Tepat Waktu
JKA02848,Taksaka,KA513,Solo Balapan,Bandung,2024-02-04,05:00:00,00:35:00,UNKNOWN,248834,Waiting
JKA01027,Taksaka,KA299,Semarang Tawang,Bandung,2025-07-17,20:55:00,17:15:00,Eksekutif,295392,Dibatalkan
JKA00247,Tawang Jaya,KA320,Madiun,Bandung,2024-05-25,14:40:00,16:45:00,Bisnis,396279,Waiting
JKA02398,Tawang Jaya,KA881,Jember,Bandung,2024-03-27,05:55:00,14:30:00,Ekonomi,,Terlambat
JKA00594,Tawang Jaya,KA321,Purwokerto,Bandung,2024-11-22,22:50:00,18:20:00,Eksekutif,252871,Tepat Waktu
JKA00565,Tawang Jaya,KA472,Yogyakarta,Bandung,2025-06-03,17:25:00,19:15:00,Bisnis,498669,Tepat Waktu
JKA02992,Tawang Jaya,KA623,Semarang Tawang,Bandung,2025-01-19,19:20:00,10:15:00,Eksekutif,747493,Tepat Waktu
JKA02537,Tawang Jaya,KA283,Jember,Bandung,2025-01-03,07:25:00,13:10:00,Ekonomi,495547,Terlambat
JKA01881,Turangga,KA78,Kediri,Bandung,2024-07-22,13:55:00,15:30:00,Eksekutif,498664,Terlambat
JKA00444,Turangga,KA395,Malang,Bandung,2024-12-14,18:40:00,09:55:00,Bisnis,103265,Dibatalkan
JKA01905,Turangga,KA262,Madiun,Bandung,2025-03-23,13:05:00,03:55:00,Eksekutif,,Terlambat
JKA01283,UNKNOWN,KA745,Kediri,Cirebon,2024-05-24,19:05:00,22:30:00,Eksekutif,301984,Waiting
JKA00772,UNKNOWN,KA236,Pasar Senen,Cirebon,2024-08-03,16:40:00,22:45:00,Bisnis,96984,Terlambat
JKA02465,UNKNOWN,KA13,Semarang Tawang,Cirebon,2024-09-11,21:10:00,15:10:00,Ekonomi,204340,Waiting
JKA00338,UNKNOWN,KA197,Madiun,Cirebon,2025-08-01,02:45:00,23:05:00,Ekonomi,748734,Dibatalkan
JKA01289,UNKNOWN,KA90,Malang,Cirebon,2025-07-15,00:55:00,10:35:00,Bisnis,399097,Tepat Waktu
JKA00080,UNKNOWN,KA894,Surabaya Pasarturi,Cirebon,2024-12-10,22:45:00,15:00:00,Ekonomi,76824,Waiting
JKA00305,Argo Parahyangan,KA899,Jember,Cirebon,2025-01-25,12:50:00,04:40:00,Ekonomi,99264,Dibatalkan
JKA01166,Lodaya,KA260,Yogyakarta,Cirebon,2024-07-09,13:20:00,10:20:00,Bisnis,153765,Tepat Waktu
JKA02784,Lodaya,KA852,Surabaya Pasarturi,Cirebon,2024-11-24,00:45:00,14:40:00,Bisnis,196100,Terlambat
JKA02126,Argo Parahyangan,KA736,Surabaya Gubeng,Cirebon,2025-01-08,04:40:00,19:15:00,Bisnis,,Waiting
JKA01284,Argo Bromo Anggrek,KA417,Surabaya Pasarturi,Cirebon,2025-04-20,00:50:00,09:55:00,Ekonomi,46635,Tepat Waktu
JKA02672,Argo Bromo Anggrek,KA82,Kediri,Cirebon,2025-02-11,22:45:00,20:45:00,Ekonomi,504692,Waiting
JKA00159,Argo Bromo Anggrek,KA52,Jakarta Kota,Cirebon,2025-05-20,02:40:00,23:55:00,Ekonomi,152483,Waiting
JKA00836,Argo Bromo Anggrek,KA983,Madiun,Cirebon,2025-03-01,17:00:00,17:50:00,Bisnis,104323,Terlambat
JKA02526,Argo Parahyangan,KA296,Bandung,Cirebon,2024-10-22,13:05:00,17:05:00,Bisnis,70191,Terlambat
JKA00682,Argo Parahyangan,KA472,Kediri,Cirebon,2025-01-19,17:55:00,20:35:00,Eksekutif,148938,Waiting
JKA00518,Argo Parahyangan,KA669,Yogyakarta,Cirebon,2024-04-13,16:55:00,10:50:00,Eksekutif,295366,Waiting
JKA01971,Argo Parahyangan,KA560,Semarang Tawang,Cirebon,2025-07-10,21:05:00,00:55:00,Eksekutif,50442,Terlambat
JKA00239,Argo Parahyangan,KA480,Madiun,Cirebon,2025-04-01,09:25:00,22:50:00,Eksekutif,404302,Waiting
JKA02915,Argo Parahyangan,KA795,Jakarta Kota,Cirebon,2025-07-11,04:45:00,08:00:00,Eksekutif,297831,Tepat Waktu
JKA00773,Argo Parahyangan,KA64,Purwokerto,Cirebon,2025-07-25,22:30:00,00:40:00,Eksekutif,198102,Dibatalkan
JKA00681,Argo Parahyangan,KA577,Gambir,Cirebon,2024-02-20,21:20:00,12:25:00,Eksekutif,253452,Tepat Waktu
JKA02467,Argo Parahyangan,KA610,Yogyakarta,Cirebon,2024-04-24,12:20:00,06:30:00,Ekonomi,249975,Terlambat
JKA02241,Argo Parahyangan,KA70,Bandung,Cirebon,2024-04-08,20:30:00,08:55:00,Bisnis,504293,Terlambat
JKA01353,Brantas,KA810,Kediri,Cirebon,2024-07-17,00:55:00,13:50:00,Eksekutif,496859,Waiting
JKA01398,Bengawan,KA532,Malang,Cirebon,2025-08-02,16:05:00,01:50:00,Bisnis,197664,Tepat Waktu
JKA00756,Bengawan,KA108,Jember,Cirebon,2025-07-13,17:40:00,12:35:00,Eksekutif,196304,Waiting
JKA00343,Bengawan,KA598,Madiun,Cirebon,2025-03-31,07:10:00,01:10:00,Ekonomi,303407,Dibatalkan
JKA02532,Bengawan,KA328,Pasar Senen,Cirebon,2024-07-02,01:30:00,03:05:00,Eksekutif,497638,Tepat Waktu
JKA02734,Bengawan,KA334,Jember,Cirebon,2024-09-01,02:45:00,21:55:00,Bisnis,49553,Terlambat
JKA02386,Bengawan,KA986,Kediri,Cirebon,2025-01-13,21:00:00,03:25:00,Eksekutif,97298,Tepat Waktu
JKA02391,Bengawan,KA313,Surabaya Pasarturi,Cirebon,2024-04-27,23:55:00,10:50:00,Eksekutif,398363,Tepat Waktu
JKA02433,Bengawan,KA574,Surabaya Pasarturi,Cirebon,2024-03-10,02:00:00,02:55:00,Eksekutif,77427,Waiting
JKA02618,Bengawan,KA11,Gambir,Cirebon,2024-01-19,10:50:00,12:50:00,Eksekutif,104846,Waiting
JKA01113,Bengawan,KA612,Pasar Senen,Cirebon,2024-10-24,05:50:00,19:40:00,Bisnis,199927,Waiting
JKA01124,Bengawan,KA806,Purwokerto,Cirebon,2024-03-26,23:40:00,07:45:00,Bisnis,79727,Tepat Waktu
JKA00354,Bima,KA917,Semarang Tawang,Cirebon,2025-08-10,12:15:00,02:40:00,Bisnis,396779,Waiting
JKA01535,Bima,KA265,Jakarta Kota,Cirebon,2025-06-20,03:25:00,00:35:00,Bisnis,95110,Terlambat
JKA00700,Bima,KA876,Semarang Tawang,Cirebon,2024-12-10,08:15:00,12:40:00,UNKNOWN,750091,Tepat Waktu
JKA02955,Bima,KA142,Gambir,Cirebon,2025-03-05,01:00:00,14:50:00,Eksekutif,75928,Tepat Waktu
JKA01371,Bima,KA480,Purwokerto,Cirebon,2025-03-14,19:15:00,23:10:00,Bisnis,745622,Terlambat
JKA01103,Brantas,KA144,Jakarta Kota,Cirebon,2025-03-19,06:45:00,19:40:00,Bisnis,79137,Dibatalkan
JKA00630,Brantas,KA363,Purwokerto,Cirebon,2024-03-02,03:25:00,09:30:00,Bisnis,154890,Terlambat
JKA02795,Brantas,KA373,Bandung,Cirebon,2025-07-02,17:50:00,01:30:00,UNKNOWN,100039,Terlambat
JKA01866,Brantas,KA881,Jember,Cirebon,2024-02-25,19:40:00,21:00:00,Eksekutif,496189,Dibatalkan
JKA00750,Brantas,KA121,Yogyakarta,Cirebon,2025-03-09,14:55:00,18:50:00,Bisnis,49376,Waiting
JKA01370,Brantas,KA553,Solo Balapan,Cirebon,2025-01-29,20:50:00,09:25:00,Ekonomi,197360,Waiting
JKA00242,Brantas,KA112,Madiun,Cirebon,2025-05-13,18:45:00,10:40:00,Eksekutif,397886,Terlambat
JKA02205,Gajayana,KA33,Pasar Senen,Cirebon,2024-05-11,13:25:00,03:40:00,Eksekutif,252480,Terlambat
JKA02640,Gajayana,KA272,Jember,Cirebon,2024-03-12,00:55:00,02:00:00,Eksekutif,70289,Tepat Waktu
JKA00660,Gajayana,KA40,Bandung,Cirebon,2024-05-19,15:40:00,03:45:00,Eksekutif,249031,Dibatalkan
JKA02788,Gajayana,KA616,Solo Balapan,Cirebon,2025-02-22,18:30:00,19:10:00,Ekonomi,297528,Tepat Waktu
JKA02375,Gajayana,KA9,Purwokerto,Cirebon,2024-06-23,11:05:00,15:45:00,Eksekutif,401553,Tepat Waktu
JKA02361,Gajayana,KA949,Jakarta Kota,Cirebon,2024-06-10,14:50:00,21:40:00,Bisnis,300817,Dibatalkan
JKA02134,Gajayana,KA48,Semarang Tawang,Cirebon,2024-05-20,13:40:00,00:20:00,Eksekutif,201191,Dibatalkan
JKA02882,Gaya Baru Malam,KA583,Bandung,Cirebon,2024-06-22,18:05:00,00:10:00,Ekonomi,153618,Waiting
JKA02302,Gaya Baru Malam,KA569,Jakarta Kota,Cirebon,2024-07-22,09:35:00,23:00:00,Eksekutif,49186,Waiting
JKA02031,Gaya Baru Malam,KA230,Pasar Senen,Cirebon,2024-03-05,05:15:00,17:35:00,Eksekutif,199975,Waiting
JKA02768,Gaya Baru Malam,KA477,Surabaya Pasarturi,Cirebon,2024-06-09,01:55:00,19:30:00,Eksekutif,153665,Waiting
JKA00041,Harina,KA262,Solo Balapan,Cirebon,2024-07-03,05:05:00,19:50:00,Eksekutif,747344,Tepat Waktu
JKA00978,Harina,KA195,Kediri,Cirebon,2024-07-02,04:55:00,19:55:00,Ekonomi,153448,Tepat Waktu
JKA02921,Harina,KA931,Gambir,Cirebon,2024-04-20,19:45:00,23:20:00,Eksekutif,146365,Dibatalkan
JKA02406,Harina,KA165,Pasar Senen,Cirebon,2025-02-28,11:40:00,02:30:00,Bisnis,748428,Terlambat
JKA00570,Harina,KA964,Yogyakarta,Cirebon,2025-01-18,14:55:00,16:10:00,Eksekutif,745635,Waiting
JKA02902,Jayabaya,KA588,Madiun,Cirebon,2024-01-15,12:50:00,00:00:00,Ekonomi,748874,Dibatalkan
JKA00906,Jayabaya,KA56,Semarang Tawang,Cirebon,2024-01-19,21:30:00,01:00:00,Ekonomi,98589,Tepat Waktu
JKA01479,Jayabaya,KA721,Yogyakarta,Cirebon,2025-08-19,16:05:00,03:20:00,Eksekutif,73545,Waiting
JKA00323,Jayabaya,KA533,Kediri,Cirebon,2025-03-28,20:30:00,09:05:00,Ekonomi,251389,Terlambat
JKA00301,Joglosemarkerto,KA898,Jakarta Kota,Cirebon,2025-02-24,14:35:00,08:10:00,Eksekutif,198254,Waiting
JKA01265,Joglosemarkerto,KA466,Kediri,Cirebon,2025-08-20,12:50:00,11:15:00,Bisnis,77825,Tepat Waktu
JKA01180,Joglosemarkerto,KA252,Kediri,Cirebon,2024-01-16,16:00:00,10:05:00,Eksekutif,504615,Waiting
JKA00696,Joglosemarkerto,KA22,Purwokerto,Cirebon,2025-04-12,16:20:00,17:25:00,Bisnis,749066,Dibatalkan
JKA02136,Joglosemarkerto,KA483,Yogyakarta,Cirebon,2024-10-15,22:30:00,15:30:00,Ekonomi,74811,Waiting
JKA00848,Kahuripan,KA783,Madiun,Cirebon,2025-02-15,13:15:00,21:55:00,Bisnis,297823,Waiting
JKA01736,Kahuripan,KA988,Surabaya Pasarturi,Cirebon,2024-07-17,06:30:00,11:50:00,Bisnis,301698,Terlambat
JKA01628,Kahuripan,KA397,Semarang Tawang,Cirebon,2025-04-04,23:50:00,04:15:00,Bisnis,302671,Waiting
JKA01844,Kahuripan,KA358,Yogyakarta,Cirebon,2025-06-04,18:45:00,02:30:00,Bisnis,72108,Terlambat
JKA01872,Kahuripan,KA334,Kediri,Cirebon,2025-03-18,13:10:00,15:15:00,Ekonomi,45201,Waiting
JKA02058,Kahuripan,KA427,Purwokerto,Cirebon,2024-05-13,21:35:00,19:30:00,Ekonomi,73849,Waiting
JKA02570,Kahuripan,KA554,Jember,Cirebon,2024-05-11,15:05:00,08:20:00,Eksekutif,71712,Tepat Waktu
JKA00831,Kahuripan,KA717,Kediri,Cirebon,2024-09-05,08:45:00,09:15:00,Eksekutif,195281,Waiting
JKA02264,Kahuripan,KA376,Jember,Cirebon,2024-06-20,10:05:00,08:35:00,Bisnis,749436,Tepat Waktu
JKA00437,Kaligung,KA260,Solo Balapan,Cirebon,2024-10-05,19:05:00,13:15:00,Ekonomi,77363,Terlambat
JKA00864,Kaligung,KA865,Bandung,Cirebon,2024-12-30,00:25:00,09:05:00,Eksekutif,748138,Waiting
JKA02963,Kaligung,KA789,Gambir,Cirebon,2025-05-22,15:15:00,11:05:00,Eksekutif,48941,Tepat Waktu
JKA00369,Kaligung,KA522,Purwokerto,Cirebon,2024-03-13,01:05:00,18:10:00,Eksekutif,299182,Dibatalkan
JKA01257,Kaligung,KA203,Purwokerto,Cirebon,2024-05-26,23:35:00,17:40:00,Ekonomi,70741,Tepat Waktu
JKA00530,Kaligung,KA919,Malang,Cirebon,2024-06-23,20:10:00,16:25:00,Eksekutif,397770,Tepat Waktu
JKA02198,Kaligung,KA243,Solo Balapan,Cirebon,2024-04-16,23:40:00,23:30:00,Ekonomi,199772,Terlambat
JKA00800,Kertajaya,KA56,Pasar Senen,Cirebon,2025-05-06,16:20:00,09:00:00,Ekonomi,97754,Tepat Waktu
JKA00148,Kertajaya,KA407,Pasar Senen,Cirebon,2024-01-30,06:15:00,07:00:00,Eksekutif,248262,Waiting
JKA01315,Kertajaya,KA633,Surabaya Pasarturi,Cirebon,2024-02-05,06:25:00,05:20:00,Bisnis,252277,Terlambat
JKA02376,Lodaya,KA472,Semarang Tawang,Cirebon,2024-05-05,23:15:00,06:05:00,Bisnis,252074,Waiting
JKA02567,Lodaya,KA370,Gambir,Cirebon,2024-11-14,05:20:00,20:55:00,Bisnis,72422,Terlambat
JKA01274,Lodaya,KA985,Jakarta Kota,Cirebon,2025-08-04,05:10:00,05:45:00,Eksekutif,199229,Waiting
JKA02858,Lodaya,KA523,Pasar Senen,Cirebon,2024-03-01,22:30:00,23:05:00,Eksekutif,253308,Waiting
JKA00048,Lodaya,KA17,Pasar Senen,Cirebon,2024-01-03,04:10:00,05:05:00,Bisnis,50869,Dibatalkan
JKA01414,Lodaya,KA582,Gambir,Cirebon,2025-02-07,01:10:00,14:10:00,Ekonomi,147841,Tepat Waktu
JKA02732,Lodaya,KA120,Surabaya Pasarturi,Cirebon,2025-02-05,00:35:00,05:40:00,Bisnis,397081,Tepat Waktu
JKA01523,Lodaya,KA539,Kediri,Cirebon,2025-06-12,11:05:00,11:35:00,Bisnis,,Terlambat
JKA00449,Lodaya,KA264,Gambir,Cirebon,2024-10-24,16:40:00,04:05:00,Ekonomi,252415,Terlambat
JKA00771,Lodaya,KA244,Madiun,Cirebon,2025-07-07,22:20:00,08:10:00,Eksekutif,498709,Terlambat
JKA01201,Lodaya,KA824,Madiun,Cirebon,2025-02-27,02:55:00,16:00:00,Bisnis,45844,Terlambat
JKA00948,Mutiara Selatan,KA96,Surabaya Gubeng,Cirebon,2024-03-17,23:05:00,07:25:00,Ekonomi,747910,Waiting
JKA00947,Malabar,KA914,Yogyakarta,Cirebon,2024-01-12,19:55:00,12:10:00,Eksekutif,101715,Waiting
JKA02899,Malabar,KA39,Purwokerto,Cirebon,2024-02-03,10:05:00,11:05:00,Eksekutif,249097,Tepat Waktu
JKA02242,Matarmaja,KA231,Bandung,Cirebon,2024-07-10,20:00:00,08:40:00,Ekonomi,502732,Terlambat
JKA00232,Matarmaja,KA2,Jember,Cirebon,2024-12-28,19:45:00,16:55:00,Eksekutif,104984,Terlambat
JKA00158,Matarmaja,KA303,Madiun,Cirebon,2024-04-30,03:05:00,06:45:00,Eksekutif,203571,Tepat Waktu
JKA01690,Matarmaja,KA765,Malang,Cirebon,2024-10-23,23:35:00,16:50:00,Ekonomi,753466,Tepat Waktu
JKA01623,Matarmaja,KA839,Bandung,Cirebon,2024-01-03,12:50:00,15:20:00,Ekonomi,303013,Tepat Waktu
JKA00874,Mutiara Selatan,KA115,Yogyakarta,Cirebon,2025-08-12,12:50:00,08:25:00,UNKNOWN,754422,Tepat Waktu
JKA01968,Mutiara Selatan,KA76,Surabaya Gubeng,Cirebon,2024-03-22,18:40:00,10:40:00,Ekonomi,495134,Tepat Waktu
JKA01458,Mutiara Selatan,KA277,Gambir,Cirebon,2025-07-07,03:30:00,07:35:00,Eksekutif,96571,Waiting
JKA02829,Mutiara Selatan,KA162,Bandung,Cirebon,2025-06-17,17:05:00,06:45:00,Eksekutif,397434,Terlambat
JKA02482,Mutiara Selatan,KA463,Purwokerto,Cirebon,2025-08-04,08:25:00,02:00:00,Eksekutif,153263,Waiting
JKA02808,Mutiara Selatan,KA235,Kediri,Cirebon,2024-09-27,00:05:00,01:40:00,Eksekutif,401022,Terlambat
JKA02394,Mutiara Selatan,KA88,Gambir,Cirebon,2024-03-12,00:30:00,12:45:00,Ekonomi,498538,Terlambat
JKA01451,Mutiara Selatan,KA221,Semarang Tawang,Cirebon,2024-01-22,04:35:00,22:10:00,Ekonomi,752032,Dibatalkan
JKA01339,Mutiara Selatan,KA443,Pasar Senen,Cirebon,2024-03-30,06:20:00,08:40:00,Eksekutif,73311,Terlambat
JKA01167,Mutiara Selatan,KA621,Jember,Cirebon,2024-04-02,14:55:00,05:20:00,Ekonomi,,Dibatalkan
JKA02836,Pasundan,KA373,Pasar Senen,Cirebon,2025-01-07,14:10:00,14:35:00,Eksekutif,504138,Tepat Waktu
JKA00712,Pasundan,KA866,Bandung,Cirebon,2024-03-06,15:45:00,12:40:00,Eksekutif,754414,Waiting
JKA00564,Pasundan,KA374,Jember,Cirebon,2024-07-15,05:40:00,20:45:00,Bisnis,200963,Dibatalkan
JKA02888,Pasundan,KA711,Bandung,Cirebon,2024-10-12,04:15:00,10:55:00,Bisnis,396302,Waiting
JKA00639,Pasundan,KA461,Bandung,Cirebon,2025-02-26,12:20:00,00:25:00,Bisnis,48531,Terlambat
JKA01792,Pasundan,KA22,Solo Balapan,Cirebon,2024-03-16,13:45:00,16:00:00,Ekonomi,497325,Tepat Waktu
JKA01427,Pasundan,KA640,Gambir,Cirebon,2024-01-11,03:35:00,21:30:00,Bisnis,77012,Waiting
JKA02712,Pasundan,KA291,Purwokerto,Cirebon,2025-06-09,11:10:00,19:10:00,Eksekutif,47982,Terlambat
JKA02999,Pasundan,KA586,Solo Balapan,Cirebon,2025-04-01,16:05:00,20:40:00,Eksekutif,398961,Tepat Waktu
JKA01975,Pasundan,KA616,Purwokerto,Cirebon,2024-01-28,10:40:00,11:15:00,Bisnis,104617,Terlambat
JKA01026,Progo,KA378,Yogyakarta,Cirebon,2024-05-30,07:05:00,17:55:00,Bisnis,47239,Terlambat
JKA02838,Progo,KA97,Bandung,Cirebon,2025-07-08,05:50:00,01:50:00,Ekonomi,252755,Waiting
JKA00009,Progo,KA56,Pasar Senen,Cirebon,2025-08-13,07:35:00,06:05:00,Bisnis,300804,Waiting
JKA00645,Progo,KA430,Gambir,Cirebon,2024-11-03,03:10:00,07:15:00,Bisnis,78883,Tepat Waktu
JKA02949,Progo,KA138,Gambir,Cirebon,2024-08-11,19:05:00,22:05:00,Ekonomi,750488,Waiting
JKA02368,Progo,KA889,Jakarta Kota,Cirebon,2025-07-17,04:10:00,07:05:00,Eksekutif,245572,Tepat Waktu
JKA01610,Progo,KA897,Purwokerto,Cirebon,2025-02-22,02:45:00,07:00:00,Bisnis,395834,Terlambat
JKA00592,Progo,KA997,Malang,Cirebon,2024-07-09,09:55:00,14:10:00,Eksekutif,98239,Terlambat
JKA02060,Progo,KA763,Jakarta Kota,Cirebon,2025-02-27,03:25:00,10:15:00,Ekonomi,147933,Tepat Waktu
JKA02272,Sembrani,KA961,Purwokerto,Cirebon,2024-08-26,19:45:00,16:45:00,Ekonomi,245203,Tepat Waktu
JKA01152,Serayu,KA441,Kediri,Cirebon,2024-12-14,04:40:00,06:20:00,Bisnis,751585,Tepat Waktu
JKA01945,Sancaka,KA414,Surabaya Gubeng,Cirebon,2025-04-01,00:50:00,17:45:00,Eksekutif,254642,Dibatalkan
JKA00727,Sancaka,KA333,Pasar Senen,Cirebon,2024-08-07,05:05:00,10:50:00,Bisnis,198871,Terlambat
JKA00913,Sancaka,KA319,Surabaya Pasarturi,Cirebon,2025-03-05,12:30:00,00:25:00,Eksekutif,70716,Dibatalkan
JKA01276,Sancaka,KA423,Pasar Senen,Cirebon,2024-02-23,11:45:00,22:10:00,Bisnis,201392,Tepat Waktu
JKA01437,Sancaka,KA837,Surabaya Pasarturi,Cirebon,2024-01-22,09:05:00,04:35:00,Bisnis,401509,Dibatalkan
JKA02918,Sancaka,KA480,Semarang Tawang,Cirebon,2024-07-03,01:00:00,21:20:00,Bisnis,749366,Terlambat
JKA02864,Sancaka,KA713,Surabaya Pasarturi,Cirebon,2025-07-19,13:50:00,02:25:00,Eksekutif,96985,Tepat Waktu
JKA01135,Sancaka,KA960,Madiun,Cirebon,2024-04-26,15:00:00,10:45:00,Ekonomi,70715,Waiting
JKA01106,Sembrani,KA379,Semarang Tawang,Cirebon,2025-05-03,14:10:00,10:45:00,Eksekutif,195408,Terlambat
JKA02364,Sembrani,KA536,Jember,Cirebon,2024-06-20,05:55:00,18:50:00,Ekonomi,401526,Terlambat
JKA00933,Sembrani,KA164,Surabaya Pasarturi,Cirebon,2024-07-22,05:30:00,05:20:00,Eksekutif,748667,Tepat Waktu
JKA00994,Sembrani,KA960,Malang,Cirebon,2024-02-25,23:35:00,18:55:00,Eksekutif,504430,Waiting
JKA01254,Serayu,KA144,Surabaya Gubeng,Cirebon,2024-05-10,16:40:00,08:35:00,Ekonomi,501252,Dibatalkan
JKA01090,Serayu,KA339,Surabaya Gubeng,Cirebon,2025-06-05,09:10:00,12:50:00,Eksekutif,402896,Waiting
JKA00698,Serayu,KA4,Jember,Cirebon,2024-08-13,21:50:00,20:15:00,Bisnis,495286,Waiting
JKA00898,Serayu,KA956,Bandung,Cirebon,2024-02-03,09:45:00,02:30:00,Eksekutif,51613,Terlambat
JKA02040,Taksaka,KA338,Bandung,Cirebon,2025-01-21,00:55:00,01:55:00,Ekonomi,303368,Waiting
JKA00733,Taksaka,KA420,Bandung,Cirebon,2024-04-27,12:00:00,23:10:00,Bisnis,96934,Tepat Waktu
JKA00363,Taksaka,KA326,Kediri,Cirebon,2025-05-26,22:40:00,08:05:00,Bisnis,297177,Waiting
JKA02304,Taksaka,KA220,Madiun,Cirebon,2024-08-19,08:25:00,01:20:00,UNKNOWN,246462,Tepat Waktu
JKA02527,Taksaka,KA493,Jember,Cirebon,2024-12-17,20:50:00,01:05:00,Bisnis,504816,Tepat Waktu
JKA00331,Taksaka,KA555,Solo Balapan,Cirebon,2024-02-16,00:25:00,05:30:00,Eksekutif,500199,Tepat Waktu
JKA01129,Tawang Jaya,KA264,Solo Balapan,Cirebon,2024-01-13,23:40:00,20:35:00,UNKNOWN,95756,Tepat Waktu
JKA02177,Tawang Jaya,UNKNOWN,Jakarta Kota,Cirebon,2024-02-12,03:55:00,03:05:00,Bisnis,304278,Terlambat
JKA01783,Tawang Jaya,KA779,Kediri,Cirebon,2025-04-13,18:05:00,09:40:00,Eksekutif,54411,Waiting
JKA02377,Tawang Jaya,KA298,Gambir,Cirebon,2024-09-16,08:35:00,02:30:00,Ekonomi,753818,Terlambat
JKA00975,Tawang Jaya,KA638,Semarang Tawang,Cirebon,2024-06-03,16:10:00,10:15:00,Ekonomi,401989,Tepat Waktu
JKA00214,Tawang Jaya,KA95,Jember,Cirebon,2025-08-08,03:00:00,11:10:00,Ekonomi,254538,Dibatalkan
JKA00279,Tawang Jaya,KA652,Madiun,Cirebon,2024-01-18,05:45:00,04:25:00,Bisnis,100855,Tepat Waktu
JKA01233,Tawang Jaya,KA478,Surabaya Pasarturi,Cirebon,2024-06-06,07:30:00,01:45:00,Bisnis,195960,Terlambat
JKA01822,Turangga,KA992,Surabaya Pasarturi,Cirebon,2024-03-29,20:25:00,18:15:00,Eksekutif,749704,Terlambat
JKA02158,Turangga,KA201,Surabaya Pasarturi,Cirebon,2025-04-09,19:35:00,20:00:00,Eksekutif,748534,Waiting
JKA01773,Turangga,UNKNOWN,Malang,Cirebon,2024-03-20,00:15:00,18:50:00,Eksekutif,296597,Tepat Waktu
JKA00388,Turangga,KA693,Surabaya Gubeng,Cirebon,2025-01-02,04:55:00,02:40:00,Ekonomi,297675,Dibatalkan
JKA02538,Turangga,KA19,Jakarta Kota,Cirebon,2024-07-28,23:25:00,12:40:00,Eksekutif,47561,Terlambat
JKA00957,UNKNOWN,KA451,Solo Balapan,Gambir,2024-12-11,07:55:00,14:20:00,Ekonomi,499024,Waiting
JKA02127,UNKNOWN,KA187,Purwokerto,Gambir,2024-07-01,18:30:00,16:45:00,Bisnis,500934,Waiting
JKA01020,UNKNOWN,KA665,Cirebon,Gambir,2024-12-07,17:40:00,04:45:00,Eksekutif,78368,Tepat Waktu
JKA02897,UNKNOWN,UNKNOWN,Pasar Senen,Gambir,2024-02-18,23:55:00,06:00:00,Bisnis,145798,Terlambat
JKA02870,UNKNOWN,KA245,Jember,Gambir,2024-08-25,12:35:00,22:00:00,Eksekutif,304862,Tepat Waktu
JKA01676,UNKNOWN,KA290,Madiun,Gambir,2025-06-17,10:40:00,10:50:00,Ekonomi,,Terlambat
JKA02236,Argo Parahyangan,KA919,Malang,Gambir,2024-05-19,11:55:00,15:30:00,Eksekutif,304224,Tepat Waktu
JKA00387,Brantas,KA552,Surabaya Pasarturi,Gambir,2025-06-15,21:40:00,04:45:00,Bisnis,253563,Terlambat
JKA00589,Pasundan,KA435,Cirebon,Gambir,2024-11-05,06:35:00,12:00:00,Bisnis,300499,Waiting
JKA01891,Pasundan,KA411,Madiun,Gambir,2024-04-24,11:00:00,10:05:00,Eksekutif,402752,Dibatalkan
JKA00679,Sembrani,KA916,Kediri,Gambir,2024-01-28,23:00:00,10:10:00,Eksekutif,152877,Waiting
JKA01909,Sembrani,KA203,Surabaya Gubeng,Gambir,2025-06-21,08:45:00,20:05:00,Ekonomi,401757,Tepat Waktu
JKA01236,Argo Bromo Anggrek,KA333,Purwokerto,Gambir,2025-03-18,14:30:00,20:20:00,Bisnis,403245,Waiting
JKA01522,Argo Bromo Anggrek,KA356,Madiun,Gambir,2024-01-01,15:10:00,00:40:00,Eksekutif,96986,Dibatalkan
JKA01279,Argo Bromo Anggrek,KA819,Surabaya Gubeng,Gambir,2025-06-04,18:10:00,20:40:00,Ekonomi,398656,Terlambat
JKA00344,Argo Bromo Anggrek,KA479,Yogyakarta,Gambir,2024-08-31,13:25:00,06:50:00,Eksekutif,75595,Waiting
JKA01900,Argo Bromo Anggrek,KA596,Kediri,Gambir,2024-08-20,00:05:00,20:35:00,Eksekutif,304707,Waiting
JKA01614,Argo Bromo Anggrek,KA66,Jember,Gambir,2025-03-15,16:50:00,04:50:00,Ekonomi,248274,Waiting
JKA02737,Argo Bromo Anggrek,KA232,Yogyakarta,Gambir,2025-05-03,07:00:00,14:10:00,Eksekutif,751941,Tepat Waktu
JKA00984,Argo Parahyangan,KA645,Malang,Gambir,2025-06-01,01:45:00,01:50:00,Ekonomi,746518,Waiting
JKA00793,Argo Parahyangan,KA491,Cirebon,Gambir,2024-01-20,18:30:00,02:40:00,Bisnis,402823,Terlambat
JKA02691,Argo Parahyangan,KA365,Pasar Senen,Gambir,2025-01-29,07:25:00,11:50:00,Ekonomi,204791,Tepat Waktu
JKA00416,Argo Parahyangan,KA535,Yogyakarta,Gambir,2025-02-09,21:35:00,18:40:00,Bisnis,151941,Tepat Waktu
JKA02976,Argo Parahyangan,KA607,Kediri,Gambir,2024-01-13,01:35:00,16:40:00,Bisnis,102847,Dibatalkan
JKA02320,Argo Parahyangan,KA872,Cirebon,Gambir,2024-05-25,11:35:00,11:00:00,Eksekutif,49207,Tepat Waktu
JKA00503,Argo Parahyangan,KA827,Solo Balapan,Gambir,2024-09-16,20:00:00,22:35:00,Eksekutif,102756,Terlambat
JKA01099,Brantas,KA347,Kediri,Gambir,2024-05-24,17:30:00,02:20:00,Eksekutif,50236,Waiting
JKA00759,Bengawan,KA49,Cirebon,Gambir,2025-01-23,00:00:00,19:50:00,Eksekutif,99894,Terlambat
JKA01573,Bengawan,KA707,Pasar Senen,Gambir,2024-03-27,05:35:00,14:50:00,Bisnis,103986,Waiting
JKA01401,Bengawan,KA406,Yogyakarta,Gambir,2025-04-28,06:05:00,22:30:00,Ekonomi,146683,Waiting
JKA01924,Bengawan,KA761,Jember,Gambir,2024-10-22,09:50:00,06:30:00,Ekonomi,502289,Waiting
JKA02555,Bengawan,KA760,Kediri,Gambir,2024-08-04,08:45:00,08:35:00,Ekonomi,150504,Tepat Waktu
JKA00637,Bengawan,KA466,Pasar Senen,Gambir,2025-02-07,05:00:00,04:10:00,Eksekutif,751016,Terlambat
JKA00716,Bengawan,KA314,Semarang Tawang,Gambir,2025-05-16,12:40:00,00:45:00,Eksekutif,399707,Terlambat
JKA02650,Bengawan,KA255,Madiun,Gambir,2025-03-12,20:05:00,09:55:00,Ekonomi,54302,Terlambat
JKA01494,Bengawan,KA648,Surabaya Pasarturi,Gambir,2025-07-11,14:00:00,16:20:00,Eksekutif,304013,Waiting
JKA01454,Bima,KA866,Pasar Senen,Gambir,2024-09-04,20:35:00,04:35:00,Eksekutif,45126,Waiting
JKA01218,Bima,KA604,Malang,Gambir,2025-03-29,14:35:00,14:00:00,Ekonomi,751656,Tepat Waktu
JKA00504,Bima,UNKNOWN,Bandung,Gambir,2025-03-30,10:05:00,06:50:00,Ekonomi,247772,Dibatalkan
JKA02889,Bima,KA408,Semarang Tawang,Gambir,2025-08-18,09:20:00,02:35:00,Bisnis,748508,Tepat Waktu
JKA00365,Bima,KA255,Kediri,Gambir,2025-06-17,20:20:00,07:55:00,Ekonomi,148372,Waiting
JKA02731,Bima,KA378,Kediri,Gambir,2025-03-25,21:00:00,21:45:00,Ekonomi,502588,Terlambat
JKA01125,Bima,KA7,Malang,Gambir,2025-03-28,11:45:00,11:15:00,Ekonomi,200206,Terlambat
JKA01387,Bima,KA65,Pasar Senen,Gambir,2025-02-01,02:30:00,15:50:00,Bisnis,71931,Waiting
JKA02162,Bima,KA659,Bandung,Gambir,2024-02-04,06:30:00,17:25:00,Eksekutif,198918,Tepat Waktu
JKA02828,Bima,KA931,Jember,Gambir,2024-07-25,18:30:00,06:25:00,Bisnis,253266,Tepat Waktu
JKA00068,Bima,KA293,Malang,Gambir,2024-10-27,01:15:00,10:20:00,Eksekutif,502756,Terlambat
JKA02311,Bima,KA431,Madiun,Gambir,2024-03-07,07:45:00,00:45:00,Ekonomi,45777,Waiting
JKA02582,Bima,KA815,Pasar Senen,Gambir,2025-08-07,19:20:00,11:50:00,Eksekutif,753624,Tepat Waktu
JKA01558,Bima,KA684,Bandung,Gambir,2024-07-24,20:10:00,21:15:00,Bisnis,751050,Waiting
JKA02677,Bima,KA588,Purwokerto,Gambir,2024-06-27,16:35:00,01:15:00,Ekonomi,401430,Tepat Waktu
JKA00084,Bima,KA952,Surabaya Gubeng,Gambir,2025-06-27,20:15:00,03:30:00,Bisnis,396647,Terlambat
JKA00131,Brantas,KA876,Cirebon,Gambir,2024-08-08,04:05:00,11:30:00,Bisnis,199262,Tepat Waktu
JKA02771,Brantas,KA830,Surabaya Gubeng,Gambir,2025-01-27,00:40:00,10:50:00,Eksekutif,196985,Tepat Waktu
JKA00726,Brantas,KA223,Solo Balapan,Gambir,2025-07-16,22:35:00,20:35:00,Eksekutif,398523,Waiting
JKA00580,Brantas,KA397,Cirebon,Gambir,2025-01-31,07:50:00,18:40:00,Eksekutif,404363,Terlambat
JKA00795,Gajayana,KA860,Cirebon,Gambir,2024-07-10,07:15:00,10:05:00,Eksekutif,54360,Waiting
JKA00717,Gajayana,KA335,Yogyakarta,Gambir,2024-07-22,18:15:00,01:05:00,Bisnis,300039,Tepat Waktu
JKA00077,Gajayana,KA510,Bandung,Gambir,2024-10-24,19:30:00,05:25:00,Bisnis,103163,Dibatalkan
JKA01248,Gajayana,KA34,Solo Balapan,Gambir,2024-12-25,12:15:00,07:05:00,Bisnis,398432,Waiting
JKA00402,Gajayana,KA197,Bandung,Gambir,2025-08-23,06:55:00,03:05:00,Ekonomi,398309,Terlambat
JKA00162,Gaya Baru Malam,UNKNOWN,Semarang Tawang,Gambir,2025-06-21,21:25:00,13:50:00,Eksekutif,251305,Terlambat
JKA01406,Gaya Baru Malam,KA876,Surabaya Pasarturi,Gambir,2025-04-15,07:30:00,13:25:00,Eksekutif,52361,Terlambat
JKA01194,Gaya Baru Malam,KA269,Purwokerto,Gambir,2024-04-22,10:50:00,14:35:00,Eksekutif,199306,Waiting
JKA01811,Gaya Baru Malam,KA753,Madiun,Gambir,2025-06-20,05:50:00,11:45:00,Eksekutif,202623,Terlambat
JKA00143,Gaya Baru Malam,KA704,Cirebon,Gambir,2024-06-03,02:50:00,17:30:00,Ekonomi,51342,Terlambat
JKA01657,Gaya Baru Malam,KA625,Cirebon,Gambir,2025-08-12,14:40:00,19:20:00,Eksekutif,300511,Waiting
JKA02596,Gaya Baru Malam,KA31,Madiun,Gambir,2024-10-28,17:30:00,06:10:00,Eksekutif,501434,Tepat Waktu
JKA01366,Gaya Baru Malam,KA126,Kediri,Gambir,2025-01-25,10:05:00,16:25:00,Bisnis,99452,Dibatalkan
JKA02701,Gaya Baru Malam,KA829,Purwokerto,Gambir,2025-04-04,12:25:00,10:25:00,Ekonomi,153294,Waiting
JKA02315,Gaya Baru Malam,KA890,Semarang Tawang,Gambir,2025-06-30,10:25:00,10:30:00,Ekonomi,203753,Waiting
JKA00578,Gaya Baru Malam,KA924,Kediri,Gambir,2025-05-30,06:55:00,01:45:00,Bisnis,249109,Terlambat
JKA00825,Gaya Baru Malam,KA668,Solo Balapan,Gambir,2025-08-02,06:05:00,13:35:00,Bisnis,79862,Tepat Waktu
JKA02694,Harina,KA340,Kediri,Gambir,2024-02-07,14:40:00,08:05:00,Ekonomi,53158,Terlambat
JKA02987,Harina,KA240,Jakarta Kota,Gambir,2025-07-20,18:50:00,21:10:00,Bisnis,48371,Waiting
JKA02065,Harina,KA528,Surabaya Pasarturi,Gambir,2024-11-23,23:05:00,07:55:00,Eksekutif,,Dibatalkan
JKA00235,Harina,KA879,Jakarta Kota,Gambir,2024-12-13,20:40:00,18:45:00,Bisnis,746914,Waiting
JKA01250,Harina,KA867,Semarang Tawang,Gambir,2024-02-29,09:45:00,16:55:00,Bisnis,754603,Terlambat
JKA01972,Jayabaya,KA172,Surabaya Gubeng,Gambir,2025-04-10,01:40:00,13:45:00,Bisnis,154671,Tepat Waktu
JKA02308,Jayabaya,KA430,Malang,Gambir,2025-01-09,02:10:00,10:30:00,Eksekutif,196652,Tepat Waktu
JKA01636,Jayabaya,KA524,Jember,Gambir,2024-07-26,08:50:00,14:05:00,Eksekutif,501384,Waiting
JKA01312,Jayabaya,KA330,Yogyakarta,Gambir,2024-03-24,21:10:00,11:45:00,Ekonomi,400468,Tepat Waktu
JKA01348,Jayabaya,KA442,Jember,Gambir,2024-02-03,22:15:00,08:35:00,Ekonomi,201771,Terlambat
JKA02118,Jayabaya,KA684,Kediri,Gambir,2024-07-24,08:35:00,12:15:00,Eksekutif,404344,Tepat Waktu
JKA01311,Jayabaya,UNKNOWN,Purwokerto,Gambir,2024-12-01,02:00:00,01:50:00,Eksekutif,78132,Waiting
JKA00655,Jayabaya,KA440,Purwokerto,Gambir,2025-05-23,17:50:00,03:15:00,Ekonomi,247903,Waiting
JKA02690,Joglosemarkerto,KA711,Surabaya Pasarturi,Gambir,2024-01-29,16:55:00,05:20:00,Ekonomi,149601,Waiting
JKA02217,Joglosemarkerto,KA455,Bandung,Gambir,2025-07-06,20:50:00,22:45:00,Eksekutif,200199,Terlambat
JKA02449,Joglosemarkerto,KA955,Purwokerto,Gambir,2024-07-19,01:15:00,06:25:00,Bisnis,74084,Terlambat
JKA00456,Joglosemarkerto,KA340,Purwokerto,Gambir,2025-04-18,01:05:00,08:50:00,Ekonomi,746595,Waiting
JKA00976,Joglosemarkerto,KA441,Jakarta Kota,Gambir,2025-01-13,17:10:00,02:35:00,Bisnis,52349,Terlambat
JKA00163,Joglosemarkerto,KA324,Surabaya Pasarturi,Gambir,2025-06-03,17:50:00,12:15:00,Eksekutif,404388,Tepat Waktu
JKA00600,Joglosemarkerto,KA981,Purwokerto,Gambir,2024-12-01,19:35:00,08:25:00,Ekonomi,753786,Terlambat
JKA01926,Joglosemarkerto,KA102,Surabaya Gubeng,Gambir,2025-01-25,13:25:00,16:15:00,Bisnis,76066,Dibatalkan
JKA02474,Joglosemarkerto,KA822,Solo Balapan,Gambir,2025-02-13,20:20:00,05:15:00,Ekonomi,253826,Waiting
JKA01789,Kahuripan,KA510,Kediri,Gambir,2025-04-05,15:55:00,04:40:00,Eksekutif,304368,Terlambat
JKA00677,Kahuripan,KA247,Pasar Senen,Gambir,2024-08-23,17:35:00,20:45:00,Eksekutif,497945,Terlambat
JKA02767,Kahuripan,KA725,Yogyakarta,Gambir,2024-01-30,17:45:00,07:20:00,Bisnis,396541,Waiting
JKA01240,Kahuripan,KA877,Madiun,Gambir,2024-10-06,04:50:00,10:30:00,Eksekutif,79727,Dibatalkan
JKA02420,Kahuripan,KA672,Purwokerto,Gambir,2024-03-12,08:30:00,07:40:00,Ekonomi,249651,Terlambat
JKA02334,Kahuripan,KA861,Yogyakarta,Gambir,2024-07-05,10:50:00,04:50:00,Eksekutif,151279,Dibatalkan
JKA00889,Kaligung,KA381,Yogyakarta,Gambir,2024-10-01,02:00:00,22:55:00,Bisnis,749458,Dibatalkan
JKA02839,Kaligung,KA643,Yogyakarta,Gambir,2025-02-21,12:10:00,13:50:00,Eksekutif,103212,Terlambat
JKA02245,Kaligung,KA83,Jakarta Kota,Gambir,2024-05-07,04:35:00,08:35:00,Eksekutif,198068,Terlambat
JKA01911,Kaligung,KA32,Solo Balapan,Gambir,2024-06-07,09:45:00,15:10:00,Bisnis,203695,Waiting
JKA00360,Kaligung,KA831,Kediri,Gambir,2024-10-06,14:25:00,06:55:00,Bisnis,498541,Waiting
JKA01039,Kaligung,KA412,Yogyakarta,Gambir,2025-02-17,15:00:00,10:05:00,Ekonomi,754279,Waiting
JKA00160,Kaligung,KA411,Pasar Senen,Gambir,2024-01-10,21:50:00,10:25:00,Ekonomi,196522,Tepat Waktu
JKA00506,Kaligung,KA183,Purwokerto,Gambir,2024-06-22,06:50:00,14:05:00,Ekonomi,147174,Dibatalkan
JKA02451,Kertajaya,KA70,Purwokerto,Gambir,2025-03-05,00:20:00,14:40:00,Bisnis,48646,Terlambat
JKA00866,Kertajaya,KA189,Surabaya Pasarturi,Gambir,2025-01-21,04:05:00,11:45:00,Eksekutif,397243,Terlambat
JKA01237,Kertajaya,KA218,Madiun,Gambir,2025-03-19,11:20:00,19:15:00,Bisnis,751557,Waiting
JKA01178,Kertajaya,KA363,Semarang Tawang,Gambir,2025-08-16,08:05:00,13:30:00,Bisnis,46536,Waiting
JKA00777,Kertajaya,KA440,Kediri,Gambir,2025-06-24,17:30:00,15:40:00,Eksekutif,746190,Terlambat
JKA00398,Kertajaya,KA492,Kediri,Gambir,2024-05-09,11:40:00,21:15:00,Bisnis,252039,Tepat Waktu
JKA02296,Lodaya,KA585,Semarang Tawang,Gambir,2025-04-10,18:25:00,09:20:00,Eksekutif,102225,Waiting
JKA00989,Lodaya,KA845,Yogyakarta,Gambir,2024-09-25,05:55:00,14:25:00,Bisnis,751007,Waiting
JKA01419,Lodaya,KA948,Pasar Senen,Gambir,2024-08-30,11:20:00,15:40:00,Ekonomi,153717,Dibatalkan
JKA02833,Lodaya,KA364,Pasar Senen,Gambir,2024-03-02,04:25:00,07:20:00,Bisnis,752937,Terlambat
JKA02434,Malabar,KA45,Jember,Gambir,2024-07-09,05:20:00,22:40:00,Ekonomi,395143,Tepat Waktu
JKA00888,Malabar,KA947,Cirebon,Gambir,2024-04-25,06:40:00,00:10:00,Eksekutif,100712,Tepat Waktu
JKA00629,Malabar,KA43,Surabaya Pasarturi,Gambir,2025-03-13,19:05:00,13:30:00,Eksekutif,97967,Tepat Waktu
JKA02008,Matarmaja,KA862,Jember,Gambir,2025-08-06,01:55:00,18:30:00,Eksekutif,49069,Terlambat
JKA00353,Matarmaja,KA414,Jember,Gambir,2025-01-18,18:10:00,23:00:00,Eksekutif,250567,Waiting
JKA00891,Matarmaja,KA409,Cirebon,Gambir,2024-02-06,09:30:00,03:55:00,Bisnis,,Terlambat
JKA01484,Matarmaja,KA224,Surabaya Pasarturi,Gambir,2025-07-06,15:10:00,01:35:00,Bisnis,,Waiting
JKA00155,Matarmaja,KA133,Solo Balapan,Gambir,2024-02-08,23:25:00,10:40:00,Eksekutif,49076,Dibatalkan
JKA02000,Matarmaja,KA612,Surabaya Pasarturi,Gambir,2025-07-04,14:45:00,06:30:00,Ekonomi,54041,Tepat Waktu
JKA02059,Mutiara Selatan,KA299,Solo Balapan,Gambir,2025-08-06,02:30:00,03:05:00,Eksekutif,,Tepat Waktu
JKA02496,Mutiara Selatan,KA852,Madiun,Gambir,2024-05-14,05:35:00,01:55:00,Eksekutif,147064,Waiting
JKA00974,Mutiara Selatan,KA554,Jakarta Kota,Gambir,2024-10-18,06:20:00,00:15:00,Ekonomi,103905,Terlambat
JKA02170,Mutiara Selatan,KA336,Purwokerto,Gambir,2024-11-06,12:40:00,15:25:00,Ekonomi,204587,Terlambat
JKA02715,Mutiara Selatan,KA342,Purwokerto,Gambir,2024-08-05,12:15:00,21:55:00,Bisnis,303378,Tepat Waktu
JKA01217,Mutiara Selatan,KA747,Purwokerto,Gambir,2024-07-27,19:40:00,21:30:00,Bisnis,295186,Terlambat
JKA01222,Mutiara Selatan,KA173,Kediri,Gambir,2025-05-06,17:40:00,17:30:00,Bisnis,95688,Waiting
JKA02928,Mutiara Selatan,KA739,Bandung,Gambir,2025-03-12,00:50:00,09:45:00,Eksekutif,304465,Dibatalkan
JKA00641,Mutiara Selatan,KA26,Malang,Gambir,2025-05-05,11:25:00,09:40:00,Eksekutif,72391,Tepat Waktu
JKA02421,Mutiara Selatan,KA899,Yogyakarta,Gambir,2025-01-01,01:40:00,00:45:00,Bisnis,97482,Dibatalkan
JKA01741,Pasundan,KA429,Purwokerto,Gambir,2025-02-08,22:45:00,01:45:00,Bisnis,248013,Tepat Waktu
JKA00019,Pasundan,KA754,Jakarta Kota,Gambir,2024-11-07,06:30:00,14:35:00,Bisnis,153375,Waiting
JKA01429,Pasundan,KA282,Surabaya Gubeng,Gambir,2024-06-18,11:30:00,08:00:00,Eksekutif,404785,Dibatalkan
JKA02831,Pasundan,KA283,Bandung,Gambir,2025-04-26,15:40:00,16:45:00,Eksekutif,248337,Tepat Waktu
JKA01093,Progo,KA222,Surabaya Gubeng,Gambir,2024-03-03,14:05:00,02:00:00,Bisnis,197307,Tepat Waktu
JKA01818,Progo,KA353,Kediri,Gambir,2025-07-08,05:35:00,00:30:00,Ekonomi,103214,Terlambat
JKA01412,Progo,KA423,Jakarta Kota,Gambir,2024-02-03,02:05:00,19:05:00,Ekonomi,495003,Terlambat
JKA01762,Progo,KA900,Cirebon,Gambir,2025-06-06,12:40:00,02:05:00,Bisnis,77542,Terlambat
JKA02498,Progo,KA982,Semarang Tawang,Gambir,2024-11-23,09:25:00,03:40:00,Bisnis,72435,Tepat Waktu
JKA02016,Progo,KA737,Yogyakarta,Gambir,2025-03-25,10:55:00,17:50:00,Ekonomi,99925,Tepat Waktu
JKA02428,Progo,KA458,Bandung,Gambir,2024-09-25,18:05:00,19:00:00,Eksekutif,197796,Waiting
JKA01267,Progo,KA140,Pasar Senen,Gambir,2025-03-16,11:25:00,15:15:00,Eksekutif,747052,Tepat Waktu
JKA02171,Progo,KA925,Surabaya Gubeng,Gambir,2025-06-07,10:40:00,17:30:00,Ekonomi,749285,Terlambat
JKA01625,Progo,KA14,Purwokerto,Gambir,2025-07-31,16:00:00,00:05:00,Eksekutif,75168,Waiting
JKA02490,Sancaka,KA228,Solo Balapan,Gambir,2024-12-29,06:40:00,08:45:00,Eksekutif,197975,Waiting
JKA01679,Sancaka,KA430,Yogyakarta,Gambir,2024-09-07,02:55:00,23:30:00,Eksekutif,253117,Waiting
JKA00332,Sancaka,KA601,Yogyakarta,Gambir,2024-02-29,12:05:00,04:30:00,Ekonomi,296981,Terlambat
JKA01424,Sancaka,KA905,Malang,Gambir,2025-02-17,10:30:00,01:35:00,Bisnis,496961,Terlambat
JKA01802,Sancaka,KA973,Surabaya Pasarturi,Gambir,2024-01-01,02:15:00,10:20:00,Eksekutif,47802,Tepat Waktu
JKA00345,Sancaka,KA340,Pasar Senen,Gambir,2025-05-22,00:50:00,22:15:00,UNKNOWN,148916,Waiting
JKA01450,Sancaka,KA373,Madiun,Gambir,2024-10-12,06:15:00,00:30:00,Bisnis,496268,Tepat Waktu
JKA01850,Sancaka,KA759,Cirebon,Gambir,2024-04-13,11:05:00,19:55:00,Bisnis,399654,Waiting
JKA02268,Sembrani,KA881,Jember,Gambir,2024-03-19,06:00:00,05:05:00,Bisnis,750541,Tepat Waktu
JKA00097,Sembrani,KA252,Solo Balapan,Gambir,2025-07-30,23:10:00,08:40:00,Ekonomi,98214,Waiting
JKA00605,Sembrani,KA358,Solo Balapan,Gambir,2025-06-06,15:00:00,17:05:00,Bisnis,745589,Tepat Waktu
JKA00260,Sembrani,KA42,Kediri,Gambir,2024-06-26,02:05:00,04:30:00,Bisnis,254067,Terlambat
JKA01730,Sembrani,KA379,Solo Balapan,Gambir,2024-10-11,12:05:00,08:35:00,Eksekutif,245604,Tepat Waktu
JKA00446,Sembrani,KA662,Bandung,Gambir,2025-01-26,06:20:00,12:10:00,Ekonomi,753087,Tepat Waktu
JKA00760,Serayu,KA585,Solo Balapan,Gambir,2024-11-30,08:10:00,09:25:00,Eksekutif,253028,Tepat Waktu
JKA01803,Serayu,KA643,Kediri,Gambir,2024-11-06,01:05:00,23:15:00,Bisnis,79374,Waiting
JKA01728,Serayu,KA395,Pasar Senen,Gambir,2024-08-23,12:45:00,21:10:00,Ekonomi,46657,Tepat Waktu
JKA00348,Serayu,KA770,Surabaya Gubeng,Gambir,2024-10-13,16:45:00,06:55:00,Eksekutif,396062,Waiting
JKA01526,Serayu,KA436,Pasar Senen,Gambir,2024-09-22,04:05:00,12:20:00,Ekonomi,748296,Tepat Waktu
JKA02820,Serayu,KA439,Yogyakarta,Gambir,2025-06-17,04:35:00,11:45:00,Ekonomi,96524,Terlambat
JKA02223,Taksaka,KA869,Malang,Gambir,2025-05-16,00:10:00,20:35:00,Eksekutif,99532,Waiting
JKA00486,Taksaka,KA690,Pasar Senen,Gambir,2025-03-19,22:40:00,06:40:00,Bisnis,49029,Terlambat
JKA02934,Taksaka,KA806,Surabaya Gubeng,Gambir,2025-05-01,13:30:00,19:55:00,Eksekutif,79476,Tepat Waktu
JKA01884,Taksaka,UNKNOWN,Yogyakarta,Gambir,2025-02-28,00:20:00,12:25:00,Eksekutif,397743,Terlambat
JKA01627,Taksaka,KA43,Surabaya Gubeng,Gambir,2024-12-24,04:50:00,20:55:00,Ekonomi,71696,Waiting
JKA01273,Taksaka,KA907,Surabaya Pasarturi,Gambir,2024-09-06,07:45:00,22:45:00,Bisnis,100624,Terlambat
JKA02739,Taksaka,KA474,Malang,Gambir,2025-08-22,16:15:00,04:00:00,Eksekutif,299182,Dibatalkan
JKA00255,Taksaka,KA725,Malang,Gambir,2025-05-24,20:50:00,01:50:00,Ekonomi,100403,Terlambat
JKA00442,Tawang Jaya,KA883,Kediri,Gambir,2024-04-23,09:05:00,10:55:00,Ekonomi,97257,Dibatalkan
JKA02575,Tawang Jaya,KA460,Surabaya Pasarturi,Gambir,2024-08-21,20:55:00,22:00:00,Eksekutif,251284,Waiting
JKA02395,Tawang Jaya,KA639,Semarang Tawang,Gambir,2024-12-10,20:30:00,00:40:00,Eksekutif,302330,Tepat Waktu
JKA02234,Tawang Jaya,KA318,Kediri,Gambir,2024-01-28,13:50:00,22:20:00,Bisnis,50353,Tepat Waktu
JKA00053,Tawang Jaya,KA379,Semarang Tawang,Gambir,2024-07-04,18:50:00,02:10:00,Eksekutif,498524,Terlambat
JKA02036,Tawang Jaya,KA762,Solo Balapan,Gambir,2024-03-18,01:40:00,07:20:00,Eksekutif,104931,Waiting
JKA01715,Turangga,KA830,Surabaya Gubeng,Gambir,2025-04-25,07:45:00,13:30:00,Eksekutif,753184,Waiting
JKA02740,Turangga,KA617,Surabaya Gubeng,Gambir,2024-02-06,21:15:00,04:25:00,Ekonomi,75457,Waiting
JKA02086,Turangga,KA407,Madiun,Gambir,2025-03-08,01:30:00,20:05:00,Ekonomi,499152,Terlambat
JKA00854,Turangga,KA863,Bandung,Gambir,2024-11-25,10:10:00,07:40:00,Ekonomi,50820,Tepat Waktu
JKA01162,Turangga,KA352,Kediri,Gambir,2024-02-17,23:00:00,11:30:00,Bisnis,497457,Dibatalkan
JKA01869,Turangga,KA336,Cirebon,Gambir,2024-03-25,04:30:00,06:20:00,Bisnis,402967,Terlambat
JKA01012,Turangga,KA977,Jember,Gambir,2024-11-01,01:35:00,11:30:00,Ekonomi,495232,Waiting
JKA00615,UNKNOWN,KA975,Yogyakarta,Jakarta Kota,2024-07-11,16:05:00,04:05:00,Bisnis,299962,Waiting
JKA02454,UNKNOWN,KA718,Solo Balapan,Jakarta Kota,2024-08-27,13:35:00,11:45:00,Bisnis,402221,Terlambat
JKA00395,UNKNOWN,KA191,Jember,Jakarta Kota,2024-02-06,19:35:00,11:00:00,Ekonomi,200798,Waiting
JKA02615,UNKNOWN,KA712,Surabaya Gubeng,Jakarta Kota,2024-01-22,00:45:00,07:45:00,Eksekutif,498181,Tepat Waktu
JKA01576,UNKNOWN,KA579,Kediri,Jakarta Kota,2024-10-07,22:30:00,22:30:00,Eksekutif,296166,Dibatalkan
JKA01890,UNKNOWN,KA144,Semarang Tawang,Jakarta Kota,2025-01-04,12:55:00,20:10:00,Eksekutif,496729,Tepat Waktu
JKA01423,UNKNOWN,KA216,Surabaya Gubeng,Jakarta Kota,2024-01-23,02:20:00,06:25:00,Eksekutif,249416,Terlambat
JKA00375,Bima,KA981,Bandung,Jakarta Kota,2025-06-27,22:15:00,14:45:00,Ekonomi,,Waiting
JKA01480,Bima,KA526,Bandung,Jakarta Kota,2024-06-15,03:35:00,01:10:00,Ekonomi,499959,Terlambat
JKA01198,Gaya Baru Malam,KA472,Cirebon,Jakarta Kota,2025-02-01,00:05:00,11:45:00,Bisnis,46718,Tepat Waktu
JKA00202,Mutiara Selatan,KA8,Jember,Jakarta Kota,2024-05-19,09:35:00,22:35:00,Ekonomi,52052,Waiting
JKA02025,Pasundan,KA684,Yogyakarta,Jakarta Kota,2024-04-05,14:20:00,03:35:00,Eksekutif,,Waiting
JKA02006,Progo,KA561,Solo Balapan,Jakarta Kota,2024-03-12,19:20:00,12:50:00,Ekonomi,400735,Dibatalkan
JKA02151,Sembrani,KA151,Yogyakarta,Jakarta Kota,2025-07-30,16:20:00,11:20:00,Bisnis,752195,Waiting
JKA00304,Taksaka,KA483,Yogyakarta,Jakarta Kota,2024-11-27,21:15:00,22:30:00,Eksekutif,79125,Terlambat
JKA01954,Turangga,KA832,Cirebon,Jakarta Kota,2025-07-11,00:35:00,00:00:00,Eksekutif,400726,Terlambat
JKA02654,Turangga,KA589,Solo Balapan,Jakarta Kota,2025-03-23,09:45:00,13:30:00,Ekonomi,253076,Waiting
JKA01914,Argo Bromo Anggrek,KA558,Pasar Senen,Jakarta Kota,2024-06-11,17:15:00,04:20:00,Ekonomi,500402,Tepat Waktu
JKA01722,Argo Bromo Anggrek,KA804,Madiun,Jakarta Kota,2025-06-29,00:50:00,10:40:00,Bisnis,150613,Dibatalkan
JKA02754,Argo Bromo Anggrek,KA278,Semarang Tawang,Jakarta Kota,2024-12-26,05:45:00,00:45:00,Ekonomi,,Waiting
JKA01807,Argo Bromo Anggrek,KA45,Semarang Tawang,Jakarta Kota,2024-02-14,10:05:00,14:50:00,Eksekutif,101729,Tepat Waktu
JKA00276,Argo Bromo Anggrek,KA602,Malang,Jakarta Kota,2025-07-28,06:55:00,23:30:00,Ekonomi,101944,Waiting
JKA00220,Argo Bromo Anggrek,KA990,Purwokerto,Jakarta Kota,2025-01-03,00:20:00,07:30:00,Ekonomi,404782,Waiting
JKA00441,Argo Parahyangan,KA175,Malang,Jakarta Kota,2024-05-04,19:05:00,07:00:00,Bisnis,75289,Terlambat
JKA00003,Argo Parahyangan,KA664,Bandung,Jakarta Kota,2024-08-26,12:20:00,20:25:00,Ekonomi,248432,Waiting
JKA02919,Argo Parahyangan,KA624,Gambir,Jakarta Kota,2025-08-10,01:35:00,14:40:00,Eksekutif,250882,Tepat Waktu
JKA02922,Argo Parahyangan,KA401,Semarang Tawang,Jakarta Kota,2025-08-17,16:35:00,19:30:00,Ekonomi,200279,Waiting
JKA00296,Argo Parahyangan,KA535,Gambir,Jakarta Kota,2024-03-26,19:20:00,13:25:00,Eksekutif,98867,Tepat Waktu
JKA02275,Argo Parahyangan,KA363,Semarang Tawang,Jakarta Kota,2024-03-27,22:45:00,14:15:00,Bisnis,249754,Waiting
JKA01310,Bengawan,KA231,Malang,Jakarta Kota,2024-04-15,05:00:00,14:50:00,Bisnis,52721,Terlambat
JKA02343,Bengawan,KA788,Bandung,Jakarta Kota,2025-04-02,00:05:00,15:40:00,Ekonomi,400774,Tepat Waktu
JKA00450,Bengawan,KA713,Pasar Senen,Jakarta Kota,2025-05-10,08:50:00,04:30:00,Bisnis,100852,Waiting
JKA01955,Bengawan,KA30,Malang,Jakarta Kota,2024-05-24,01:15:00,16:10:00,Eksekutif,101361,Waiting
JKA00719,Bengawan,KA795,Madiun,Jakarta Kota,2024-05-14,00:20:00,04:15:00,Eksekutif,97242,Waiting
JKA00846,Bengawan,KA325,Kediri,Jakarta Kota,2024-11-16,21:35:00,08:45:00,Eksekutif,298427,Waiting
JKA00371,Bengawan,KA834,Yogyakarta,Jakarta Kota,2025-03-13,22:20:00,18:20:00,Eksekutif,71790,Dibatalkan
JKA01952,Bengawan,KA758,Kediri,Jakarta Kota,2025-06-29,23:05:00,14:00:00,Eksekutif,299447,Tepat Waktu
JKA00431,Bima,KA440,Jember,Jakarta Kota,2024-11-21,05:45:00,07:40:00,Bisnis,751444,Terlambat
JKA01565,Bima,KA610,Surabaya Gubeng,Jakarta Kota,2025-02-08,21:05:00,00:45:00,Eksekutif,102946,Waiting
JKA01967,Bima,KA110,Surabaya Pasarturi,Jakarta Kota,2025-07-08,12:00:00,11:15:00,Eksekutif,401945,Tepat Waktu
JKA02932,Bima,KA502,Pasar Senen,Jakarta Kota,2024-02-16,16:35:00,03:35:00,Ekonomi,204125,Terlambat
JKA01407,Bima,KA203,Surabaya Gubeng,Jakarta Kota,2025-05-30,17:10:00,17:20:00,Bisnis,299283,Terlambat
JKA01292,Bima,KA9,Jember,Jakarta Kota,2025-06-08,16:50:00,17:20:00,Ekonomi,401486,Terlambat
JKA01326,Bima,KA130,Surabaya Gubeng,Jakarta Kota,2024-06-20,02:55:00,06:55:00,Eksekutif,152087,Dibatalkan
JKA02013,Bima,KA397,Purwokerto,Jakarta Kota,2024-10-08,02:00:00,11:00:00,Eksekutif,253555,Tepat Waktu
JKA02580,Bima,KA855,Purwokerto,Jakarta Kota,2025-06-16,00:20:00,06:40:00,Bisnis,99153,Waiting
JKA02994,Bima,KA850,Surabaya Gubeng,Jakarta Kota,2024-01-02,03:15:00,03:30:00,Eksekutif,503565,Waiting
JKA00051,Bima,KA895,Bandung,Jakarta Kota,2024-03-28,13:05:00,04:40:00,Ekonomi,504202,Dibatalkan
JKA01359,Bima,KA308,Bandung,Jakarta Kota,2025-06-21,01:50:00,02:55:00,Eksekutif,746979,Tepat Waktu
JKA01491,Bima,KA909,Solo Balapan,Jakarta Kota,2025-05-13,01:55:00,21:10:00,Bisnis,496835,Tepat Waktu
JKA01575,Brantas,KA316,Kediri,Jakarta Kota,2025-03-26,16:40:00,06:50:00,Bisnis,195917,Tepat Waktu
JKA00210,Brantas,KA376,Yogyakarta,Jakarta Kota,2024-02-02,03:35:00,03:00:00,Bisnis,403615,Waiting
JKA01332,Brantas,KA967,Cirebon,Jakarta Kota,2024-10-12,13:20:00,15:30:00,Bisnis,504742,Terlambat
JKA02508,Brantas,KA281,Gambir,Jakarta Kota,2025-03-14,20:20:00,12:25:00,Bisnis,302904,Waiting
JKA02358,Brantas,KA886,Surabaya Pasarturi,Jakarta Kota,2025-07-14,08:00:00,02:55:00,Eksekutif,747648,Terlambat
JKA00572,Brantas,KA203,Bandung,Jakarta Kota,2025-06-16,21:50:00,16:45:00,Eksekutif,498292,Waiting
JKA02725,Brantas,KA615,Gambir,Jakarta Kota,2024-03-17,16:15:00,13:45:00,Eksekutif,496191,Waiting
JKA02565,Brantas,KA471,Madiun,Jakarta Kota,2024-11-25,14:10:00,19:10:00,Ekonomi,300363,Tepat Waktu
JKA00423,Gajayana,KA940,Solo Balapan,Jakarta Kota,2024-03-15,12:35:00,11:35:00,Bisnis,502616,Tepat Waktu
JKA01403,Gajayana,KA649,Surabaya Gubeng,Jakarta Kota,2024-09-05,18:35:00,19:30:00,Eksekutif,70412,Waiting
JKA00422,Gajayana,KA44,Semarang Tawang,Jakarta Kota,2024-10-20,13:45:00,14:25:00,Ekonomi,76769,Waiting
JKA02783,Gajayana,KA304,Cirebon,Jakarta Kota,2024-10-18,08:10:00,16:15:00,Ekonomi,750489,Waiting
JKA02001,Gajayana,KA462,Malang,Jakarta Kota,2024-06-16,02:35:00,13:10:00,Ekonomi,254801,Waiting
JKA02026,Gajayana,KA61,Purwokerto,Jakarta Kota,2024-05-15,19:25:00,22:40:00,Eksekutif,501449,Terlambat
JKA00834,Gajayana,KA81,Semarang Tawang,Jakarta Kota,2025-02-06,16:55:00,06:25:00,Bisnis,395037,Waiting
JKA02931,Gajayana,KA876,Bandung,Jakarta Kota,2025-01-17,02:15:00,16:10:00,Bisnis,95561,Tepat Waktu
JKA00924,Gajayana,KA791,Solo Balapan,Jakarta Kota,2024-02-16,05:15:00,00:10:00,Eksekutif,202129,Waiting
JKA00458,Gajayana,KA247,Yogyakarta,Jakarta Kota,2024-08-28,19:50:00,21:45:00,Eksekutif,95354,Waiting
JKA02729,Gaya Baru Malam,KA198,Madiun,Jakarta Kota,2024-03-14,07:35:00,14:15:00,Eksekutif,47785,Waiting
JKA00651,Gaya Baru Malam,KA152,Madiun,Jakarta Kota,2024-11-27,04:25:00,21:25:00,Eksekutif,99105,Dibatalkan
JKA01985,Gaya Baru Malam,KA533,Gambir,Jakarta Kota,2024-04-20,14:55:00,09:15:00,Eksekutif,203937,Terlambat
JKA02202,Gaya Baru Malam,UNKNOWN,Solo Balapan,Jakarta Kota,2024-02-27,01:10:00,00:35:00,Eksekutif,295730,Waiting
JKA01775,Gaya Baru Malam,UNKNOWN,Gambir,Jakarta Kota,2025-04-06,23:55:00,19:25:00,Ekonomi,745371,Waiting
JKA02851,Gaya Baru Malam,KA483,Cirebon,Jakarta Kota,2025-02-25,12:00:00,02:15:00,Eksekutif,153070,Terlambat
JKA01094,Gaya Baru Malam,KA467,Cirebon,Jakarta Kota,2025-03-13,21:45:00,03:30:00,Bisnis,752118,Waiting
JKA00770,Gaya Baru Malam,KA593,Surabaya Pasarturi,Jakarta Kota,2025-07-05,19:45:00,18:40:00,Eksekutif,745998,Tepat Waktu
JKA00526,Gaya Baru Malam,KA802,Cirebon,Jakarta Kota,2024-12-05,07:35:00,00:55:00,Bisnis,303515,Tepat Waktu
JKA01861,Gaya Baru Malam,KA553,Bandung,Jakarta Kota,2024-06-01,19:40:00,00:40:00,Ekonomi,500094,Terlambat
JKA00833,Harina,KA229,Yogyakarta,Jakarta Kota,2024-05-08,07:00:00,09:20:00,Eksekutif,201250,Terlambat
JKA00937,Harina,KA251,Pasar Senen,Jakarta Kota,2024-08-31,08:20:00,18:15:00,Bisnis,248152,Terlambat
JKA00414,Harina,KA751,Kediri,Jakarta Kota,2024-05-22,14:10:00,07:15:00,Eksekutif,96920,Tepat Waktu
JKA00561,Harina,KA775,Malang,Jakarta Kota,2024-04-01,11:45:00,10:20:00,Bisnis,76652,Terlambat
JKA00004,Jayabaya,KA470,Semarang Tawang,Jakarta Kota,2024-02-27,01:25:00,08:05:00,Ekonomi,248483,Waiting
JKA02107,Jayabaya,KA151,Surabaya Pasarturi,Jakarta Kota,2024-08-04,20:50:00,10:20:00,Eksekutif,303921,Waiting
JKA01190,Jayabaya,KA380,Surabaya Gubeng,Jakarta Kota,2024-01-21,14:25:00,17:10:00,UNKNOWN,297988,Terlambat
JKA01048,Jayabaya,KA826,Cirebon,Jakarta Kota,2024-06-17,22:20:00,12:15:00,Ekonomi,77536,Waiting
JKA01175,Jayabaya,KA236,Solo Balapan,Jakarta Kota,2025-08-05,04:00:00,20:20:00,Ekonomi,,Terlambat
JKA02911,Jayabaya,KA346,Purwokerto,Jakarta Kota,2024-08-03,07:55:00,18:20:00,Eksekutif,403390,Terlambat
JKA02243,Jayabaya,KA444,Solo Balapan,Jakarta Kota,2024-04-20,00:05:00,21:55:00,Ekonomi,51832,Waiting
JKA01246,Jayabaya,KA730,Purwokerto,Jakarta Kota,2024-10-24,04:50:00,14:15:00,Eksekutif,195290,Waiting
JKA01726,Jayabaya,KA19,Purwokerto,Jakarta Kota,2025-02-20,22:15:00,01:55:00,Ekonomi,248468,Terlambat
JKA01072,Jayabaya,KA461,Yogyakarta,Jakarta Kota,2024-12-14,22:55:00,22:35:00,Ekonomi,250798,Waiting
JKA01992,Jayabaya,KA649,Semarang Tawang,Jakarta Kota,2024-04-07,04:50:00,21:30:00,Eksekutif,200111,Tepat Waktu
JKA00935,Jayabaya,KA365,Cirebon,Jakarta Kota,2025-03-15,04:30:00,14:30:00,Eksekutif,102432,Dibatalkan
JKA00646,Joglosemarkerto,KA603,Solo Balapan,Jakarta Kota,2025-03-18,13:35:00,10:25:00,Ekonomi,152971,Tepat Waktu
JKA00382,Joglosemarkerto,UNKNOWN,Gambir,Jakarta Kota,2024-11-07,20:10:00,14:55:00,Ekonomi,98436,Waiting
JKA01329,Joglosemarkerto,KA351,Purwokerto,Jakarta Kota,2024-05-09,17:25:00,00:20:00,Eksekutif,195684,Dibatalkan
JKA01205,Joglosemarkerto,KA921,Surabaya Pasarturi,Jakarta Kota,2025-05-23,08:30:00,05:00:00,Ekonomi,498994,Tepat Waktu
JKA01886,Joglosemarkerto,KA8,Bandung,Jakarta Kota,2024-08-29,01:35:00,04:35:00,Eksekutif,200971,Terlambat
JKA01268,Joglosemarkerto,KA244,Surabaya Gubeng,Jakarta Kota,2025-07-01,00:05:00,21:50:00,Ekonomi,395080,Waiting
JKA01386,Joglosemarkerto,KA109,Gambir,Jakarta Kota,2024-08-06,21:05:00,15:25:00,Eksekutif,102355,Tepat Waktu
JKA00218,Joglosemarkerto,KA949,Cirebon,Jakarta Kota,2025-03-28,14:00:00,06:50:00,Bisnis,71841,Terlambat
JKA00859,Joglosemarkerto,UNKNOWN,Cirebon,Jakarta Kota,2024-04-06,10:35:00,09:45:00,Ekonomi,248662,Waiting
JKA00552,Joglosemarkerto,KA303,Purwokerto,Jakarta Kota,2024-12-16,02:25:00,20:00:00,Eksekutif,152494,Waiting
JKA01646,Kahuripan,KA678,Surabaya Pasarturi,Jakarta Kota,2024-01-15,02:05:00,21:35:00,Ekonomi,,Terlambat
JKA02873,Kahuripan,KA550,Yogyakarta,Jakarta Kota,2024-09-03,23:05:00,08:50:00,Eksekutif,399129,Terlambat
JKA02067,Kahuripan,KA316,Pasar Senen,Jakarta Kota,2024-02-29,21:10:00,10:10:00,Eksekutif,402066,Waiting
JKA01997,Kahuripan,KA112,Madiun,Jakarta Kota,2024-09-09,07:25:00,21:05:00,Bisnis,95809,Tepat Waktu
JKA00500,Kahuripan,KA141,Madiun,Jakarta Kota,2025-04-29,05:00:00,06:05:00,Bisnis,102790,Tepat Waktu
JKA01977,Kahuripan,KA24,Cirebon,Jakarta Kota,2024-06-27,05:40:00,11:55:00,Eksekutif,95350,Waiting
JKA01391,Kahuripan,KA937,Semarang Tawang,Jakarta Kota,2025-05-28,13:10:00,08:25:00,Eksekutif,754134,Waiting
JKA00417,Kaligung,KA372,Bandung,Jakarta Kota,2025-04-24,10:50:00,12:10:00,Eksekutif,251950,Waiting
JKA01462,Kaligung,KA28,Purwokerto,Jakarta Kota,2024-06-12,00:10:00,23:05:00,UNKNOWN,303397,Tepat Waktu
JKA02707,Kertajaya,KA356,Cirebon,Jakarta Kota,2024-11-14,20:10:00,09:25:00,Ekonomi,102546,Waiting
JKA02588,Kertajaya,KA906,Kediri,Jakarta Kota,2025-05-28,12:15:00,04:00:00,Ekonomi,76659,Tepat Waktu
JKA01763,Kertajaya,KA509,Gambir,Jakarta Kota,2024-08-07,13:05:00,05:55:00,Bisnis,74279,Terlambat
JKA00946,Kertajaya,KA779,Yogyakarta,Jakarta Kota,2024-12-24,03:40:00,11:55:00,Bisnis,202327,Waiting
JKA02200,Kertajaya,KA204,Gambir,Jakarta Kota,2025-03-26,19:40:00,02:50:00,Ekonomi,200264,Waiting
JKA00604,Kertajaya,KA491,Bandung,Jakarta Kota,2024-07-31,05:05:00,07:15:00,Bisnis,495396,Terlambat
JKA00737,Kertajaya,KA571,Surabaya Gubeng,Jakarta Kota,2024-01-28,02:55:00,00:10:00,Eksekutif,297017,Terlambat
JKA02515,Kertajaya,KA448,Pasar Senen,Jakarta Kota,2024-06-03,08:50:00,05:30:00,Eksekutif,245861,Tepat Waktu
JKA01079,Lodaya,KA822,Malang,Jakarta Kota,2025-01-09,10:30:00,13:20:00,Ekonomi,204644,Waiting
JKA02281,Lodaya,KA564,Purwokerto,Jakarta Kota,2024-12-24,07:35:00,00:40:00,Eksekutif,198861,Dibatalkan
JKA02993,Lodaya,KA547,Malang,Jakarta Kota,2024-01-26,06:20:00,11:55:00,Eksekutif,46995,Terlambat
JKA01168,Lodaya,KA79,Surabaya Gubeng,Jakarta Kota,2024-12-31,17:55:00,13:20:00,Eksekutif,196564,Dibatalkan
JKA01378,Lodaya,KA340,Cirebon,Jakarta Kota,2024-11-03,15:15:00,17:35:00,Bisnis,247142,Waiting
JKA02509,Lodaya,KA867,Yogyakarta,Jakarta Kota,2025-08-01,07:20:00,13:25:00,Ekonomi,497515,Terlambat
JKA01418,Malabar,UNKNOWN,Semarang Tawang,Jakarta Kota,2024-09-01,14:20:00,20:00:00,Ekonomi,50972,Terlambat
JKA01824,Malabar,KA797,Surabaya Gubeng,Jakarta Kota,2024-08-15,03:50:00,00:10:00,Eksekutif,747515,Tepat Waktu
JKA01602,Malabar,KA172,Pasar Senen,Jakarta Kota,2025-08-15,07:00:00,18:20:00,Eksekutif,750360,Dibatalkan
JKA01040,Malabar,KA48,Surabaya Gubeng,Jakarta Kota,2024-05-13,21:10:00,11:30:00,Bisnis,46566,Waiting
JKA02261,Malabar,KA788,Semarang Tawang,Jakarta Kota,2024-05-24,13:50:00,08:45:00,Eksekutif,248427,Terlambat
JKA02306,Malabar,KA77,Yogyakarta,Jakarta Kota,2024-11-12,14:10:00,07:45:00,Eksekutif,151614,Terlambat
JKA00743,Malabar,KA425,Solo Balapan,Jakarta Kota,2024-06-01,11:45:00,16:15:00,Bisnis,395310,Tepat Waktu
JKA01893,Malabar,KA985,Madiun,Jakarta Kota,2025-04-25,21:45:00,09:25:00,Eksekutif,200952,Waiting
JKA00802,Malabar,KA516,Surabaya Gubeng,Jakarta Kota,2024-05-14,22:35:00,11:10:00,Bisnis,248177,Waiting
JKA02183,Matarmaja,KA835,Semarang Tawang,Jakarta Kota,2024-09-20,20:40:00,23:20:00,Ekonomi,402566,Waiting
JKA02144,Matarmaja,KA91,Cirebon,Jakarta Kota,2025-06-08,18:55:00,07:55:00,Bisnis,503159,Terlambat
JKA00373,Matarmaja,UNKNOWN,Bandung,Jakarta Kota,2024-06-19,09:05:00,03:20:00,Ekonomi,54595,Waiting
JKA01786,Matarmaja,KA606,Pasar Senen,Jakarta Kota,2024-01-16,13:35:00,18:05:00,Bisnis,252144,Waiting
JKA01285,Mutiara Selatan,KA251,Semarang Tawang,Jakarta Kota,2024-01-19,19:45:00,03:55:00,Eksekutif,247661,Waiting
JKA02718,Mutiara Selatan,KA916,Semarang Tawang,Jakarta Kota,2024-12-02,05:20:00,04:35:00,Eksekutif,75929,Tepat Waktu
JKA02635,Mutiara Selatan,KA809,Malang,Jakarta Kota,2024-05-03,04:35:00,23:30:00,Ekonomi,299617,Waiting
JKA01244,Mutiara Selatan,KA673,Bandung,Jakarta Kota,2024-02-21,19:10:00,16:40:00,Ekonomi,748393,Tepat Waktu
JKA02262,Mutiara Selatan,KA939,Solo Balapan,Jakarta Kota,2024-03-04,19:40:00,05:35:00,Eksekutif,246469,Tepat Waktu
JKA00911,Mutiara Selatan,KA444,Semarang Tawang,Jakarta Kota,2024-10-05,09:00:00,23:30:00,Ekonomi,96809,Waiting
JKA00794,Mutiara Selatan,KA12,Semarang Tawang,Jakarta Kota,2024-08-18,00:30:00,14:30:00,Ekonomi,245131,Waiting
JKA00830,Mutiara Selatan,KA764,Jember,Jakarta Kota,2025-08-06,19:30:00,09:30:00,Bisnis,200413,Dibatalkan
JKA01577,Mutiara Selatan,KA451,Malang,Jakarta Kota,2025-04-22,04:10:00,17:00:00,Bisnis,248768,Terlambat
JKA01837,Mutiara Selatan,KA255,Pasar Senen,Jakarta Kota,2024-03-26,01:45:00,13:30:00,Eksekutif,750293,Waiting
JKA02235,Mutiara Selatan,KA892,Solo Balapan,Jakarta Kota,2024-10-27,03:55:00,15:35:00,Eksekutif,97449,Dibatalkan
JKA00699,Pasundan,KA75,Kediri,Jakarta Kota,2024-05-30,18:25:00,13:50:00,Eksekutif,501265,Waiting
JKA01521,Pasundan,KA164,Malang,Jakarta Kota,2024-08-21,04:45:00,06:20:00,Bisnis,203473,Waiting
JKA00014,Pasundan,KA166,Purwokerto,Jakarta Kota,2024-09-27,08:00:00,20:30:00,Eksekutif,50464,Waiting
JKA00253,Pasundan,KA945,Bandung,Jakarta Kota,2024-05-13,21:50:00,03:55:00,Ekonomi,202650,Tepat Waktu
JKA01164,Pasundan,KA314,Solo Balapan,Jakarta Kota,2024-11-17,02:40:00,21:25:00,Bisnis,399533,Waiting
JKA00297,Pasundan,KA884,Semarang Tawang,Jakarta Kota,2025-08-21,23:55:00,13:15:00,Eksekutif,98507,Dibatalkan
JKA02617,Pasundan,KA685,Purwokerto,Jakarta Kota,2025-05-09,02:00:00,04:05:00,Ekonomi,495075,Tepat Waktu
JKA02258,Progo,KA392,Gambir,Jakarta Kota,2025-04-23,19:30:00,23:05:00,Ekonomi,198952,Tepat Waktu
JKA00841,Progo,KA808,Semarang Tawang,Jakarta Kota,2024-09-23,03:45:00,08:00:00,Ekonomi,498725,Terlambat
JKA01373,Progo,KA878,Surabaya Pasarturi,Jakarta Kota,2025-08-04,07:10:00,23:45:00,Bisnis,48786,Terlambat
JKA00987,Progo,KA133,Yogyakarta,Jakarta Kota,2025-02-21,07:25:00,00:25:00,Eksekutif,101297,Waiting
JKA00470,Progo,KA355,Pasar Senen,Jakarta Kota,2024-08-13,22:20:00,17:20:00,Ekonomi,200224,Tepat Waktu
JKA00215,Progo,KA233,Cirebon,Jakarta Kota,2024-04-07,01:55:00,02:00:00,Ekonomi,301824,Waiting
JKA00149,Progo,KA526,Yogyakarta,Jakarta Kota,2024-09-21,09:00:00,01:10:00,Eksekutif,148688,Waiting
JKA02825,Sancaka,KA830,Gambir,Jakarta Kota,2024-01-20,15:55:00,18:20:00,Eksekutif,252099,Tepat Waktu
JKA01641,Serayu,KA568,Yogyakarta,Jakarta Kota,2025-01-05,05:40:00,12:35:00,Eksekutif,146278,Waiting
JKA00334,Serayu,KA523,Malang,Jakarta Kota,2024-10-23,00:00:00,08:45:00,Eksekutif,300757,Waiting
JKA00173,Serayu,UNKNOWN,Jember,Jakarta Kota,2025-01-18,15:00:00,20:15:00,Ekonomi,71572,Terlambat
JKA02898,Sancaka,KA548,Gambir,Jakarta Kota,2025-08-06,11:25:00,13:10:00,Eksekutif,497022,Terlambat
JKA00161,Sancaka,KA701,Gambir,Jakarta Kota,2024-06-12,13:45:00,18:50:00,Bisnis,751221,Waiting
JKA00623,Sancaka,KA371,Jember,Jakarta Kota,2024-03-13,21:10:00,02:35:00,Ekonomi,99047,Waiting
JKA01906,Sembrani,UNKNOWN,Solo Balapan,Jakarta Kota,2024-11-08,06:05:00,12:40:00,Ekonomi,101627,Waiting
JKA01732,Sembrani,KA816,Yogyakarta,Jakarta Kota,2025-05-01,00:55:00,09:50:00,Ekonomi,299284,Tepat Waktu
JKA02142,Sembrani,KA398,Cirebon,Jakarta Kota,2025-01-08,15:35:00,22:30:00,Bisnis,304814,Waiting
JKA02927,Sembrani,KA846,Yogyakarta,Jakarta Kota,2024-09-09,03:20:00,21:55:00,Eksekutif,749958,Tepat Waktu
JKA01969,Sembrani,KA995,Gambir,Jakarta Kota,2024-04-08,09:20:00,18:20:00,Ekonomi,,Waiting
JKA01063,Sembrani,KA38,Semarang Tawang,Jakarta Kota,2024-05-09,20:20:00,15:40:00,Eksekutif,399715,Terlambat
JKA02211,Sembrani,KA783,Jember,Jakarta Kota,2024-09-11,02:00:00,11:35:00,Ekonomi,752299,Waiting
JKA02766,Sembrani,KA677,Madiun,Jakarta Kota,2024-07-01,20:55:00,00:25:00,Bisnis,302635,Waiting
JKA02494,Serayu,KA844,Cirebon,Jakarta Kota,2025-01-25,02:25:00,02:35:00,Bisnis,502182,Tepat Waktu
JKA01295,Serayu,KA653,Surabaya Pasarturi,Jakarta Kota,2024-08-11,21:00:00,22:15:00,Eksekutif,77634,Waiting
JKA01510,Serayu,KA755,Cirebon,Jakarta Kota,2024-11-14,05:15:00,06:25:00,Ekonomi,150698,Waiting
JKA02774,Serayu,KA89,Purwokerto,Jakarta Kota,2024-09-09,03:55:00,22:55:00,Ekonomi,752673,Waiting
JKA01354,Serayu,KA186,Malang,Jakarta Kota,2025-04-19,00:55:00,05:35:00,Bisnis,750494,Waiting
JKA00256,Serayu,KA83,Madiun,Jakarta Kota,2025-05-08,18:40:00,10:50:00,Eksekutif,46485,Dibatalkan
JKA02656,Serayu,KA961,Bandung,Jakarta Kota,2025-08-08,17:35:00,22:30:00,Eksekutif,503307,Terlambat
JKA00566,Serayu,KA406,Malang,Jakarta Kota,2024-05-31,21:25:00,23:20:00,Bisnis,54793,Terlambat
JKA02330,Serayu,KA131,Semarang Tawang,Jakarta Kota,2024-12-06,14:50:00,07:20:00,Bisnis,497956,Terlambat
JKA01141,Serayu,KA189,Malang,Jakarta Kota,2024-10-12,19:50:00,04:25:00,Eksekutif,399461,Waiting
JKA02412,Tawang Jaya,KA809,Jember,Jakarta Kota,2025-01-01,15:50:00,04:35:00,Eksekutif,747992,Dibatalkan
JKA02989,Taksaka,KA559,Gambir,Jakarta Kota,2024-06-23,11:15:00,16:00:00,Eksekutif,102520,Tepat Waktu
JKA01444,Taksaka,KA642,Solo Balapan,Jakarta Kota,2024-08-10,07:05:00,10:30:00,Ekonomi,98211,Terlambat
JKA02103,Taksaka,KA388,Madiun,Jakarta Kota,2025-03-06,11:45:00,19:30:00,Ekonomi,401651,Terlambat
JKA00118,Taksaka,KA102,Solo Balapan,Jakarta Kota,2024-08-04,08:25:00,10:40:00,Ekonomi,400631,Waiting
JKA01081,Taksaka,KA581,Solo Balapan,Jakarta Kota,2025-01-15,05:10:00,09:35:00,Ekonomi,49700,Waiting
JKA00151,Taksaka,KA27,Semarang Tawang,Jakarta Kota,2024-10-10,20:55:00,06:10:00,Eksekutif,751620,Waiting
JKA02777,Tawang Jaya,KA329,Malang,Jakarta Kota,2024-03-14,14:45:00,08:55:00,Eksekutif,145356,Terlambat
JKA00265,Tawang Jaya,KA89,Bandung,Jakarta Kota,2025-04-21,13:10:00,07:20:00,Eksekutif,747784,Terlambat
JKA00327,Tawang Jaya,KA379,Jember,Jakarta Kota,2025-06-25,22:15:00,15:00:00,Ekonomi,246945,Tepat Waktu
JKA00037,Tawang Jaya,KA957,Solo Balapan,Jakarta Kota,2025-05-09,07:35:00,12:15:00,Eksekutif,74526,Waiting
JKA01889,Turangga,KA318,Semarang Tawang,Jakarta Kota,2025-05-31,22:00:00,17:20:00,UNKNOWN,101179,Waiting
JKA00732,Turangga,KA889,Pasar Senen,Jakarta Kota,2024-04-05,04:50:00,23:45:00,UNKNOWN,46515,Waiting
JKA00579,Turangga,UNKNOWN,Gambir,Jakarta Kota,2025-03-27,07:45:00,17:10:00,Ekonomi,245929,Terlambat
JKA02260,Turangga,KA61,Purwokerto,Jakarta Kota,2025-01-21,22:10:00,05:10:00,Eksekutif,398636,Dibatalkan
JKA02184,Turangga,KA609,Pasar Senen,Jakarta Kota,2025-04-20,04:10:00,12:30:00,Ekonomi,499743,Waiting
JKA00196,Turangga,KA391,Semarang Tawang,Jakarta Kota,2025-02-14,14:10:00,18:50:00,UNKNOWN,74422,Waiting
JKA00697,Turangga,KA656,Kediri,Jakarta Kota,2024-08-16,04:30:00,18:40:00,Eksekutif,745376,Waiting
JKA01574,Turangga,KA654,Surabaya Gubeng,Jakarta Kota,2025-01-27,02:45:00,11:00:00,Ekonomi,51573,Tepat Waktu
JKA00356,Turangga,KA409,Solo Balapan,Jakarta Kota,2025-05-01,19:45:00,18:15:00,Ekonomi,145121,Waiting
JKA02082,Turangga,KA317,Kediri,Jakarta Kota,2024-12-26,21:35:00,20:00:00,Ekonomi,52801,Waiting
JKA02697,Turangga,KA972,Surabaya Pasarturi,Jakarta Kota,2024-05-04,18:10:00,20:30:00,Eksekutif,203936,Waiting
JKA01182,UNKNOWN,KA735,Purwokerto,Jember,2025-02-27,12:55:00,18:10:00,Eksekutif,498040,Terlambat
JKA00899,UNKNOWN,KA152,Surabaya Pasarturi,Jember,2024-10-02,08:35:00,16:10:00,Bisnis,753647,Terlambat
JKA01660,UNKNOWN,KA640,Yogyakarta,Jember,2024-03-09,18:05:00,15:40:00,Bisnis,99231,Tepat Waktu
JKA02720,Gaya Baru Malam,KA91,Jakarta Kota,Jember,2024-03-04,00:30:00,10:55:00,Bisnis,,Waiting
JKA00936,Kaligung,KA945,Jakarta Kota,Jember,2025-03-21,00:30:00,11:30:00,Bisnis,,Waiting
JKA01413,Taksaka,KA230,Madiun,Jember,2025-02-07,12:20:00,22:45:00,Ekonomi,754350,Tepat Waktu
JKA02404,Argo Bromo Anggrek,KA283,Jakarta Kota,Jember,2024-05-11,06:50:00,20:50:00,UNKNOWN,100313,Tepat Waktu
JKA02937,Argo Bromo Anggrek,KA764,Solo Balapan,Jember,2025-05-02,15:00:00,08:20:00,Eksekutif,76013,Terlambat
JKA01154,Argo Bromo Anggrek,KA626,Madiun,Jember,2025-03-08,21:05:00,15:50:00,Ekonomi,747960,Dibatalkan
JKA02885,Argo Bromo Anggrek,KA542,Jakarta Kota,Jember,2024-11-09,18:05:00,22:20:00,Bisnis,70351,Terlambat
JKA02124,Argo Parahyangan,KA367,Pasar Senen,Jember,2025-07-24,12:45:00,00:50:00,Eksekutif,252368,Waiting
JKA01186,Argo Parahyangan,KA537,Madiun,Jember,2024-07-07,03:30:00,01:05:00,Ekonomi,397543,Terlambat
JKA02778,Argo Parahyangan,UNKNOWN,Solo Balapan,Jember,2025-03-11,17:30:00,18:10:00,Bisnis,97309,Tepat Waktu
JKA00863,Argo Parahyangan,KA948,Jakarta Kota,Jember,2025-07-18,19:45:00,08:55:00,Ekonomi,251815,Terlambat
JKA00804,Argo Parahyangan,KA821,Madiun,Jember,2024-08-11,00:20:00,23:40:00,Eksekutif,751342,Waiting
JKA02643,Argo Parahyangan,KA786,Bandung,Jember,2025-05-21,03:20:00,11:30:00,Bisnis,152382,Dibatalkan
JKA00539,Argo Parahyangan,KA205,Surabaya Pasarturi,Jember,2025-01-13,09:05:00,04:55:00,Ekonomi,297486,Terlambat
JKA00116,Argo Parahyangan,KA719,Cirebon,Jember,2024-06-21,22:20:00,18:20:00,Bisnis,295971,Terlambat
JKA01438,Argo Parahyangan,KA382,Semarang Tawang,Jember,2024-09-03,11:25:00,11:30:00,Eksekutif,304146,Terlambat
JKA01221,Argo Parahyangan,KA359,Surabaya Pasarturi,Jember,2025-07-23,09:40:00,10:15:00,Eksekutif,753524,Waiting
JKA02186,Bengawan,KA116,Kediri,Jember,2025-03-01,15:50:00,09:45:00,Bisnis,48622,Tepat Waktu
JKA00281,Bengawan,KA912,Pasar Senen,Jember,2025-06-22,13:35:00,03:10:00,Eksekutif,250104,Tepat Waktu
JKA00843,Bengawan,KA995,Madiun,Jember,2025-03-01,21:05:00,01:35:00,Bisnis,48695,Terlambat
JKA02397,Bengawan,KA224,Solo Balapan,Jember,2025-07-15,00:35:00,22:50:00,Bisnis,46325,Waiting
JKA00553,Bengawan,KA820,Pasar Senen,Jember,2024-07-18,21:15:00,06:55:00,Ekonomi,747486,Tepat Waktu
JKA00878,Bengawan,KA633,Jakarta Kota,Jember,2024-04-26,18:15:00,17:05:00,Ekonomi,745186,Waiting
JKA01595,Bengawan,KA712,Gambir,Jember,2024-09-25,10:45:00,04:20:00,Eksekutif,750240,Waiting
JKA02665,Bengawan,KA932,Pasar Senen,Jember,2024-06-14,05:45:00,23:10:00,Eksekutif,202304,Dibatalkan
JKA02475,Bengawan,KA582,Yogyakarta,Jember,2024-06-27,12:30:00,10:15:00,Eksekutif,752347,Tepat Waktu
JKA00705,Bengawan,KA985,Malang,Jember,2025-08-10,12:05:00,06:35:00,Bisnis,499861,Waiting
JKA01940,Bengawan,KA384,Kediri,Jember,2024-10-17,10:05:00,23:20:00,Eksekutif,196445,Tepat Waktu
JKA01761,Bengawan,KA832,Solo Balapan,Jember,2024-02-20,06:55:00,09:05:00,Bisnis,71480,Tepat Waktu
JKA00453,Bima,KA255,Jakarta Kota,Jember,2025-07-28,02:55:00,04:55:00,Eksekutif,746322,Dibatalkan
JKA02379,Bima,UNKNOWN,Jakarta Kota,Jember,2024-10-13,11:45:00,08:20:00,Ekonomi,77254,Dibatalkan
JKA02072,Bima,KA394,Kediri,Jember,2025-05-06,18:40:00,21:10:00,Bisnis,746246,Terlambat
JKA00015,Bima,KA417,Cirebon,Jember,2024-05-31,04:00:00,11:00:00,Bisnis,146684,Waiting
JKA00090,Bima,KA62,Gambir,Jember,2025-04-18,23:00:00,08:00:00,Ekonomi,70742,Waiting
JKA02276,Bima,KA103,Gambir,Jember,2025-07-12,17:30:00,19:15:00,Eksekutif,499905,Terlambat
JKA01334,Bima,KA352,Yogyakarta,Jember,2025-04-16,10:30:00,19:30:00,Eksekutif,749846,Terlambat
JKA02309,Bima,KA371,Bandung,Jember,2024-01-19,20:40:00,11:45:00,Eksekutif,748043,Terlambat
JKA00819,Bima,KA206,Jakarta Kota,Jember,2024-08-15,22:05:00,21:50:00,Bisnis,203751,Tepat Waktu
JKA00075,Bima,KA427,Bandung,Jember,2024-06-21,05:50:00,18:00:00,Eksekutif,54449,Terlambat
JKA00125,Bima,KA270,Semarang Tawang,Jember,2025-06-13,05:25:00,23:20:00,Eksekutif,50488,Tepat Waktu
JKA01608,Brantas,KA322,Solo Balapan,Jember,2025-08-19,01:45:00,13:55:00,Eksekutif,201673,Dibatalkan
JKA00883,Brantas,KA303,Jakarta Kota,Jember,2024-09-02,15:10:00,00:10:00,Eksekutif,,Terlambat
JKA01996,Brantas,KA19,Semarang Tawang,Jember,2024-02-09,10:40:00,18:35:00,Bisnis,147772,Terlambat
JKA02422,Brantas,KA500,Madiun,Jember,2024-06-11,12:55:00,14:20:00,Bisnis,45117,Tepat Waktu
JKA00089,Brantas,KA120,Bandung,Jember,2025-04-02,02:45:00,01:40:00,Ekonomi,497455,Tepat Waktu
JKA01758,Gajayana,KA281,Malang,Jember,2024-02-16,17:30:00,14:55:00,Eksekutif,79132,Tepat Waktu
JKA02512,Gaya Baru Malam,KA733,Bandung,Jember,2024-03-29,12:45:00,08:05:00,Eksekutif,753160,Terlambat
JKA02629,Gajayana,KA845,Pasar Senen,Jember,2025-04-08,17:25:00,02:25:00,Ekonomi,295182,Terlambat
JKA02603,Gajayana,KA781,Solo Balapan,Jember,2024-03-19,00:45:00,09:50:00,Ekonomi,403378,Tepat Waktu
JKA01990,Gajayana,KA986,Yogyakarta,Jember,2025-02-25,04:35:00,04:15:00,Eksekutif,195545,Tepat Waktu
JKA01907,Gajayana,KA973,Malang,Jember,2024-04-16,11:30:00,16:40:00,Bisnis,196122,Waiting
JKA00104,Gajayana,KA398,Malang,Jember,2025-07-22,03:00:00,11:40:00,Ekonomi,750315,Tepat Waktu
JKA02156,Gajayana,KA379,Pasar Senen,Jember,2024-07-12,11:25:00,13:15:00,Eksekutif,504889,Waiting
JKA02193,Gajayana,KA442,Malang,Jember,2024-11-25,11:15:00,23:25:00,Bisnis,753952,Waiting
JKA02871,Gaya Baru Malam,KA630,Gambir,Jember,2024-05-10,12:05:00,07:20:00,Ekonomi,201385,Dibatalkan
JKA00581,Gaya Baru Malam,KA421,Malang,Jember,2025-01-03,04:20:00,12:20:00,Ekonomi,52073,Tepat Waktu
JKA01912,Gaya Baru Malam,KA848,Purwokerto,Jember,2024-12-02,01:40:00,05:35:00,Ekonomi,304374,Terlambat
JKA00858,Gaya Baru Malam,KA842,Pasar Senen,Jember,2024-04-23,18:30:00,17:55:00,Ekonomi,397919,Waiting
JKA00392,Gaya Baru Malam,KA590,Solo Balapan,Jember,2024-08-22,20:05:00,13:25:00,Bisnis,71256,Terlambat
JKA01603,Gaya Baru Malam,KA342,Semarang Tawang,Jember,2024-07-04,16:40:00,18:50:00,Eksekutif,750869,Waiting
JKA00244,Harina,KA241,Cirebon,Jember,2025-02-17,09:00:00,17:00:00,Bisnis,500885,Tepat Waktu
JKA02116,Harina,KA125,Cirebon,Jember,2024-12-10,19:20:00,07:00:00,Bisnis,103528,Dibatalkan
JKA01447,Harina,KA271,Solo Balapan,Jember,2024-01-03,11:25:00,23:10:00,Bisnis,401952,Terlambat
JKA00165,Harina,KA953,Surabaya Pasarturi,Jember,2025-06-18,22:05:00,05:35:00,Eksekutif,296752,Tepat Waktu
JKA01410,Harina,KA591,Jakarta Kota,Jember,2025-01-16,05:05:00,15:45:00,Eksekutif,151719,Dibatalkan
JKA00769,Harina,KA667,Jakarta Kota,Jember,2024-08-03,22:05:00,19:45:00,Eksekutif,,Waiting
JKA01841,Harina,KA986,Pasar Senen,Jember,2025-07-04,10:25:00,10:45:00,Eksekutif,196142,Terlambat
JKA02547,Jayabaya,KA446,Purwokerto,Jember,2025-07-02,15:15:00,15:05:00,Eksekutif,150712,Dibatalkan
JKA02069,Jayabaya,KA499,Surabaya Gubeng,Jember,2024-07-15,16:20:00,09:15:00,Ekonomi,297783,Waiting
JKA02653,Jayabaya,KA966,Solo Balapan,Jember,2024-08-18,01:10:00,03:00:00,Ekonomi,204348,Waiting
JKA01369,Joglosemarkerto,KA276,Purwokerto,Jember,2025-06-10,17:20:00,12:50:00,Bisnis,252976,Tepat Waktu
JKA02392,Joglosemarkerto,KA272,Cirebon,Jember,2024-02-29,03:00:00,07:40:00,Bisnis,199446,Waiting
JKA02146,Joglosemarkerto,KA734,Jakarta Kota,Jember,2024-03-11,21:10:00,23:00:00,Bisnis,50001,Waiting
JKA02817,Joglosemarkerto,KA841,Bandung,Jember,2025-08-10,18:10:00,21:55:00,Eksekutif,195600,Waiting
JKA02436,Joglosemarkerto,KA563,Pasar Senen,Jember,2025-03-24,16:30:00,06:20:00,Ekonomi,154538,Waiting
JKA01505,Joglosemarkerto,KA952,Surabaya Gubeng,Jember,2024-04-13,14:45:00,08:30:00,Ekonomi,395365,Tepat Waktu
JKA01497,Joglosemarkerto,KA132,Cirebon,Jember,2025-05-23,15:30:00,23:35:00,Eksekutif,73567,Tepat Waktu
JKA02137,Joglosemarkerto,KA444,Madiun,Jember,2024-11-16,20:15:00,16:50:00,Ekonomi,754878,Tepat Waktu
JKA00710,Joglosemarkerto,KA748,Cirebon,Jember,2024-10-01,13:45:00,17:00:00,Bisnis,50421,Waiting
JKA00049,Joglosemarkerto,KA932,Malang,Jember,2024-08-14,23:50:00,14:50:00,Eksekutif,401580,Waiting
JKA02502,Kaligung,KA468,Purwokerto,Jember,2024-09-19,10:35:00,08:10:00,Eksekutif,150531,Waiting
JKA00101,Kahuripan,UNKNOWN,Pasar Senen,Jember,2024-02-13,06:55:00,08:00:00,Bisnis,203897,Waiting
JKA02157,Kahuripan,KA422,Bandung,Jember,2024-05-05,19:45:00,05:40:00,Eksekutif,498852,Tepat Waktu
JKA01515,Kahuripan,KA933,Cirebon,Jember,2025-06-27,08:10:00,17:45:00,Bisnis,152002,Terlambat
JKA02692,Kahuripan,KA761,Madiun,Jember,2024-04-15,18:55:00,00:15:00,Ekonomi,97644,Dibatalkan
JKA00005,Kahuripan,KA258,Yogyakarta,Jember,2025-05-20,01:05:00,20:10:00,Ekonomi,76304,Waiting
JKA00742,Kahuripan,KA823,Jakarta Kota,Jember,2024-12-29,13:55:00,19:20:00,Eksekutif,146974,Waiting
JKA00107,Kahuripan,KA675,Kediri,Jember,2024-01-28,22:15:00,09:55:00,Eksekutif,303180,Dibatalkan
JKA02331,Kahuripan,KA465,Cirebon,Jember,2024-09-11,18:40:00,16:20:00,Ekonomi,503146,Waiting
JKA01962,Kahuripan,KA97,Solo Balapan,Jember,2024-03-03,14:45:00,09:35:00,Ekonomi,196541,Waiting
JKA00050,Kahuripan,KA348,Cirebon,Jember,2024-10-28,16:45:00,03:55:00,Eksekutif,498522,Tepat Waktu
JKA01782,Kahuripan,KA248,Purwokerto,Jember,2024-07-03,21:20:00,21:40:00,Bisnis,496102,Waiting
JKA02191,Kaligung,KA53,Surabaya Gubeng,Jember,2024-07-25,13:35:00,22:55:00,Bisnis,504749,Waiting
JKA02971,Kaligung,KA921,Jakarta Kota,Jember,2024-12-08,22:45:00,03:05:00,Eksekutif,498402,Tepat Waktu
JKA00237,Kaligung,KA320,Jakarta Kota,Jember,2024-04-28,09:00:00,10:35:00,Eksekutif,,Waiting
JKA01784,Kaligung,KA47,Kediri,Jember,2025-05-21,20:35:00,15:30:00,Eksekutif,204374,Terlambat
JKA00873,Kaligung,KA491,Kediri,Jember,2024-02-21,16:45:00,11:30:00,Bisnis,199574,Waiting
JKA02522,Kaligung,KA996,Madiun,Jember,2024-04-26,19:10:00,05:15:00,Ekonomi,96586,Waiting
JKA01847,Kertajaya,KA29,Purwokerto,Jember,2024-03-21,08:20:00,17:40:00,Eksekutif,402466,Waiting
JKA01853,Kertajaya,KA91,Madiun,Jember,2025-04-23,22:35:00,21:30:00,Bisnis,303447,Terlambat
JKA02096,Kertajaya,KA14,Purwokerto,Jember,2024-01-25,15:45:00,13:25:00,Eksekutif,45810,Waiting
JKA02659,Kertajaya,KA869,Surabaya Gubeng,Jember,2024-12-29,22:25:00,11:00:00,Eksekutif,496506,Tepat Waktu
JKA00810,Kertajaya,UNKNOWN,Kediri,Jember,2025-01-26,13:15:00,04:05:00,Ekonomi,,Waiting
JKA01187,Kertajaya,KA74,Purwokerto,Jember,2024-09-17,20:55:00,02:50:00,Ekonomi,48342,Tepat Waktu
JKA03000,Kertajaya,KA644,Pasar Senen,Jember,2025-03-21,10:50:00,01:05:00,Bisnis,197488,Waiting
JKA01620,Kertajaya,KA410,Pasar Senen,Jember,2025-07-02,10:50:00,00:55:00,Bisnis,746481,Waiting
JKA00918,Kertajaya,KA563,Bandung,Jember,2024-07-21,10:15:00,14:30:00,UNKNOWN,99698,Waiting
JKA02333,Kertajaya,KA952,Pasar Senen,Jember,2025-08-02,05:20:00,09:30:00,Eksekutif,103682,Waiting
JKA01160,Kertajaya,KA343,Gambir,Jember,2025-07-21,15:20:00,11:45:00,Bisnis,198922,Waiting
JKA00776,Lodaya,KA441,Malang,Jember,2024-11-27,12:45:00,19:35:00,Ekonomi,745246,Terlambat
JKA01226,Lodaya,KA408,Malang,Jember,2024-12-15,23:40:00,06:00:00,Ekonomi,397322,Terlambat
JKA02028,Lodaya,KA816,Gambir,Jember,2024-06-04,08:05:00,00:45:00,Ekonomi,400693,Waiting
JKA02558,Lodaya,KA77,Cirebon,Jember,2024-06-26,22:15:00,15:40:00,Eksekutif,150979,Terlambat
JKA01071,Lodaya,KA232,Surabaya Pasarturi,Jember,2025-01-01,05:10:00,13:05:00,Eksekutif,748921,Waiting
JKA02445,Lodaya,KA852,Surabaya Gubeng,Jember,2024-08-04,18:00:00,07:40:00,Eksekutif,50349,Waiting
JKA02549,Lodaya,KA500,Gambir,Jember,2024-04-11,20:20:00,10:55:00,Ekonomi,153457,Terlambat
JKA00556,Malabar,KA902,Bandung,Jember,2024-11-14,20:45:00,07:50:00,Ekonomi,78867,Tepat Waktu
JKA00941,Malabar,KA608,Jakarta Kota,Jember,2025-02-12,12:05:00,22:00:00,Eksekutif,,Terlambat
JKA01443,Malabar,KA455,Purwokerto,Jember,2024-07-17,15:45:00,13:15:00,Ekonomi,253491,Tepat Waktu
JKA02747,Matarmaja,KA600,Gambir,Jember,2024-07-03,06:55:00,23:50:00,Bisnis,96251,Terlambat
JKA01919,Matarmaja,KA869,Gambir,Jember,2025-01-19,10:05:00,16:30:00,Ekonomi,752577,Tepat Waktu
JKA01085,Matarmaja,KA953,Gambir,Jember,2025-01-14,08:45:00,03:15:00,UNKNOWN,751055,Terlambat
JKA00432,Matarmaja,KA608,Yogyakarta,Jember,2024-05-01,20:20:00,10:15:00,Eksekutif,,Waiting
JKA02462,Matarmaja,KA83,Malang,Jember,2024-07-30,06:05:00,05:45:00,Eksekutif,754984,Dibatalkan
JKA01534,Matarmaja,KA513,Kediri,Jember,2025-05-26,02:20:00,15:40:00,Bisnis,74107,Terlambat
JKA01794,Matarmaja,KA847,Bandung,Jember,2024-06-08,19:05:00,13:25:00,Eksekutif,,Terlambat
JKA02039,Matarmaja,KA763,Surabaya Pasarturi,Jember,2024-06-09,20:15:00,09:40:00,Eksekutif,403642,Dibatalkan
JKA01982,Matarmaja,KA115,Pasar Senen,Jember,2025-01-03,23:30:00,08:40:00,Ekonomi,101567,Tepat Waktu
JKA02983,Mutiara Selatan,KA168,Bandung,Jember,2025-06-07,21:50:00,21:45:00,Eksekutif,146380,Waiting
JKA02973,Mutiara Selatan,KA59,Cirebon,Jember,2025-07-15,02:00:00,08:40:00,Eksekutif,199029,Tepat Waktu
JKA02220,Mutiara Selatan,KA507,Kediri,Jember,2025-08-09,12:10:00,15:35:00,Bisnis,104989,Tepat Waktu
JKA02461,Mutiara Selatan,KA554,Kediri,Jember,2024-07-07,00:55:00,05:25:00,Eksekutif,49347,Tepat Waktu
JKA01379,Mutiara Selatan,KA405,Cirebon,Jember,2025-07-06,14:20:00,08:25:00,Ekonomi,303324,Tepat Waktu
JKA02814,Mutiara Selatan,KA546,Bandung,Jember,2024-12-22,19:45:00,16:15:00,Eksekutif,297312,Waiting
JKA00497,Mutiara Selatan,KA216,Surabaya Pasarturi,Jember,2024-11-26,18:50:00,04:20:00,Eksekutif,751082,Tepat Waktu
JKA00439,Mutiara Selatan,KA48,Bandung,Jember,2024-10-11,18:50:00,21:30:00,Eksekutif,248246,Tepat Waktu
JKA02125,Mutiara Selatan,KA148,Yogyakarta,Jember,2025-02-04,18:45:00,05:20:00,Bisnis,98793,Terlambat
JKA02753,Mutiara Selatan,KA962,Semarang Tawang,Jember,2024-10-01,16:55:00,15:05:00,Eksekutif,51293,Tepat Waktu
JKA01697,Mutiara Selatan,KA911,Solo Balapan,Jember,2024-09-07,06:10:00,06:30:00,Bisnis,100937,Waiting
JKA02323,Mutiara Selatan,KA381,Purwokerto,Jember,2025-06-04,15:35:00,15:50:00,Eksekutif,253677,Terlambat
JKA01588,Pasundan,KA229,Malang,Jember,2024-09-24,01:00:00,09:05:00,Eksekutif,197235,Tepat Waktu
JKA01929,Pasundan,KA625,Malang,Jember,2025-03-10,18:05:00,03:40:00,Ekonomi,745625,Dibatalkan
JKA02213,Pasundan,KA405,Kediri,Jember,2024-07-06,23:50:00,15:15:00,Eksekutif,48459,Tepat Waktu
JKA02877,Pasundan,KA475,Malang,Jember,2025-01-11,08:25:00,08:55:00,Ekonomi,200012,Waiting
JKA02652,Pasundan,KA503,Solo Balapan,Jember,2024-08-29,01:25:00,16:15:00,Ekonomi,47986,Waiting
JKA02869,Progo,KA664,Cirebon,Jember,2024-08-15,17:35:00,19:45:00,Ekonomi,503674,Waiting
JKA01136,Progo,KA534,Bandung,Jember,2024-04-26,22:45:00,20:00:00,Ekonomi,403615,Waiting
JKA00657,Sancaka,KA826,Bandung,Jember,2025-07-01,16:05:00,21:45:00,Eksekutif,75836,Tepat Waktu
JKA02733,Sancaka,KA299,Solo Balapan,Jember,2024-07-04,07:20:00,16:45:00,Bisnis,197787,Waiting
JKA02840,Sancaka,KA442,Kediri,Jember,2024-01-05,13:20:00,17:00:00,Eksekutif,246758,Waiting
JKA00741,Sembrani,KA977,Surabaya Gubeng,Jember,2024-02-13,14:05:00,01:35:00,Ekonomi,70783,Terlambat
JKA00603,Sembrani,KA347,Pasar Senen,Jember,2024-02-27,15:05:00,04:10:00,Ekonomi,98850,Dibatalkan
JKA02063,Sembrani,KA934,Solo Balapan,Jember,2024-02-13,22:15:00,04:45:00,Eksekutif,503701,Waiting
JKA01433,Sembrani,KA781,Pasar Senen,Jember,2024-05-06,23:55:00,09:20:00,Eksekutif,,Waiting
JKA01231,Sembrani,KA45,Malang,Jember,2025-05-22,19:30:00,15:05:00,Eksekutif,198650,Waiting
JKA01664,Sembrani,KA816,Semarang Tawang,Jember,2025-04-17,21:35:00,01:55:00,Bisnis,747340,Tepat Waktu
JKA00672,Serayu,KA659,Purwokerto,Jember,2025-03-27,07:55:00,06:25:00,Eksekutif,195191,Dibatalkan
JKA02099,Taksaka,KA191,Kediri,Jember,2024-02-01,08:00:00,07:30:00,Eksekutif,99402,Terlambat
JKA00374,Turangga,KA999,Cirebon,Jember,2024-09-29,15:25:00,10:25:00,Ekonomi,150918,Tepat Waktu
JKA00017,Taksaka,KA447,Purwokerto,Jember,2025-02-13,00:05:00,05:45:00,Eksekutif,79774,Dibatalkan
JKA00066,Taksaka,KA999,Cirebon,Jember,2024-01-17,22:10:00,13:00:00,Bisnis,751825,Terlambat
JKA00211,Taksaka,KA104,Semarang Tawang,Jember,2025-03-01,22:00:00,16:00:00,Eksekutif,196276,Tepat Waktu
JKA01703,Taksaka,KA345,Bandung,Jember,2024-09-29,22:50:00,02:55:00,Eksekutif,296392,Dibatalkan
JKA02353,Taksaka,KA593,Semarang Tawang,Jember,2025-03-17,07:25:00,00:45:00,Ekonomi,148247,Dibatalkan
JKA02903,Taksaka,KA737,Kediri,Jember,2025-03-25,13:50:00,04:25:00,Ekonomi,399991,Dibatalkan
JKA02074,Taksaka,KA478,Malang,Jember,2024-01-29,10:50:00,23:10:00,Eksekutif,47078,Terlambat
JKA02626,Taksaka,KA687,Cirebon,Jember,2025-06-15,05:40:00,14:05:00,Bisnis,49958,Waiting
JKA02738,Taksaka,KA173,Gambir,Jember,2025-01-15,08:45:00,22:20:00,Ekonomi,77154,Terlambat
JKA00914,Tawang Jaya,KA108,Madiun,Jember,2025-03-10,07:35:00,03:55:00,Eksekutif,48319,Terlambat
JKA01350,Tawang Jaya,KA23,Solo Balapan,Jember,2025-01-25,03:20:00,00:15:00,Eksekutif,78460,Waiting
JKA00959,Tawang Jaya,KA467,Jakarta Kota,Jember,2025-05-08,00:55:00,20:25:00,Eksekutif,204355,Waiting
JKA02865,Tawang Jaya,KA658,Kediri,Jember,2024-06-12,13:35:00,05:00:00,Eksekutif,71257,Waiting
JKA00784,Tawang Jaya,KA587,Pasar Senen,Jember,2025-08-10,17:55:00,22:20:00,Eksekutif,104297,Terlambat
JKA02163,Tawang Jaya,KA996,Semarang Tawang,Jember,2024-03-17,07:00:00,03:10:00,Ekonomi,98145,Tepat Waktu
JKA02824,Tawang Jaya,KA274,Jakarta Kota,Jember,2024-03-23,10:40:00,11:40:00,Ekonomi,297277,Terlambat
JKA00944,Turangga,KA342,Cirebon,Jember,2025-03-16,03:25:00,05:25:00,Bisnis,499748,Terlambat
JKA00245,Turangga,KA448,Surabaya Gubeng,Jember,2025-01-28,13:10:00,21:10:00,Eksekutif,70257,Waiting
JKA02998,Turangga,KA600,Purwokerto,Jember,2025-03-31,23:15:00,09:35:00,Ekonomi,100596,Waiting
JKA00093,Turangga,KA308,Yogyakarta,Jember,2024-10-23,23:45:00,18:45:00,Bisnis,197347,Tepat Waktu
JKA01041,Turangga,KA513,Yogyakarta,Jember,2025-01-22,06:10:00,23:45:00,Ekonomi,299641,Terlambat
JKA01682,Turangga,KA604,Gambir,Jember,2024-08-12,08:50:00,04:50:00,Ekonomi,500781,Tepat Waktu
JKA00134,UNKNOWN,KA398,Pasar Senen,Kediri,2025-06-22,20:40:00,12:55:00,Eksekutif,502940,Waiting
JKA02586,UNKNOWN,KA291,Purwokerto,Kediri,2025-02-07,14:15:00,05:00:00,Eksekutif,147916,Tepat Waktu
JKA01749,UNKNOWN,KA246,Malang,Kediri,2024-08-26,05:30:00,11:45:00,Eksekutif,402081,Tepat Waktu
JKA02798,UNKNOWN,KA900,Cirebon,Kediri,2024-05-25,18:55:00,10:50:00,Eksekutif,199402,Waiting
JKA02936,UNKNOWN,KA513,Bandung,Kediri,2025-03-15,06:20:00,17:20:00,Eksekutif,403512,Tepat Waktu
JKA02120,UNKNOWN,KA193,Bandung,Kediri,2024-04-05,14:20:00,05:45:00,Bisnis,251064,Terlambat
JKA02444,Brantas,KA596,Purwokerto,Kediri,2025-07-17,00:50:00,15:15:00,Bisnis,302913,Dibatalkan
JKA00283,Brantas,KA876,Bandung,Kediri,2024-05-06,18:15:00,21:25:00,Eksekutif,99544,Terlambat
JKA01050,Kahuripan,KA854,Solo Balapan,Kediri,2024-09-09,23:45:00,02:15:00,Bisnis,199454,Tepat Waktu
JKA00917,Kaligung,KA482,Yogyakarta,Kediri,2025-04-24,22:15:00,03:30:00,Eksekutif,54052,Terlambat
JKA01601,Malabar,KA161,Yogyakarta,Kediri,2025-03-08,12:35:00,22:05:00,Bisnis,74865,Tepat Waktu
JKA00372,Progo,KA462,Bandung,Kediri,2025-03-03,20:20:00,05:10:00,Bisnis,98244,Tepat Waktu
JKA00328,Progo,KA493,Yogyakarta,Kediri,2025-03-07,09:20:00,05:55:00,Eksekutif,78970,Tepat Waktu
JKA00324,Sancaka,KA775,Pasar Senen,Kediri,2025-07-06,07:20:00,16:05:00,Eksekutif,249255,Tepat Waktu
JKA01337,Turangga,KA10,Madiun,Kediri,2025-07-14,09:00:00,23:25:00,Bisnis,72761,Dibatalkan
JKA01826,Argo Parahyangan,KA4,Cirebon,Kediri,2025-08-17,09:35:00,01:50:00,Ekonomi,78579,Tepat Waktu
JKA00912,Argo Bromo Anggrek,KA240,Surabaya Pasarturi,Kediri,2024-10-16,03:05:00,06:40:00,Ekonomi,102595,Tepat Waktu
JKA02540,Argo Bromo Anggrek,KA744,Bandung,Kediri,2025-03-07,03:55:00,17:55:00,Eksekutif,77230,Terlambat
JKA00438,Argo Bromo Anggrek,KA12,Solo Balapan,Kediri,2024-07-09,07:05:00,21:25:00,Bisnis,,Waiting
JKA00886,Argo Bromo Anggrek,KA503,Jember,Kediri,2024-10-11,08:25:00,03:55:00,Eksekutif,253808,Waiting
JKA02429,Argo Bromo Anggrek,KA205,Pasar Senen,Kediri,2025-06-14,15:45:00,02:25:00,Ekonomi,747631,Waiting
JKA00982,Argo Bromo Anggrek,KA558,Pasar Senen,Kediri,2025-07-13,05:05:00,21:15:00,Eksekutif,95653,Waiting
JKA01439,Argo Parahyangan,KA933,Semarang Tawang,Kediri,2024-01-08,23:45:00,00:40:00,Eksekutif,49812,Dibatalkan
JKA02399,Argo Parahyangan,KA582,Yogyakarta,Kediri,2024-12-19,13:25:00,02:10:00,Ekonomi,200735,Tepat Waktu
JKA02856,Argo Parahyangan,KA696,Madiun,Kediri,2024-04-20,04:30:00,01:35:00,Bisnis,404380,Dibatalkan
JKA01943,Argo Parahyangan,KA392,Madiun,Kediri,2024-08-02,23:45:00,12:10:00,Ekonomi,251024,Waiting
JKA02032,Argo Parahyangan,KA293,Surabaya Gubeng,Kediri,2025-04-24,14:30:00,03:40:00,Bisnis,197944,Terlambat
JKA01365,Argo Parahyangan,KA354,Yogyakarta,Kediri,2024-06-01,05:30:00,12:45:00,UNKNOWN,147048,Dibatalkan
JKA01318,Bengawan,UNKNOWN,Pasar Senen,Kediri,2025-07-15,22:45:00,02:20:00,Bisnis,204975,Dibatalkan
JKA02622,Bengawan,KA159,Bandung,Kediri,2025-04-07,16:35:00,06:25:00,Ekonomi,202247,Dibatalkan
JKA02169,Bengawan,KA784,Jember,Kediri,2025-06-08,10:40:00,11:40:00,Eksekutif,200254,Dibatalkan
JKA00683,Bengawan,KA529,Surabaya Pasarturi,Kediri,2024-02-18,12:20:00,17:40:00,Ekonomi,197907,Terlambat
JKA01644,Bengawan,KA453,Madiun,Kediri,2025-02-28,23:50:00,05:30:00,Ekonomi,,Tepat Waktu
JKA02288,Bengawan,KA973,Pasar Senen,Kediri,2024-04-01,06:15:00,15:45:00,Eksekutif,,Waiting
JKA01313,Bima,KA697,Cirebon,Kediri,2024-09-21,01:20:00,12:20:00,Ekonomi,152222,Waiting
JKA02092,Bima,UNKNOWN,Purwokerto,Kediri,2025-01-10,09:05:00,08:15:00,Eksekutif,47735,Tepat Waktu
JKA01340,Bima,KA167,Gambir,Kediri,2024-06-18,22:55:00,16:05:00,Eksekutif,74751,Tepat Waktu
JKA00703,Bima,KA960,Jember,Kediri,2024-04-04,23:50:00,12:00:00,Ekonomi,746094,Tepat Waktu
JKA00923,Bima,KA930,Cirebon,Kediri,2025-03-10,10:35:00,17:25:00,Bisnis,72241,Tepat Waktu
JKA01835,Bima,KA89,Purwokerto,Kediri,2025-06-21,04:10:00,20:20:00,Bisnis,501902,Tepat Waktu
JKA00961,Bima,KA31,Pasar Senen,Kediri,2024-07-27,14:05:00,23:00:00,Eksekutif,199299,Terlambat
JKA00194,Brantas,KA132,Gambir,Kediri,2025-07-08,15:25:00,15:45:00,Eksekutif,103374,Terlambat
JKA00735,Brantas,UNKNOWN,Purwokerto,Kediri,2024-11-04,04:20:00,03:05:00,Eksekutif,501468,Dibatalkan
JKA02472,Brantas,KA875,Jember,Kediri,2024-12-16,17:55:00,09:40:00,Eksekutif,299646,Terlambat
JKA02504,Brantas,KA193,Yogyakarta,Kediri,2024-03-25,23:00:00,23:20:00,Bisnis,98519,Tepat Waktu
JKA02670,Brantas,KA164,Yogyakarta,Kediri,2025-07-25,08:10:00,06:30:00,Eksekutif,396524,Waiting
JKA02669,Gajayana,KA755,Surabaya Gubeng,Kediri,2024-07-17,02:30:00,22:20:00,Eksekutif,252351,Dibatalkan
JKA00285,Gajayana,KA862,Malang,Kediri,2025-01-04,17:55:00,02:25:00,Eksekutif,299646,Waiting
JKA02249,Gajayana,KA417,Purwokerto,Kediri,2024-04-26,08:30:00,02:45:00,Ekonomi,77440,Waiting
JKA00496,Gajayana,KA823,Yogyakarta,Kediri,2024-01-14,16:55:00,05:15:00,UNKNOWN,70639,Waiting
JKA00785,Gajayana,KA794,Cirebon,Kediri,2025-06-11,15:15:00,17:05:00,Eksekutif,70581,Dibatalkan
JKA02749,Gajayana,KA975,Surabaya Gubeng,Kediri,2024-11-21,05:40:00,11:40:00,Ekonomi,503596,Waiting
JKA01755,Gajayana,KA541,Surabaya Pasarturi,Kediri,2024-06-25,21:55:00,03:20:00,Ekonomi,201484,Waiting
JKA01809,Gaya Baru Malam,KA998,Gambir,Kediri,2025-05-21,00:05:00,11:05:00,Eksekutif,402753,Dibatalkan
JKA01280,Gaya Baru Malam,KA558,Semarang Tawang,Kediri,2024-10-24,04:10:00,15:10:00,Eksekutif,752359,Terlambat
JKA00114,Gaya Baru Malam,KA524,Gambir,Kediri,2024-08-13,01:20:00,17:20:00,Eksekutif,404267,Terlambat
JKA00494,Gaya Baru Malam,KA608,Solo Balapan,Kediri,2024-08-25,11:35:00,20:20:00,Bisnis,71562,Tepat Waktu
JKA02409,Gaya Baru Malam,KA234,Jakarta Kota,Kediri,2024-06-25,00:00:00,05:20:00,Bisnis,152374,Dibatalkan
JKA02431,Gaya Baru Malam,KA243,Surabaya Gubeng,Kediri,2025-03-31,13:55:00,14:40:00,Eksekutif,298374,Dibatalkan
JKA02513,Gaya Baru Malam,KA82,Semarang Tawang,Kediri,2024-10-05,18:05:00,22:55:00,Bisnis,72001,Waiting
JKA01442,Gaya Baru Malam,KA191,Solo Balapan,Kediri,2025-04-08,12:15:00,04:55:00,Ekonomi,149898,Dibatalkan
JKA00140,Harina,KA165,Malang,Kediri,2025-08-14,05:35:00,01:20:00,Ekonomi,196715,Tepat Waktu
JKA02619,Harina,KA25,Bandung,Kediri,2025-07-17,12:25:00,15:10:00,Ekonomi,72565,Waiting
JKA02606,Harina,KA953,Madiun,Kediri,2025-04-10,17:05:00,20:30:00,Ekonomi,752681,Waiting
JKA00642,Harina,KA651,Gambir,Kediri,2025-06-13,14:35:00,16:00:00,Bisnis,300409,Waiting
JKA02719,Jayabaya,KA804,Jakarta Kota,Kediri,2024-05-06,04:10:00,08:25:00,Eksekutif,504252,Tepat Waktu
JKA00098,Jayabaya,KA7,Madiun,Kediri,2024-12-26,04:55:00,05:40:00,UNKNOWN,46217,Waiting
JKA01384,Jayabaya,KA228,Cirebon,Kediri,2025-08-15,06:30:00,01:25:00,Eksekutif,746554,Terlambat
JKA02336,Jayabaya,KA352,Jakarta Kota,Kediri,2024-08-01,06:15:00,08:15:00,Bisnis,302882,Terlambat
JKA00409,Jayabaya,KA557,Gambir,Kediri,2024-04-18,22:05:00,04:35:00,Eksekutif,100036,Tepat Waktu
JKA02488,Joglosemarkerto,KA516,Semarang Tawang,Kediri,2024-02-14,18:45:00,08:00:00,Bisnis,45898,Tepat Waktu
JKA02630,Joglosemarkerto,KA813,Malang,Kediri,2025-03-21,11:15:00,08:35:00,Eksekutif,70189,Tepat Waktu
JKA02174,Joglosemarkerto,KA104,Madiun,Kediri,2025-06-20,01:05:00,14:05:00,Eksekutif,,Tepat Waktu
JKA02373,Joglosemarkerto,KA393,Surabaya Pasarturi,Kediri,2024-08-29,15:55:00,23:45:00,Ekonomi,95281,Tepat Waktu
JKA00280,Joglosemarkerto,KA531,Cirebon,Kediri,2024-06-20,10:50:00,08:50:00,Eksekutif,504503,Terlambat
JKA00754,Joglosemarkerto,KA941,Purwokerto,Kediri,2024-06-16,22:30:00,07:15:00,Bisnis,295006,Tepat Waktu
JKA01621,Joglosemarkerto,KA236,Cirebon,Kediri,2024-07-11,00:05:00,02:10:00,Eksekutif,301272,Waiting
JKA01121,Joglosemarkerto,KA411,Jakarta Kota,Kediri,2025-06-27,09:40:00,02:50:00,Bisnis,95936,Terlambat
JKA00739,Joglosemarkerto,KA857,Pasar Senen,Kediri,2024-11-11,11:35:00,11:20:00,Eksekutif,99032,Waiting
JKA02197,Joglosemarkerto,KA106,Bandung,Kediri,2024-06-06,20:45:00,17:30:00,Ekonomi,197509,Dibatalkan
JKA02290,Kahuripan,KA541,Surabaya Pasarturi,Kediri,2024-03-27,18:30:00,02:50:00,Ekonomi,98112,Tepat Waktu
JKA00123,Kahuripan,KA786,Yogyakarta,Kediri,2025-04-27,00:45:00,00:20:00,Eksekutif,51520,Terlambat
JKA01512,Kahuripan,KA469,Surabaya Pasarturi,Kediri,2024-02-24,13:00:00,18:40:00,Eksekutif,203951,Waiting
JKA01746,Kahuripan,KA690,Malang,Kediri,2024-05-28,20:05:00,11:45:00,Ekonomi,148432,Waiting
JKA01019,Kahuripan,UNKNOWN,Cirebon,Kediri,2025-02-03,12:40:00,16:20:00,Eksekutif,,Terlambat
JKA02680,Kahuripan,KA544,Cirebon,Kediri,2024-03-27,13:15:00,22:45:00,Eksekutif,202330,Waiting
JKA01018,Kahuripan,KA767,Purwokerto,Kediri,2025-03-31,15:25:00,06:45:00,Eksekutif,503860,Tepat Waktu
JKA00478,Kahuripan,KA452,Solo Balapan,Kediri,2024-03-21,07:45:00,17:55:00,Eksekutif,495842,Terlambat
JKA01805,Kaligung,KA392,Bandung,Kediri,2025-05-18,08:05:00,15:35:00,Eksekutif,74916,Waiting
JKA01502,Kaligung,KA705,Bandung,Kediri,2024-02-02,14:10:00,08:00:00,Eksekutif,72044,Waiting
JKA00659,Kaligung,KA957,Pasar Senen,Kediri,2025-05-21,12:25:00,06:00:00,Eksekutif,145060,Waiting
JKA00433,Kaligung,KA643,Purwokerto,Kediri,2025-01-01,07:50:00,09:15:00,Bisnis,299267,Terlambat
JKA01838,Kaligung,KA953,Jakarta Kota,Kediri,2024-06-09,20:25:00,22:10:00,Bisnis,504348,Waiting
JKA01420,Kaligung,KA264,Surabaya Pasarturi,Kediri,2024-01-30,07:35:00,01:20:00,Ekonomi,51329,Waiting
JKA01333,Kaligung,KA375,Jakarta Kota,Kediri,2025-01-19,17:15:00,11:30:00,Ekonomi,496240,Tepat Waktu
JKA02401,Kaligung,KA107,Pasar Senen,Kediri,2024-02-19,12:30:00,15:25:00,UNKNOWN,199874,Terlambat
JKA01684,Kaligung,KA137,Pasar Senen,Kediri,2024-05-17,02:35:00,02:50:00,Eksekutif,104241,Tepat Waktu
JKA00880,Kaligung,KA588,Surabaya Gubeng,Kediri,2025-08-21,00:15:00,18:35:00,Bisnis,250727,Tepat Waktu
JKA02054,Kertajaya,KA151,Yogyakarta,Kediri,2025-02-26,06:45:00,20:00:00,Eksekutif,49501,Dibatalkan
JKA02632,Kertajaya,KA123,Jakarta Kota,Kediri,2024-01-15,15:50:00,16:20:00,Ekonomi,99403,Tepat Waktu
JKA02460,Kertajaya,KA105,Madiun,Kediri,2025-07-22,11:30:00,02:00:00,Eksekutif,97792,Waiting
JKA00638,Kertajaya,KA258,Jember,Kediri,2025-05-16,17:40:00,16:35:00,Eksekutif,754461,Waiting
JKA02215,Kertajaya,KA586,Yogyakarta,Kediri,2024-08-18,03:00:00,04:35:00,Eksekutif,501973,Waiting
JKA02519,Kertajaya,KA451,Surabaya Gubeng,Kediri,2025-06-08,12:55:00,03:30:00,Ekonomi,254075,Waiting
JKA01383,Lodaya,KA877,Gambir,Kediri,2024-01-27,18:25:00,06:40:00,Eksekutif,46123,Dibatalkan
JKA00224,Lodaya,KA34,Madiun,Kediri,2025-05-03,16:45:00,22:50:00,Bisnis,303051,Terlambat
JKA00488,Lodaya,KA436,Malang,Kediri,2025-02-05,17:35:00,03:15:00,Eksekutif,201874,Waiting
JKA01368,Lodaya,KA671,Semarang Tawang,Kediri,2025-08-16,03:00:00,07:55:00,UNKNOWN,45113,Waiting
JKA01584,Lodaya,KA348,Semarang Tawang,Kediri,2024-05-02,11:50:00,16:15:00,Eksekutif,747906,Tepat Waktu
JKA02310,Lodaya,KA287,Cirebon,Kediri,2025-06-09,17:00:00,02:40:00,Bisnis,498132,Terlambat
JKA01224,Mutiara Selatan,KA962,Surabaya Gubeng,Kediri,2024-07-06,15:00:00,10:05:00,UNKNOWN,502989,Terlambat
JKA01686,Malabar,UNKNOWN,Yogyakarta,Kediri,2024-02-22,02:50:00,09:00:00,Ekonomi,199045,Terlambat
JKA00673,Malabar,KA91,Purwokerto,Kediri,2024-09-03,15:55:00,17:10:00,Eksekutif,398544,Waiting
JKA01130,Malabar,KA659,Gambir,Kediri,2025-06-29,03:10:00,14:00:00,Eksekutif,79570,Waiting
JKA01781,Malabar,KA167,Jakarta Kota,Kediri,2025-01-31,03:50:00,22:15:00,Bisnis,146992,Tepat Waktu
JKA01328,Malabar,KA261,Jakarta Kota,Kediri,2025-01-12,07:25:00,05:15:00,Eksekutif,403187,Tepat Waktu
JKA00812,Malabar,KA107,Surabaya Gubeng,Kediri,2024-06-10,03:20:00,09:15:00,Eksekutif,751760,Waiting
JKA01084,Malabar,KA88,Surabaya Gubeng,Kediri,2024-08-05,14:50:00,00:40:00,Bisnis,504916,Waiting
JKA01799,Malabar,KA299,Malang,Kediri,2024-04-14,04:45:00,07:55:00,Eksekutif,47949,Waiting
JKA02779,Malabar,KA557,Semarang Tawang,Kediri,2025-03-18,05:25:00,16:05:00,Eksekutif,49758,Terlambat
JKA02756,Matarmaja,KA329,Jakarta Kota,Kediri,2024-02-05,14:20:00,14:20:00,Bisnis,195106,Tepat Waktu
JKA01719,Matarmaja,KA230,Bandung,Kediri,2024-05-11,10:30:00,17:35:00,Eksekutif,102921,Dibatalkan
JKA00764,Matarmaja,KA234,Purwokerto,Kediri,2025-03-11,04:55:00,05:00:00,Ekonomi,198748,Dibatalkan
JKA01707,Matarmaja,KA455,Jember,Kediri,2025-07-15,12:15:00,20:20:00,Eksekutif,248968,Waiting
JKA02664,Matarmaja,UNKNOWN,Surabaya Pasarturi,Kediri,2025-05-30,20:10:00,07:55:00,Eksekutif,750055,Waiting
JKA00233,Matarmaja,KA342,Jember,Kediri,2024-08-05,20:15:00,08:05:00,Ekonomi,504011,Waiting
JKA02341,Matarmaja,KA274,Pasar Senen,Kediri,2024-11-10,01:30:00,18:55:00,Bisnis,79227,Waiting
JKA00336,Matarmaja,KA367,Malang,Kediri,2025-02-06,20:50:00,17:00:00,Bisnis,75783,Terlambat
JKA00287,Matarmaja,KA257,Madiun,Kediri,2025-08-18,20:30:00,15:50:00,Eksekutif,499569,Waiting
JKA02809,Matarmaja,KA699,Jakarta Kota,Kediri,2024-09-15,15:00:00,19:30:00,Ekonomi,504581,Terlambat
JKA00396,Matarmaja,KA450,Yogyakarta,Kediri,2024-09-13,15:30:00,09:25:00,Bisnis,499415,Waiting
JKA02510,Matarmaja,KA596,Purwokerto,Kediri,2025-03-19,05:20:00,07:20:00,Eksekutif,201256,Tepat Waktu
JKA01592,Mutiara Selatan,KA162,Pasar Senen,Kediri,2024-05-13,11:45:00,01:40:00,Eksekutif,748836,Dibatalkan
JKA01096,Mutiara Selatan,UNKNOWN,Gambir,Kediri,2024-04-26,15:50:00,02:25:00,Bisnis,70718,Terlambat
JKA00890,Mutiara Selatan,KA508,Yogyakarta,Kediri,2024-10-10,00:45:00,04:55:00,Ekonomi,751666,Waiting
JKA00687,Mutiara Selatan,KA615,Surabaya Gubeng,Kediri,2024-12-29,16:20:00,22:05:00,Bisnis,147316,Waiting
JKA00668,Mutiara Selatan,KA165,Solo Balapan,Kediri,2024-01-15,16:05:00,11:20:00,Eksekutif,149515,Dibatalkan
JKA02660,Mutiara Selatan,KA950,Malang,Kediri,2024-01-04,20:55:00,02:00:00,Eksekutif,101439,Terlambat
JKA00085,Mutiara Selatan,KA949,Pasar Senen,Kediri,2024-04-01,17:55:00,05:30:00,Eksekutif,303116,Waiting
JKA01988,Mutiara Selatan,KA462,Jember,Kediri,2025-03-28,18:25:00,18:05:00,Eksekutif,496482,Terlambat
JKA01107,Mutiara Selatan,KA452,Pasar Senen,Kediri,2025-01-31,15:40:00,18:05:00,Ekonomi,251495,Terlambat
JKA01110,Progo,KA26,Yogyakarta,Kediri,2024-09-24,12:50:00,04:20:00,Ekonomi,152693,Dibatalkan
JKA01192,Pasundan,UNKNOWN,Purwokerto,Kediri,2024-09-07,21:45:00,08:35:00,Eksekutif,251213,Tepat Waktu
JKA02597,Pasundan,KA432,Madiun,Kediri,2025-07-02,10:05:00,00:25:00,Eksekutif,247109,Waiting
JKA00647,Pasundan,KA376,Bandung,Kediri,2024-01-09,17:30:00,02:55:00,Eksekutif,52720,Waiting
JKA00083,Progo,KA672,Pasar Senen,Kediri,2024-10-07,03:45:00,12:25:00,Ekonomi,49712,Tepat Waktu
JKA02633,Progo,KA846,Gambir,Kediri,2025-06-25,11:15:00,17:50:00,Bisnis,198415,Waiting
JKA01046,Progo,KA30,Cirebon,Kediri,2025-07-13,13:05:00,07:50:00,Eksekutif,303442,Tepat Waktu
JKA01916,Progo,KA284,Solo Balapan,Kediri,2024-03-28,11:15:00,15:35:00,Bisnis,403594,Terlambat
JKA00617,Progo,KA557,Jember,Kediri,2024-04-10,22:45:00,21:35:00,Eksekutif,52986,Dibatalkan
JKA01828,Sembrani,KA9,Jember,Kediri,2024-03-17,19:10:00,20:20:00,Bisnis,754988,Tepat Waktu
JKA00522,Sancaka,KA585,Solo Balapan,Kediri,2024-01-24,17:55:00,07:30:00,Eksekutif,747023,Tepat Waktu
JKA01964,Sancaka,KA943,Purwokerto,Kediri,2025-07-27,12:30:00,08:00:00,Eksekutif,77247,Dibatalkan
JKA02678,Sancaka,KA995,Cirebon,Kediri,2024-12-31,14:30:00,03:00:00,Bisnis,102288,Waiting
JKA02514,Sancaka,KA570,Jakarta Kota,Kediri,2025-05-28,20:35:00,17:05:00,Bisnis,150663,Waiting
JKA00259,Sancaka,KA831,Jakarta Kota,Kediri,2024-04-09,19:10:00,03:05:00,Ekonomi,748613,Dibatalkan
JKA02802,Sancaka,KA482,Yogyakarta,Kediri,2025-06-07,01:10:00,11:30:00,Eksekutif,248821,Waiting
JKA00404,Sancaka,KA526,Jember,Kediri,2025-02-03,19:20:00,05:00:00,Ekonomi,154701,Waiting
JKA02614,Sembrani,KA720,Solo Balapan,Kediri,2025-01-08,23:55:00,13:50:00,Ekonomi,496667,Tepat Waktu
JKA02455,Sembrani,KA775,Pasar Senen,Kediri,2024-03-03,17:15:00,22:50:00,Eksekutif,753256,Dibatalkan
JKA02581,Sembrani,KA637,Purwokerto,Kediri,2024-02-14,18:00:00,07:45:00,Ekonomi,503845,Dibatalkan
JKA00892,Sembrani,KA99,Pasar Senen,Kediri,2025-02-28,02:45:00,06:30:00,UNKNOWN,252616,Tepat Waktu
JKA01903,Sembrani,KA799,Purwokerto,Kediri,2024-04-21,02:50:00,09:15:00,Eksekutif,303492,Terlambat
JKA00341,Sembrani,KA453,Bandung,Kediri,2025-03-25,20:35:00,02:00:00,Eksekutif,246065,Waiting
JKA02602,Sembrani,KA561,Solo Balapan,Kediri,2024-11-08,18:15:00,14:55:00,Bisnis,48813,Tepat Waktu
JKA00537,Sembrani,KA734,Solo Balapan,Kediri,2025-03-03,12:00:00,11:50:00,Eksekutif,195319,Waiting
JKA01422,Sembrani,KA611,Madiun,Kediri,2025-08-12,02:00:00,00:10:00,Eksekutif,52912,Waiting
JKA02351,Sembrani,KA847,Jakarta Kota,Kediri,2025-04-04,07:35:00,02:00:00,Ekonomi,151580,Waiting
JKA00763,Serayu,KA904,Gambir,Kediri,2025-07-03,03:35:00,15:55:00,Ekonomi,98209,Waiting
JKA01003,Serayu,KA678,Cirebon,Kediri,2024-03-20,19:55:00,01:45:00,Eksekutif,245232,Waiting
JKA02097,Serayu,KA647,Malang,Kediri,2024-03-30,04:50:00,06:35:00,Eksekutif,103172,Terlambat
JKA02277,Serayu,KA807,Purwokerto,Kediri,2024-01-06,17:00:00,01:50:00,Ekonomi,74947,Dibatalkan
JKA00757,Serayu,KA823,Cirebon,Kediri,2024-09-11,22:45:00,09:40:00,Ekonomi,196479,Dibatalkan
JKA00491,Serayu,KA408,Surabaya Pasarturi,Kediri,2024-06-14,10:30:00,17:55:00,Eksekutif,45328,Waiting
JKA01518,Serayu,KA640,Malang,Kediri,2024-10-25,18:25:00,16:55:00,Eksekutif,303034,Terlambat
JKA01390,Serayu,KA280,Madiun,Kediri,2025-02-20,17:55:00,22:45:00,Eksekutif,195624,Terlambat
JKA00855,Serayu,KA86,Malang,Kediri,2025-03-22,07:10:00,16:45:00,Bisnis,148514,Waiting
JKA02456,Turangga,KA751,Surabaya Gubeng,Kediri,2024-01-03,02:00:00,01:35:00,Ekonomi,146915,Terlambat
JKA02518,Taksaka,KA516,Jember,Kediri,2025-06-30,01:55:00,15:05:00,Bisnis,753305,Dibatalkan
JKA01876,Taksaka,KA642,Purwokerto,Kediri,2024-08-16,10:35:00,06:50:00,Eksekutif,299420,Terlambat
JKA02855,Taksaka,KA11,Pasar Senen,Kediri,2024-10-27,15:05:00,12:25:00,Bisnis,396623,Tepat Waktu
JKA01149,Taksaka,KA193,Jember,Kediri,2024-07-15,19:15:00,04:20:00,Ekonomi,51202,Waiting
JKA02481,Taksaka,KA587,Cirebon,Kediri,2024-03-23,21:45:00,04:25:00,Ekonomi,750985,Waiting
JKA02402,Taksaka,KA583,Semarang Tawang,Kediri,2024-02-29,14:40:00,13:15:00,Eksekutif,751906,Tepat Waktu
JKA00384,Tawang Jaya,KA231,Bandung,Kediri,2025-04-19,08:50:00,11:00:00,Eksekutif,71999,Terlambat
JKA00183,Tawang Jaya,KA165,Solo Balapan,Kediri,2024-12-04,15:50:00,15:15:00,Bisnis,295367,Terlambat
JKA02553,Tawang Jaya,KA623,Jakarta Kota,Kediri,2024-07-25,07:35:00,05:05:00,Eksekutif,145868,Tepat Waktu
JKA00144,Tawang Jaya,KA843,Jember,Kediri,2025-08-08,03:35:00,05:15:00,Bisnis,51936,Terlambat
JKA01158,Tawang Jaya,KA644,Solo Balapan,Kediri,2025-05-01,06:30:00,13:10:00,Bisnis,298532,Terlambat
JKA02061,Tawang Jaya,KA167,Jakarta Kota,Kediri,2024-11-03,01:20:00,08:40:00,Ekonomi,246593,Terlambat
JKA02687,Tawang Jaya,KA503,Cirebon,Kediri,2025-02-07,22:35:00,08:35:00,UNKNOWN,398418,Terlambat
JKA00430,Turangga,KA925,Semarang Tawang,Kediri,2025-04-20,20:55:00,00:25:00,Ekonomi,199384,Waiting
JKA01078,Turangga,KA893,Bandung,Kediri,2024-10-08,12:25:00,22:30:00,Ekonomi,102062,Terlambat
JKA00337,Turangga,KA621,Gambir,Kediri,2024-10-14,06:05:00,22:15:00,Eksekutif,245602,Waiting
JKA01394,Turangga,KA46,Surabaya Pasarturi,Kediri,2025-02-13,15:50:00,03:30:00,Eksekutif,103153,Dibatalkan
JKA02535,Turangga,KA207,Semarang Tawang,Kediri,2024-01-25,05:35:00,21:05:00,Eksekutif,53324,Terlambat
JKA00243,Turangga,KA307,Pasar Senen,Kediri,2024-01-01,21:10:00,17:20:00,Ekonomi,752326,Dibatalkan
JKA02051,Turangga,KA251,Bandung,Kediri,2025-02-04,10:15:00,06:30:00,Bisnis,250282,Dibatalkan
JKA00853,UNKNOWN,KA764,Cirebon,Madiun,2025-06-23,20:10:00,03:55:00,Eksekutif,152077,Waiting
JKA00708,UNKNOWN,KA151,Kediri,Madiun,2025-07-11,12:50:00,14:35:00,Eksekutif,398865,Waiting
JKA01317,UNKNOWN,KA679,Malang,Madiun,2024-07-22,22:40:00,01:10:00,Bisnis,299336,Tepat Waktu
JKA02293,UNKNOWN,KA161,Kediri,Madiun,2025-04-25,17:50:00,19:10:00,Ekonomi,401390,Waiting
JKA02070,UNKNOWN,KA504,Semarang Tawang,Madiun,2025-01-11,19:55:00,05:40:00,Eksekutif,498791,Tepat Waktu
JKA00845,UNKNOWN,KA13,Gambir,Madiun,2025-07-06,06:20:00,09:35:00,Ekonomi,503496,Dibatalkan
JKA02135,UNKNOWN,KA645,Jember,Madiun,2024-07-06,01:55:00,03:30:00,Eksekutif,,Waiting
JKA01001,UNKNOWN,KA381,Surabaya Pasarturi,Madiun,2024-02-24,15:20:00,21:50:00,UNKNOWN,253295,Terlambat
JKA01065,UNKNOWN,KA821,Surabaya Pasarturi,Madiun,2024-01-22,05:45:00,13:45:00,Ekonomi,49883,Terlambat
JKA01642,Joglosemarkerto,KA874,Surabaya Gubeng,Madiun,2025-02-18,19:00:00,21:35:00,Ekonomi,71479,Waiting
JKA00624,Kertajaya,KA248,Purwokerto,Madiun,2025-01-17,14:45:00,23:10:00,Ekonomi,501660,Terlambat
JKA00219,Progo,KA262,Surabaya Gubeng,Madiun,2025-07-04,06:40:00,17:35:00,Bisnis,51170,Tepat Waktu
JKA01524,Sembrani,KA700,Kediri,Madiun,2024-10-13,07:00:00,14:40:00,Eksekutif,253448,Waiting
JKA00606,Serayu,KA293,Purwokerto,Madiun,2024-10-15,17:25:00,05:15:00,Ekonomi,150358,Waiting
JKA01375,Taksaka,KA175,Yogyakarta,Madiun,2025-04-23,12:50:00,07:50:00,Ekonomi,302556,Terlambat
JKA00150,Argo Bromo Anggrek,KA990,Surabaya Pasarturi,Madiun,2024-10-08,12:25:00,08:15:00,Ekonomi,501506,Waiting
JKA00018,Argo Bromo Anggrek,KA714,Purwokerto,Madiun,2024-07-20,13:05:00,19:25:00,Bisnis,203308,Tepat Waktu
JKA00258,Argo Bromo Anggrek,KA501,Kediri,Madiun,2024-02-13,03:15:00,21:40:00,Bisnis,748817,Terlambat
JKA00664,Argo Bromo Anggrek,KA398,Yogyakarta,Madiun,2025-06-05,13:00:00,18:55:00,Eksekutif,498897,Waiting
JKA00001,Argo Bromo Anggrek,KA734,Yogyakarta,Madiun,2024-04-14,18:30:00,00:05:00,Bisnis,,Terlambat
JKA02430,Argo Bromo Anggrek,KA786,Solo Balapan,Madiun,2024-08-29,00:45:00,15:50:00,Ekonomi,75151,Terlambat
JKA00986,Argo Bromo Anggrek,KA764,Semarang Tawang,Madiun,2024-10-12,15:55:00,17:50:00,Bisnis,146309,Tepat Waktu
JKA01846,Argo Bromo Anggrek,KA708,Bandung,Madiun,2024-09-02,19:50:00,07:25:00,Ekonomi,200343,Terlambat
JKA00790,Argo Bromo Anggrek,KA33,Kediri,Madiun,2024-02-21,10:05:00,06:55:00,Ekonomi,749253,Dibatalkan
JKA00121,Argo Bromo Anggrek,KA323,Semarang Tawang,Madiun,2024-08-06,13:45:00,06:05:00,Bisnis,79659,Tepat Waktu
JKA01338,Argo Bromo Anggrek,KA490,Kediri,Madiun,2024-03-31,11:55:00,11:35:00,Ekonomi,746001,Waiting
JKA02448,Argo Parahyangan,UNKNOWN,Bandung,Madiun,2025-02-12,20:35:00,07:00:00,Ekonomi,747220,Tepat Waktu
JKA02790,Argo Parahyangan,KA568,Jakarta Kota,Madiun,2024-04-12,21:55:00,09:45:00,Bisnis,296787,Waiting
JKA02601,Argo Parahyangan,KA265,Purwokerto,Madiun,2024-07-05,08:45:00,11:30:00,Eksekutif,404042,Dibatalkan
JKA01995,Argo Parahyangan,KA258,Malang,Madiun,2024-08-01,16:00:00,19:55:00,Eksekutif,295015,Waiting
JKA02967,Argo Parahyangan,KA662,Pasar Senen,Madiun,2024-01-29,23:30:00,01:05:00,Bisnis,76022,Dibatalkan
JKA00133,Argo Parahyangan,KA635,Jakarta Kota,Madiun,2025-02-08,00:30:00,05:25:00,Bisnis,199585,Terlambat
JKA00547,Argo Parahyangan,KA167,Jakarta Kota,Madiun,2024-10-27,19:30:00,13:10:00,Ekonomi,97975,Waiting
JKA00857,Bengawan,KA536,Kediri,Madiun,2024-01-21,15:35:00,03:50:00,Eksekutif,254535,Terlambat
JKA00601,Bengawan,KA458,Solo Balapan,Madiun,2024-01-12,08:15:00,09:00:00,Bisnis,296289,Terlambat
JKA00574,Bengawan,KA47,Purwokerto,Madiun,2024-02-15,03:35:00,07:55:00,UNKNOWN,153114,Tepat Waktu
JKA02407,Bengawan,KA200,Jakarta Kota,Madiun,2024-12-08,15:20:00,04:25:00,Bisnis,78924,Waiting
JKA01023,Bengawan,KA316,Pasar Senen,Madiun,2024-08-15,22:20:00,01:20:00,Ekonomi,498428,Tepat Waktu
JKA01849,Bengawan,KA690,Yogyakarta,Madiun,2024-07-14,06:30:00,16:20:00,Ekonomi,196763,Terlambat
JKA02781,Bengawan,KA265,Gambir,Madiun,2024-06-29,16:25:00,01:50:00,Eksekutif,200538,Terlambat
JKA00312,Bengawan,KA86,Purwokerto,Madiun,2025-08-05,11:20:00,16:00:00,Bisnis,397941,Tepat Waktu
JKA02648,Bengawan,KA71,Purwokerto,Madiun,2024-09-02,04:15:00,22:55:00,Bisnis,253077,Waiting
JKA01832,Bima,KA446,Surabaya Pasarturi,Madiun,2024-09-15,06:05:00,17:10:00,Bisnis,50764,Tepat Waktu
JKA02584,Bima,KA847,Yogyakarta,Madiun,2025-01-01,20:55:00,09:05:00,Bisnis,399509,Waiting
JKA00306,Bima,KA946,Surabaya Pasarturi,Madiun,2025-01-04,09:20:00,16:25:00,Bisnis,253049,Waiting
JKA01005,Bima,KA539,Jember,Madiun,2024-11-07,09:10:00,10:30:00,Bisnis,503055,Terlambat
JKA01569,Bima,KA743,Yogyakarta,Madiun,2025-04-06,05:25:00,20:00:00,Eksekutif,146830,Dibatalkan
JKA01355,Bima,KA886,Kediri,Madiun,2025-05-02,13:10:00,10:10:00,Eksekutif,76797,Waiting
JKA00758,Brantas,KA569,Surabaya Gubeng,Madiun,2025-01-25,11:05:00,15:05:00,Bisnis,48720,Waiting
JKA00195,Brantas,KA192,Bandung,Madiun,2025-06-14,10:55:00,00:50:00,Eksekutif,746650,Dibatalkan
JKA01830,Brantas,UNKNOWN,Solo Balapan,Madiun,2025-03-08,09:00:00,20:45:00,Bisnis,198646,Waiting
JKA00644,Brantas,KA797,Cirebon,Madiun,2025-01-16,08:45:00,20:50:00,Ekonomi,104662,Waiting
JKA01119,Brantas,UNKNOWN,Solo Balapan,Madiun,2024-06-19,08:05:00,13:00:00,Ekonomi,78374,Tepat Waktu
JKA00429,Brantas,KA826,Surabaya Pasarturi,Madiun,2024-04-11,03:05:00,19:30:00,Eksekutif,753924,Terlambat
JKA02266,Brantas,KA371,Surabaya Pasarturi,Madiun,2025-06-07,10:20:00,14:20:00,Ekonomi,303525,Terlambat
JKA00376,Brantas,KA878,Solo Balapan,Madiun,2024-03-24,13:35:00,23:30:00,Ekonomi,147345,Waiting
JKA02564,Brantas,KA172,Cirebon,Madiun,2024-05-01,12:45:00,14:30:00,Ekonomi,500985,Dibatalkan
JKA02037,Gajayana,KA729,Pasar Senen,Madiun,2024-11-10,11:00:00,09:15:00,Eksekutif,154745,Waiting
JKA00174,Gajayana,KA73,Pasar Senen,Madiun,2025-03-21,23:50:00,00:35:00,Eksekutif,71200,Terlambat
JKA02299,Gajayana,KA909,Surabaya Pasarturi,Madiun,2025-03-20,16:20:00,03:15:00,Bisnis,745961,Tepat Waktu
JKA01662,Gajayana,KA42,Gambir,Madiun,2024-10-05,14:25:00,01:10:00,Eksekutif,70834,Waiting
JKA00748,Gajayana,KA970,Gambir,Madiun,2025-07-04,21:40:00,02:40:00,Ekonomi,203767,Tepat Waktu
JKA00282,Gajayana,KA34,Yogyakarta,Madiun,2024-08-20,04:15:00,02:30:00,Eksekutif,52934,Tepat Waktu
JKA00227,Gajayana,KA709,Pasar Senen,Madiun,2025-07-13,12:30:00,14:00:00,Eksekutif,748308,Dibatalkan
JKA01671,Gajayana,KA297,Gambir,Madiun,2024-12-22,15:00:00,05:45:00,Eksekutif,501528,Dibatalkan
JKA02736,Gaya Baru Malam,KA135,Yogyakarta,Madiun,2024-02-10,21:30:00,11:50:00,Bisnis,500340,Waiting
JKA00521,Gaya Baru Malam,KA543,Jember,Madiun,2024-06-23,08:30:00,21:45:00,Bisnis,404196,Waiting
JKA01932,Gaya Baru Malam,KA541,Malang,Madiun,2024-11-07,07:05:00,15:05:00,Bisnis,301658,Waiting
JKA01112,Harina,KA850,Purwokerto,Madiun,2024-10-01,09:40:00,21:25:00,Bisnis,101823,Tepat Waktu
JKA00042,Harina,KA23,Solo Balapan,Madiun,2024-09-13,09:15:00,15:05:00,Eksekutif,750881,Dibatalkan
JKA01687,Harina,KA462,Pasar Senen,Madiun,2024-10-16,04:25:00,18:15:00,Bisnis,197099,Tepat Waktu
JKA01562,Harina,KA535,Cirebon,Madiun,2025-01-30,17:00:00,16:30:00,Ekonomi,501326,Waiting
JKA00633,Harina,KA984,Jakarta Kota,Madiun,2025-01-21,12:15:00,10:25:00,Ekonomi,149762,Tepat Waktu
JKA01516,Harina,KA136,Malang,Madiun,2025-06-03,05:35:00,23:05:00,Bisnis,197354,Waiting
JKA00502,Harina,KA601,Semarang Tawang,Madiun,2025-03-10,19:40:00,12:25:00,Bisnis,48208,Tepat Waktu
JKA00479,Harina,KA584,Bandung,Madiun,2024-09-03,23:30:00,02:25:00,Ekonomi,404915,Terlambat
JKA00775,Harina,KA403,Semarang Tawang,Madiun,2025-01-23,02:25:00,22:00:00,Eksekutif,301915,Waiting
JKA01956,Jayabaya,KA849,Pasar Senen,Madiun,2025-06-11,22:05:00,05:25:00,Ekonomi,198795,Waiting
JKA01936,Jayabaya,KA232,Surabaya Pasarturi,Madiun,2024-05-28,13:40:00,02:50:00,Eksekutif,404349,Terlambat
JKA00829,Jayabaya,KA165,Cirebon,Madiun,2025-01-24,10:15:00,22:25:00,Bisnis,47936,Terlambat
JKA02115,Jayabaya,KA218,Malang,Madiun,2025-02-20,13:30:00,16:35:00,Eksekutif,396898,Waiting
JKA01189,Jayabaya,KA175,Pasar Senen,Madiun,2024-11-02,03:45:00,22:40:00,Eksekutif,397515,Tepat Waktu
JKA00849,Jayabaya,KA156,Surabaya Gubeng,Madiun,2024-04-19,20:40:00,01:20:00,Bisnis,96052,Waiting
JKA00487,Jayabaya,KA647,Jakarta Kota,Madiun,2024-08-07,13:05:00,17:45:00,Bisnis,95635,Tepat Waktu
JKA00228,Jayabaya,KA53,Solo Balapan,Madiun,2025-06-07,12:40:00,01:10:00,Ekonomi,97656,Waiting
JKA02859,Jayabaya,KA273,Semarang Tawang,Madiun,2024-02-26,11:40:00,18:15:00,Eksekutif,403775,Tepat Waktu
JKA01214,Jayabaya,KA740,Kediri,Madiun,2025-04-10,02:50:00,07:00:00,Bisnis,99328,Waiting
JKA02637,Jayabaya,KA752,Surabaya Gubeng,Madiun,2024-01-18,01:55:00,11:30:00,Eksekutif,98325,Tepat Waktu
JKA02010,Jayabaya,KA475,Pasar Senen,Madiun,2025-01-08,23:05:00,05:25:00,Bisnis,299516,Terlambat
JKA01591,Jayabaya,KA59,Solo Balapan,Madiun,2024-01-16,06:25:00,21:35:00,Eksekutif,400351,Tepat Waktu
JKA01176,Joglosemarkerto,KA261,Gambir,Madiun,2024-07-25,04:00:00,20:50:00,Eksekutif,204156,Terlambat
JKA00653,Joglosemarkerto,KA937,Malang,Madiun,2025-07-14,17:35:00,09:25:00,Eksekutif,746028,Tepat Waktu
JKA00753,Joglosemarkerto,KA23,Jember,Madiun,2025-05-28,19:00:00,04:20:00,Eksekutif,103637,Tepat Waktu
JKA02957,Joglosemarkerto,KA283,Semarang Tawang,Madiun,2024-04-09,07:05:00,07:00:00,Eksekutif,48912,Terlambat
JKA02411,Joglosemarkerto,KA664,Jakarta Kota,Madiun,2024-09-08,01:05:00,19:05:00,Bisnis,201428,Terlambat
JKA02757,Joglosemarkerto,KA763,Surabaya Gubeng,Madiun,2024-04-01,23:10:00,22:20:00,Bisnis,146582,Terlambat
JKA00576,Joglosemarkerto,KA188,Purwokerto,Madiun,2025-02-08,22:35:00,21:55:00,Eksekutif,71888,Tepat Waktu
JKA01363,Joglosemarkerto,KA689,Kediri,Madiun,2025-03-02,18:15:00,01:35:00,Ekonomi,498843,Terlambat
JKA01760,Kahuripan,KA807,Pasar Senen,Madiun,2024-04-28,19:30:00,08:50:00,Bisnis,750873,Waiting
JKA01210,Kahuripan,KA197,Jember,Madiun,2025-06-06,11:20:00,04:45:00,Bisnis,253933,Dibatalkan
JKA00469,Kahuripan,KA133,Jakarta Kota,Madiun,2024-09-12,02:00:00,14:10:00,Eksekutif,250728,Dibatalkan
JKA01416,Kahuripan,KA850,Jember,Madiun,2025-07-02,02:00:00,21:45:00,Bisnis,253207,Waiting
JKA01051,Kahuripan,KA671,Bandung,Madiun,2024-03-04,13:35:00,01:05:00,Ekonomi,71699,Waiting
JKA00459,Kahuripan,KA35,Solo Balapan,Madiun,2024-04-19,13:30:00,00:20:00,Eksekutif,,Dibatalkan
JKA00736,Kahuripan,KA993,Semarang Tawang,Madiun,2025-01-24,23:55:00,06:55:00,Bisnis,753135,Terlambat
JKA02627,Kaligung,KA331,Yogyakarta,Madiun,2025-04-16,23:00:00,16:25:00,Ekonomi,154617,Terlambat
JKA01649,Kaligung,KA156,Surabaya Pasarturi,Madiun,2024-03-05,19:20:00,01:15:00,Ekonomi,47758,Waiting
JKA01953,Kaligung,KA323,Jakarta Kota,Madiun,2024-11-23,15:45:00,00:45:00,Bisnis,403671,Tepat Waktu
JKA02673,Kaligung,KA832,Surabaya Pasarturi,Madiun,2025-08-21,13:35:00,13:25:00,Eksekutif,54425,Tepat Waktu
JKA01663,Kaligung,KA874,Semarang Tawang,Madiun,2024-11-08,14:15:00,08:45:00,Ekonomi,747444,Waiting
JKA01342,Kertajaya,KA329,Pasar Senen,Madiun,2024-03-11,02:00:00,22:40:00,Ekonomi,78293,Tepat Waktu
JKA01296,Kertajaya,KA230,Surabaya Gubeng,Madiun,2025-05-28,09:00:00,06:30:00,Bisnis,500456,Terlambat
JKA00088,Kertajaya,KA426,Pasar Senen,Madiun,2024-11-14,20:20:00,19:15:00,Bisnis,397509,Dibatalkan
JKA01150,Lodaya,KA181,Bandung,Madiun,2025-06-23,13:45:00,23:00:00,Eksekutif,249718,Terlambat
JKA00399,Lodaya,KA281,Surabaya Pasarturi,Madiun,2024-09-10,06:35:00,22:55:00,Bisnis,747436,Tepat Waktu
JKA01504,Lodaya,KA896,Gambir,Madiun,2024-10-19,07:00:00,07:10:00,Eksekutif,301932,Terlambat
JKA02110,Lodaya,KA1,Malang,Madiun,2024-09-22,00:30:00,07:05:00,Eksekutif,403661,Waiting
JKA01471,Lodaya,KA606,Bandung,Madiun,2024-12-04,11:00:00,14:10:00,Ekonomi,203447,Tepat Waktu
JKA01396,Lodaya,UNKNOWN,Surabaya Gubeng,Madiun,2024-05-01,11:30:00,10:45:00,Ekonomi,98968,Waiting
JKA01506,Lodaya,KA926,Semarang Tawang,Madiun,2025-01-23,03:40:00,05:35:00,Ekonomi,77776,Terlambat
JKA01095,Mutiara Selatan,KA91,Cirebon,Madiun,2025-01-10,05:20:00,21:30:00,UNKNOWN,398281,Waiting
JKA01711,Malabar,KA162,Kediri,Madiun,2025-02-03,13:15:00,05:25:00,Ekonomi,402810,Waiting
JKA02628,Malabar,KA519,Kediri,Madiun,2024-05-04,08:20:00,21:15:00,Ekonomi,195679,Waiting
JKA01675,Malabar,KA664,Cirebon,Madiun,2025-03-29,19:40:00,01:40:00,Bisnis,399948,Waiting
JKA01700,Malabar,KA253,Jakarta Kota,Madiun,2024-02-26,16:05:00,06:55:00,Eksekutif,152805,Waiting
JKA00188,Malabar,KA629,Kediri,Madiun,2025-02-11,21:05:00,14:55:00,UNKNOWN,153328,Terlambat
JKA01716,Malabar,KA415,Malang,Madiun,2024-05-23,05:45:00,21:05:00,Eksekutif,748789,Terlambat
JKA02004,Malabar,KA240,Cirebon,Madiun,2024-07-12,20:35:00,03:25:00,Eksekutif,254057,Waiting
JKA02682,Malabar,KA286,Yogyakarta,Madiun,2024-12-14,04:35:00,18:40:00,Eksekutif,496998,Waiting
JKA01171,Malabar,KA528,Yogyakarta,Madiun,2024-06-26,05:05:00,18:35:00,Eksekutif,54627,Tepat Waktu
JKA00558,Malabar,KA532,Bandung,Madiun,2025-05-12,18:35:00,18:30:00,Eksekutif,404186,Waiting
JKA01635,Matarmaja,KA55,Surabaya Pasarturi,Madiun,2024-12-18,06:55:00,06:40:00,Bisnis,200891,Tepat Waktu
JKA02546,Matarmaja,KA568,Surabaya Pasarturi,Madiun,2024-10-21,01:25:00,09:20:00,Ekonomi,245344,Terlambat
JKA02942,Matarmaja,KA860,Jakarta Kota,Madiun,2025-01-08,06:50:00,06:50:00,UNKNOWN,98715,Waiting
JKA02822,Matarmaja,KA451,Yogyakarta,Madiun,2024-02-08,13:25:00,11:30:00,Eksekutif,395882,Tepat Waktu
JKA00586,Matarmaja,KA601,Malang,Madiun,2024-10-14,03:50:00,14:05:00,Bisnis,302746,Tepat Waktu
JKA00897,Matarmaja,KA513,Kediri,Madiun,2024-10-19,08:35:00,16:50:00,Bisnis,152595,Tepat Waktu
JKA01036,Matarmaja,KA961,Gambir,Madiun,2025-06-25,16:00:00,03:55:00,Bisnis,75112,Tepat Waktu
JKA01776,Matarmaja,KA267,Pasar Senen,Madiun,2024-09-26,10:30:00,22:35:00,Eksekutif,399317,Dibatalkan
JKA01858,Matarmaja,KA101,Kediri,Madiun,2024-06-04,07:00:00,13:55:00,Eksekutif,202950,Waiting
JKA00169,Mutiara Selatan,KA713,Gambir,Madiun,2024-10-29,17:00:00,14:05:00,Bisnis,501371,Waiting
JKA01606,Mutiara Selatan,KA500,Pasar Senen,Madiun,2024-02-03,07:20:00,01:50:00,Eksekutif,296601,Waiting
JKA02563,Mutiara Selatan,KA306,Bandung,Madiun,2025-02-27,02:35:00,17:30:00,Eksekutif,101609,Tepat Waktu
JKA01836,Mutiara Selatan,KA439,Bandung,Madiun,2024-11-08,13:10:00,07:50:00,Eksekutif,295515,Waiting
JKA01723,Mutiara Selatan,KA993,Malang,Madiun,2024-11-06,03:30:00,00:40:00,Eksekutif,71408,Tepat Waktu
JKA02463,Mutiara Selatan,KA279,Cirebon,Madiun,2025-01-24,18:45:00,17:20:00,Eksekutif,,Waiting
JKA01492,Mutiara Selatan,KA223,Jakarta Kota,Madiun,2024-11-23,03:05:00,14:55:00,Ekonomi,299000,Waiting
JKA01801,Progo,KA176,Bandung,Madiun,2025-03-31,14:15:00,19:35:00,Eksekutif,46600,Terlambat
JKA02143,Progo,KA481,Yogyakarta,Madiun,2024-08-18,02:50:00,00:45:00,Ekonomi,751287,Waiting
JKA02965,Pasundan,KA159,Yogyakarta,Madiun,2024-07-15,09:25:00,01:15:00,Eksekutif,196681,Terlambat
JKA02140,Pasundan,KA561,Gambir,Madiun,2024-11-02,00:50:00,02:40:00,Ekonomi,300251,Waiting
JKA02356,Pasundan,KA92,Malang,Madiun,2024-06-16,14:40:00,09:00:00,Ekonomi,147255,Terlambat
JKA01489,Pasundan,KA36,Surabaya Pasarturi,Madiun,2025-01-02,23:10:00,11:45:00,Ekonomi,73213,Waiting
JKA02203,Pasundan,KA858,Jakarta Kota,Madiun,2024-08-02,12:20:00,08:05:00,Eksekutif,,Waiting
JKA00842,Pasundan,KA964,Kediri,Madiun,2024-12-17,12:40:00,22:20:00,Bisnis,399081,Waiting
JKA02982,Pasundan,KA955,Jember,Madiun,2025-03-15,08:15:00,00:20:00,Bisnis,297251,Tepat Waktu
JKA02195,Progo,KA577,Bandung,Madiun,2024-04-29,14:25:00,15:15:00,Ekonomi,498213,Waiting
JKA01147,Progo,KA932,Cirebon,Madiun,2024-03-07,14:00:00,09:50:00,Ekonomi,246529,Terlambat
JKA02439,Progo,KA124,Malang,Madiun,2025-07-19,20:20:00,10:50:00,Bisnis,54987,Waiting
JKA00528,Progo,KA282,Purwokerto,Madiun,2024-03-16,22:35:00,08:25:00,Bisnis,400417,Terlambat
JKA01507,Progo,KA69,Kediri,Madiun,2024-12-04,12:10:00,02:50:00,Bisnis,71196,Waiting
JKA02506,Progo,KA874,Jakarta Kota,Madiun,2024-04-26,22:50:00,09:25:00,Bisnis,104772,Tepat Waktu
JKA01301,Progo,KA856,Cirebon,Madiun,2024-03-04,21:30:00,00:40:00,Bisnis,151558,Waiting
JKA02569,Progo,KA592,Purwokerto,Madiun,2024-07-15,09:55:00,00:30:00,Ekonomi,147905,Terlambat
JKA01718,Progo,KA35,Surabaya Gubeng,Madiun,2025-07-17,11:15:00,10:45:00,Bisnis,303545,Dibatalkan
JKA02199,Sembrani,KA758,Solo Balapan,Madiun,2024-05-08,16:00:00,22:55:00,Bisnis,151698,Dibatalkan
JKA01908,Sancaka,KA463,Surabaya Pasarturi,Madiun,2025-01-21,17:35:00,13:15:00,Ekonomi,748197,Terlambat
JKA01993,Sancaka,KA485,Pasar Senen,Madiun,2025-01-03,01:30:00,03:15:00,Eksekutif,200989,Terlambat
JKA02868,Sancaka,KA575,Semarang Tawang,Madiun,2024-10-04,03:10:00,01:35:00,Eksekutif,304102,Waiting
JKA02657,Sancaka,KA252,Cirebon,Madiun,2024-02-15,08:00:00,09:15:00,Ekonomi,303465,Waiting
JKA00945,Sancaka,KA313,Solo Balapan,Madiun,2025-05-04,12:10:00,23:40:00,Eksekutif,397053,Dibatalkan
JKA00070,Sancaka,KA695,Gambir,Madiun,2024-12-27,08:50:00,02:50:00,Ekonomi,497621,Terlambat
JKA01297,Sancaka,KA300,Purwokerto,Madiun,2024-12-04,09:45:00,04:20:00,Bisnis,97096,Tepat Waktu
JKA00608,Sembrani,KA32,Solo Balapan,Madiun,2024-12-01,12:45:00,15:35:00,Eksekutif,146272,Waiting
JKA00868,Sembrani,KA649,Yogyakarta,Madiun,2024-02-27,23:15:00,04:50:00,Eksekutif,77738,Terlambat
JKA01617,Sembrani,KA156,Kediri,Madiun,2024-09-12,11:30:00,17:00:00,Eksekutif,72061,Dibatalkan
JKA02501,Sembrani,UNKNOWN,Kediri,Madiun,2024-10-17,08:25:00,22:45:00,Eksekutif,403008,Waiting
JKA02132,Sembrani,KA569,Pasar Senen,Madiun,2025-08-03,09:05:00,15:25:00,Eksekutif,402005,Waiting
JKA00447,Serayu,KA723,Cirebon,Madiun,2025-02-18,12:05:00,23:55:00,Eksekutif,147802,Dibatalkan
JKA02954,Serayu,UNKNOWN,Gambir,Madiun,2025-02-24,19:50:00,18:55:00,Bisnis,296498,Waiting
JKA02231,Serayu,KA588,Purwokerto,Madiun,2024-08-22,02:40:00,19:00:00,Bisnis,752173,Waiting
JKA00378,Serayu,KA229,Kediri,Madiun,2024-12-06,18:45:00,20:25:00,Bisnis,304206,Terlambat
JKA02471,Serayu,KA656,Solo Balapan,Madiun,2025-03-05,19:30:00,02:05:00,Ekonomi,202778,Tepat Waktu
JKA02722,Serayu,KA974,Solo Balapan,Madiun,2025-07-16,12:25:00,10:50:00,Eksekutif,153794,Waiting
JKA02709,Serayu,KA579,Surabaya Pasarturi,Madiun,2024-09-25,14:05:00,08:25:00,Ekonomi,72879,Terlambat
JKA00527,Serayu,KA594,Jakarta Kota,Madiun,2024-03-02,12:55:00,11:30:00,Eksekutif,71697,Waiting
JKA02367,Serayu,KA8,Pasar Senen,Madiun,2024-09-09,03:25:00,13:35:00,Eksekutif,746255,Tepat Waktu
JKA02543,Serayu,KA872,Solo Balapan,Madiun,2024-08-26,09:35:00,20:45:00,Eksekutif,751816,Waiting
JKA00799,Serayu,KA348,Bandung,Madiun,2024-11-16,22:35:00,22:55:00,Eksekutif,503466,Waiting
JKA02947,Serayu,KA476,Semarang Tawang,Madiun,2025-07-25,03:20:00,19:10:00,Bisnis,79545,Terlambat
JKA00359,Turangga,KA841,Bandung,Madiun,2024-05-19,21:55:00,15:35:00,Eksekutif,498969,Tepat Waktu
JKA00545,Taksaka,KA520,Cirebon,Madiun,2025-06-12,05:15:00,15:55:00,UNKNOWN,251801,Waiting
JKA01800,Taksaka,KA710,Bandung,Madiun,2024-11-27,11:30:00,07:05:00,Eksekutif,45758,Waiting
JKA00922,Taksaka,KA4,Kediri,Madiun,2025-07-17,22:20:00,22:15:00,Bisnis,750406,Tepat Waktu
JKA02782,Taksaka,KA287,Surabaya Pasarturi,Madiun,2024-09-06,01:20:00,22:50:00,Eksekutif,747295,Dibatalkan
JKA02714,Taksaka,KA708,Jakarta Kota,Madiun,2024-12-28,15:30:00,04:45:00,Bisnis,76438,Dibatalkan
JKA02176,Taksaka,KA64,Purwokerto,Madiun,2025-02-11,23:05:00,12:05:00,Ekonomi,248992,Tepat Waktu
JKA01464,Taksaka,KA326,Yogyakarta,Madiun,2025-01-29,03:05:00,13:50:00,Ekonomi,295461,Waiting
JKA02686,Taksaka,KA600,Yogyakarta,Madiun,2024-01-20,01:30:00,02:20:00,Eksekutif,54690,Terlambat
JKA01241,Taksaka,KA342,Jakarta Kota,Madiun,2024-12-19,11:55:00,23:55:00,Ekonomi,196120,Tepat Waktu
JKA01204,Taksaka,KA659,Kediri,Madiun,2025-06-29,02:15:00,14:15:00,Bisnis,247365,Waiting
JKA01820,Taksaka,KA222,Gambir,Madiun,2024-01-04,08:50:00,08:55:00,Eksekutif,252009,Terlambat
JKA01486,Tawang Jaya,KA437,Semarang Tawang,Madiun,2024-07-08,17:50:00,17:10:00,Eksekutif,147726,Waiting
JKA00420,Tawang Jaya,KA982,Jember,Madiun,2025-06-19,14:10:00,09:25:00,Eksekutif,298917,Tepat Waktu
JKA00152,Tawang Jaya,KA573,Semarang Tawang,Madiun,2024-08-15,21:25:00,05:50:00,Ekonomi,77713,Waiting
JKA02744,Tawang Jaya,KA992,Malang,Madiun,2025-04-17,13:55:00,20:05:00,Ekonomi,750046,Waiting
JKA02314,Tawang Jaya,KA558,Solo Balapan,Madiun,2025-08-07,21:10:00,19:05:00,Eksekutif,203851,Terlambat
JKA00190,Turangga,KA416,Jember,Madiun,2024-08-25,21:00:00,07:50:00,Bisnis,74520,Tepat Waktu
JKA00303,Turangga,KA298,Surabaya Pasarturi,Madiun,2025-05-21,04:30:00,19:15:00,Bisnis,151853,Tepat Waktu
JKA01053,Turangga,KA905,Gambir,Madiun,2025-05-04,15:45:00,06:40:00,Eksekutif,75307,Waiting
JKA00397,Turangga,KA131,Solo Balapan,Madiun,2024-12-05,05:50:00,15:50:00,Eksekutif,303012,Waiting
JKA02457,Turangga,KA676,Gambir,Madiun,2025-06-11,19:15:00,19:50:00,Bisnis,399230,Dibatalkan
JKA02469,Turangga,KA384,Jember,Madiun,2024-02-17,17:20:00,01:35:00,Bisnis,198749,Tepat Waktu
JKA00632,Turangga,KA897,Solo Balapan,Madiun,2025-03-30,04:55:00,19:30:00,Ekonomi,198360,Waiting
JKA01887,Turangga,KA682,Solo Balapan,Madiun,2024-07-10,04:25:00,01:20:00,Eksekutif,77951,Dibatalkan
JKA00942,Turangga,KA683,Semarang Tawang,Madiun,2024-08-23,11:00:00,03:20:00,Bisnis,96644,Terlambat
JKA02044,UNKNOWN,KA797,Jakarta Kota,Malang,2024-03-04,07:40:00,23:10:00,Eksekutif,253482,Waiting
JKA02854,UNKNOWN,KA438,Purwokerto,Malang,2024-08-22,18:00:00,07:15:00,Eksekutif,747624,Terlambat
JKA01045,UNKNOWN,KA253,Purwokerto,Malang,2025-03-04,23:50:00,10:20:00,Bisnis,201730,Tepat Waktu
JKA00992,UNKNOWN,KA978,Surabaya Pasarturi,Malang,2024-06-06,12:00:00,06:25:00,Ekonomi,,Dibatalkan
JKA02021,UNKNOWN,KA90,Bandung,Malang,2024-06-03,23:05:00,12:50:00,Eksekutif,501856,Tepat Waktu
JKA00413,UNKNOWN,KA209,Jember,Malang,2025-07-05,17:40:00,12:05:00,Ekonomi,748593,Tepat Waktu
JKA02357,UNKNOWN,KA19,Pasar Senen,Malang,2024-08-12,02:35:00,10:35:00,Eksekutif,396087,Waiting
JKA02279,UNKNOWN,KA516,Bandung,Malang,2024-10-16,04:25:00,18:55:00,Ekonomi,248043,Tepat Waktu
JKA01299,UNKNOWN,KA672,Yogyakarta,Malang,2024-01-15,10:00:00,23:30:00,Bisnis,97448,Terlambat
JKA00467,UNKNOWN,KA22,Jember,Malang,2024-05-12,23:00:00,01:35:00,Bisnis,252069,Terlambat
JKA02521,Bengawan,KA258,Surabaya Gubeng,Malang,2024-03-22,02:40:00,10:40:00,Eksekutif,201606,Tepat Waktu
JKA01165,Brantas,KA601,Madiun,Malang,2025-08-20,12:50:00,17:10:00,Bisnis,247181,Terlambat
JKA00366,Jayabaya,KA520,Jakarta Kota,Malang,2024-03-12,01:50:00,06:10:00,Bisnis,753992,Terlambat
JKA02616,Mutiara Selatan,KA986,Madiun,Malang,2025-08-03,06:20:00,09:05:00,Eksekutif,251170,Waiting
JKA00722,Turangga,KA632,Semarang Tawang,Malang,2024-02-04,20:50:00,17:55:00,Bisnis,74651,Terlambat
JKA01529,Argo Bromo Anggrek,KA797,Gambir,Malang,2024-07-24,11:05:00,11:30:00,Eksekutif,747286,Waiting
JKA02499,Argo Bromo Anggrek,KA899,Gambir,Malang,2025-02-25,15:05:00,22:10:00,Bisnis,303983,Dibatalkan
JKA01037,Argo Bromo Anggrek,KA417,Jember,Malang,2024-04-09,19:50:00,20:40:00,Eksekutif,197111,Waiting
JKA01796,Argo Bromo Anggrek,KA203,Jakarta Kota,Malang,2025-05-01,21:05:00,18:15:00,Eksekutif,100861,Dibatalkan
JKA02396,Argo Bromo Anggrek,KA446,Madiun,Malang,2024-10-23,11:55:00,22:40:00,Ekonomi,146394,Waiting
JKA02338,Argo Bromo Anggrek,KA383,Gambir,Malang,2025-05-25,09:20:00,09:55:00,Ekonomi,752177,Tepat Waktu
JKA00839,Argo Bromo Anggrek,KA753,Kediri,Malang,2024-12-21,07:55:00,05:20:00,Bisnis,46281,Terlambat
JKA00640,Argo Bromo Anggrek,KA303,Surabaya Pasarturi,Malang,2025-02-12,22:35:00,06:35:00,Eksekutif,49020,Tepat Waktu
JKA01570,Argo Bromo Anggrek,KA99,Solo Balapan,Malang,2025-06-01,03:30:00,23:40:00,Bisnis,,Dibatalkan
JKA00548,Argo Bromo Anggrek,KA68,Pasar Senen,Malang,2024-02-05,13:00:00,19:55:00,Bisnis,70244,Tepat Waktu
JKA01453,Argo Parahyangan,KA992,Yogyakarta,Malang,2024-10-15,02:10:00,13:30:00,Eksekutif,47875,Tepat Waktu
JKA00357,Argo Parahyangan,KA583,Pasar Senen,Malang,2024-12-21,12:45:00,13:15:00,Ekonomi,302501,Waiting
JKA00435,Argo Parahyangan,KA374,Semarang Tawang,Malang,2025-07-13,05:40:00,03:15:00,Ekonomi,53486,Waiting
JKA00381,Argo Parahyangan,KA745,Jakarta Kota,Malang,2025-02-05,21:10:00,17:30:00,Eksekutif,400706,Terlambat
JKA01693,Argo Parahyangan,KA272,Semarang Tawang,Malang,2024-11-27,03:20:00,18:55:00,Eksekutif,70229,Waiting
JKA02975,Argo Parahyangan,KA41,Semarang Tawang,Malang,2024-03-30,05:50:00,15:35:00,Eksekutif,747107,Terlambat
JKA01669,Argo Parahyangan,KA285,Solo Balapan,Malang,2025-03-21,10:20:00,10:15:00,Ekonomi,96866,Terlambat
JKA00350,Argo Parahyangan,KA924,Solo Balapan,Malang,2025-04-23,13:25:00,10:20:00,Eksekutif,102236,Dibatalkan
JKA00870,Argo Parahyangan,KA874,Surabaya Pasarturi,Malang,2025-04-10,08:35:00,11:50:00,Ekonomi,99875,Waiting
JKA01882,Argo Parahyangan,KA286,Cirebon,Malang,2024-12-03,16:55:00,05:05:00,Ekonomi,46076,Tepat Waktu
JKA02610,Argo Parahyangan,KA634,Cirebon,Malang,2024-06-10,14:05:00,13:45:00,Bisnis,202678,Terlambat
JKA01538,Argo Parahyangan,KA717,Jember,Malang,2025-06-25,18:40:00,04:35:00,Ekonomi,197322,Waiting
JKA02763,Argo Parahyangan,KA591,Jember,Malang,2025-04-07,10:20:00,01:00:00,Bisnis,70061,Terlambat
JKA01854,Bima,KA324,Semarang Tawang,Malang,2024-07-16,09:50:00,08:50:00,Eksekutif,79727,Dibatalkan
JKA00443,Bengawan,KA663,Purwokerto,Malang,2024-10-14,23:35:00,02:20:00,Bisnis,75783,Waiting
JKA00782,Bengawan,KA657,Madiun,Malang,2024-09-03,04:30:00,12:40:00,Eksekutif,396079,Terlambat
JKA01010,Bengawan,KA422,Jakarta Kota,Malang,2024-02-12,14:00:00,13:15:00,Ekonomi,199387,Waiting
JKA02807,Bengawan,KA644,Purwokerto,Malang,2024-02-01,08:55:00,11:20:00,Ekonomi,151016,Tepat Waktu
JKA00065,Bima,KA114,Jakarta Kota,Malang,2024-05-22,14:45:00,02:00:00,Bisnis,103991,Tepat Waktu
JKA01667,Bima,KA280,Pasar Senen,Malang,2024-02-05,23:25:00,07:05:00,Bisnis,154413,Tepat Waktu
JKA00434,Bima,KA649,Bandung,Malang,2025-01-05,12:05:00,00:30:00,Eksekutif,73445,Waiting
JKA01304,Bima,KA956,Purwokerto,Malang,2025-03-31,05:35:00,10:20:00,Eksekutif,503772,Terlambat
JKA01611,Bima,KA436,Yogyakarta,Malang,2024-10-15,18:55:00,03:35:00,Bisnis,79927,Waiting
JKA00082,Bima,KA572,Purwokerto,Malang,2025-06-22,10:10:00,17:25:00,Bisnis,204995,Dibatalkan
JKA01435,Bima,KA296,Surabaya Pasarturi,Malang,2025-04-07,15:20:00,18:10:00,Ekonomi,72067,Waiting
JKA02962,Bima,KA351,Bandung,Malang,2025-04-30,11:25:00,13:35:00,Eksekutif,399767,Tepat Waktu
JKA02917,Brantas,KA97,Bandung,Malang,2024-05-18,14:25:00,21:45:00,Ekonomi,146533,Tepat Waktu
JKA02087,Brantas,KA128,Solo Balapan,Malang,2025-02-17,09:00:00,04:15:00,Eksekutif,246963,Dibatalkan
JKA01742,Brantas,KA27,Gambir,Malang,2024-08-19,06:00:00,02:20:00,Ekonomi,48195,Terlambat
JKA01014,Brantas,KA535,Solo Balapan,Malang,2025-01-06,03:50:00,02:40:00,Bisnis,203563,Terlambat
JKA01517,Brantas,KA517,Bandung,Malang,2025-02-22,22:00:00,01:20:00,Ekonomi,246626,Waiting
JKA01797,Brantas,KA82,Madiun,Malang,2024-05-27,17:55:00,22:35:00,Bisnis,503626,Terlambat
JKA02417,Brantas,KA577,Purwokerto,Malang,2025-07-29,07:45:00,08:30:00,Bisnis,52845,Terlambat
JKA02806,Brantas,KA815,Pasar Senen,Malang,2025-03-14,16:10:00,01:00:00,Bisnis,395239,Tepat Waktu
JKA00105,Brantas,KA508,Surabaya Pasarturi,Malang,2024-05-29,05:30:00,13:20:00,Eksekutif,75916,Waiting
JKA00867,Brantas,KA844,Surabaya Pasarturi,Malang,2024-11-10,12:20:00,21:25:00,Ekonomi,154843,Waiting
JKA00038,Brantas,KA45,Jember,Malang,2024-12-19,17:40:00,14:25:00,Bisnis,154368,Tepat Waktu
JKA00620,Brantas,KA538,Madiun,Malang,2024-04-28,05:10:00,23:45:00,Eksekutif,401007,Waiting
JKA02256,Gajayana,KA360,Surabaya Gubeng,Malang,2024-12-23,00:05:00,12:45:00,Ekonomi,296788,Tepat Waktu
JKA02478,Gajayana,KA589,Kediri,Malang,2024-02-15,14:35:00,09:30:00,Ekonomi,149849,Waiting
JKA01432,Gajayana,KA663,Yogyakarta,Malang,2024-05-28,16:10:00,08:10:00,Eksekutif,78264,Dibatalkan
JKA01344,Gajayana,KA881,Purwokerto,Malang,2025-05-30,02:50:00,10:55:00,UNKNOWN,48079,Tepat Waktu
JKA01583,Gajayana,KA930,Kediri,Malang,2024-06-26,21:30:00,05:45:00,Bisnis,202224,Waiting
JKA02446,Gajayana,KA437,Gambir,Malang,2025-02-14,08:40:00,18:45:00,Bisnis,99295,Dibatalkan
JKA00273,Gajayana,KA125,Yogyakarta,Malang,2024-09-23,05:15:00,21:25:00,Bisnis,252347,Dibatalkan
JKA01496,Gajayana,KA710,Madiun,Malang,2025-08-07,04:00:00,04:50:00,Bisnis,154777,Waiting
JKA00289,Gajayana,KA583,Solo Balapan,Malang,2025-04-15,01:10:00,22:10:00,Eksekutif,100119,Tepat Waktu
JKA01785,Gajayana,KA168,Cirebon,Malang,2024-11-09,13:35:00,13:55:00,Eksekutif,46337,Dibatalkan
JKA00762,Gajayana,KA288,Kediri,Malang,2025-03-14,22:50:00,09:30:00,Eksekutif,246103,Terlambat
JKA01021,Gajayana,KA731,Surabaya Gubeng,Malang,2024-05-30,12:40:00,07:20:00,Bisnis,204952,Terlambat
JKA02604,Gajayana,KA920,Purwokerto,Malang,2024-08-20,14:20:00,04:35:00,Bisnis,103130,Terlambat
JKA02105,Gajayana,KA606,Jakarta Kota,Malang,2024-07-15,21:55:00,07:20:00,Bisnis,77433,Terlambat
JKA02166,Gaya Baru Malam,KA365,Solo Balapan,Malang,2025-01-28,05:30:00,12:05:00,Ekonomi,,Waiting
JKA01519,Gaya Baru Malam,KA170,Madiun,Malang,2025-06-16,19:30:00,02:25:00,Eksekutif,47260,Waiting
JKA01580,Gaya Baru Malam,KA61,Yogyakarta,Malang,2024-09-11,07:15:00,00:30:00,Eksekutif,76734,Waiting
JKA02907,Gaya Baru Malam,KA773,Solo Balapan,Malang,2024-12-23,10:00:00,21:50:00,Bisnis,79325,Waiting
JKA01666,Gaya Baru Malam,KA705,Madiun,Malang,2024-04-15,13:15:00,00:30:00,Bisnis,397576,Tepat Waktu
JKA01278,Gaya Baru Malam,KA107,Bandung,Malang,2024-08-09,14:00:00,22:40:00,Bisnis,251438,Tepat Waktu
JKA02900,Gaya Baru Malam,KA246,Jember,Malang,2024-03-01,00:45:00,08:25:00,Eksekutif,748361,Tepat Waktu
JKA01132,Gaya Baru Malam,KA979,Semarang Tawang,Malang,2024-07-31,03:15:00,23:20:00,Bisnis,98562,Waiting
JKA02500,Gaya Baru Malam,UNKNOWN,Jakarta Kota,Malang,2025-06-28,23:25:00,10:40:00,Eksekutif,97165,Tepat Waktu
JKA02624,Gaya Baru Malam,KA749,Surabaya Gubeng,Malang,2024-02-22,22:30:00,12:35:00,UNKNOWN,397963,Terlambat
JKA00377,Gaya Baru Malam,KA785,Bandung,Malang,2025-07-07,07:15:00,21:55:00,Eksekutif,295478,Tepat Waktu
JKA00595,Gaya Baru Malam,UNKNOWN,Solo Balapan,Malang,2025-04-20,04:10:00,13:00:00,Eksekutif,251249,Tepat Waktu
JKA01196,Harina,KA754,Jakarta Kota,Malang,2025-01-05,20:30:00,01:10:00,Bisnis,73168,Waiting
JKA00598,Harina,KA716,Gambir,Malang,2025-01-13,07:15:00,22:15:00,Bisnis,399596,Dibatalkan
JKA00311,Jayabaya,KA862,Semarang Tawang,Malang,2024-08-17,15:40:00,09:35:00,Eksekutif,399921,Dibatalkan
JKA01118,Jayabaya,KA426,Bandung,Malang,2024-11-07,11:25:00,22:35:00,Eksekutif,297223,Tepat Waktu
JKA01109,Jayabaya,KA216,Gambir,Malang,2024-10-08,18:00:00,21:50:00,Bisnis,97655,Waiting
JKA02112,Jayabaya,KA51,Bandung,Malang,2024-12-08,00:20:00,03:30:00,Ekonomi,153871,Dibatalkan
JKA00197,Jayabaya,KA763,Kediri,Malang,2024-11-03,17:45:00,12:05:00,Eksekutif,149166,Tepat Waktu
JKA01740,Jayabaya,KA45,Jakarta Kota,Malang,2025-07-19,04:25:00,20:40:00,Eksekutif,296626,Dibatalkan
JKA01498,Jayabaya,KA661,Jember,Malang,2024-08-18,08:25:00,18:20:00,Ekonomi,501715,Tepat Waktu
JKA00814,Jayabaya,KA136,Bandung,Malang,2024-07-17,20:50:00,22:40:00,Eksekutif,247418,Tepat Waktu
JKA02862,Joglosemarkerto,KA773,Jember,Malang,2025-04-30,01:05:00,03:00:00,Bisnis,200956,Dibatalkan
JKA00611,Joglosemarkerto,KA573,Madiun,Malang,2024-07-26,00:50:00,06:15:00,Eksekutif,45722,Tepat Waktu
JKA02038,Joglosemarkerto,KA87,Semarang Tawang,Malang,2025-01-27,20:15:00,14:15:00,Eksekutif,74409,Dibatalkan
JKA02675,Joglosemarkerto,KA713,Jember,Malang,2024-07-23,16:00:00,03:55:00,Ekonomi,301739,Tepat Waktu
JKA00022,Joglosemarkerto,KA66,Surabaya Pasarturi,Malang,2024-03-20,07:20:00,10:40:00,Bisnis,98788,Terlambat
JKA00489,Joglosemarkerto,KA829,Jakarta Kota,Malang,2025-02-25,00:20:00,16:15:00,Eksekutif,500295,Tepat Waktu
JKA00054,Joglosemarkerto,KA540,Surabaya Pasarturi,Malang,2025-03-10,19:35:00,08:15:00,UNKNOWN,296816,Tepat Waktu
JKA02679,Kahuripan,KA126,Surabaya Gubeng,Malang,2024-11-27,15:20:00,22:00:00,Eksekutif,304186,Terlambat
JKA00599,Kahuripan,KA273,Surabaya Gubeng,Malang,2025-07-30,00:25:00,12:10:00,Eksekutif,503043,Waiting
JKA02572,Kahuripan,KA428,Kediri,Malang,2024-07-26,16:00:00,08:05:00,Bisnis,147703,Waiting
JKA00538,Kaligung,KA676,Jember,Malang,2024-10-07,02:15:00,10:55:00,Bisnis,752698,Waiting
JKA00695,Kaligung,KA613,Semarang Tawang,Malang,2024-01-19,16:25:00,09:20:00,Eksekutif,399181,Waiting
JKA02447,Kaligung,KA733,Bandung,Malang,2024-11-24,10:55:00,14:35:00,Eksekutif,151035,Tepat Waktu
JKA02874,Kaligung,KA254,Solo Balapan,Malang,2024-05-21,08:10:00,15:10:00,Bisnis,299694,Waiting
JKA00634,Kertajaya,KA600,Gambir,Malang,2025-03-22,13:05:00,08:25:00,Ekonomi,249257,Waiting
JKA01105,Kertajaya,KA617,Solo Balapan,Malang,2025-06-11,18:55:00,14:50:00,Eksekutif,300322,Waiting
JKA00851,Kertajaya,KA742,Pasar Senen,Malang,2025-03-28,07:25:00,23:30:00,Ekonomi,300092,Tepat Waktu
JKA00130,Kertajaya,KA367,Semarang Tawang,Malang,2024-10-05,02:15:00,18:05:00,Eksekutif,102365,Terlambat
JKA02646,Kertajaya,KA628,Jakarta Kota,Malang,2025-04-18,11:30:00,05:15:00,Eksekutif,46341,Terlambat
JKA02007,Kertajaya,KA896,Yogyakarta,Malang,2024-01-01,10:10:00,20:50:00,Bisnis,71811,Waiting
JKA00582,Kertajaya,KA200,Madiun,Malang,2025-03-30,14:25:00,10:50:00,Bisnis,498373,Terlambat
JKA00352,Kertajaya,KA740,Gambir,Malang,2025-06-08,12:15:00,23:55:00,Eksekutif,153451,Tepat Waktu
JKA02852,Lodaya,KA279,Kediri,Malang,2025-04-28,10:40:00,01:00:00,Eksekutif,298063,Waiting
JKA01817,Lodaya,KA919,Yogyakarta,Malang,2025-06-26,05:35:00,08:25:00,Bisnis,45782,Tepat Waktu
JKA01548,Lodaya,KA961,Surabaya Pasarturi,Malang,2025-02-11,14:10:00,11:35:00,Ekonomi,250078,Tepat Waktu
JKA00076,Lodaya,KA882,Surabaya Pasarturi,Malang,2024-03-15,05:35:00,15:35:00,Ekonomi,747353,Waiting
JKA00723,Lodaya,KA825,Kediri,Malang,2024-10-26,04:55:00,04:25:00,Ekonomi,198426,Terlambat
JKA02920,Lodaya,KA30,Bandung,Malang,2025-01-28,21:50:00,20:35:00,Eksekutif,397790,Waiting
JKA00021,Lodaya,KA919,Jember,Malang,2024-02-21,03:35:00,14:50:00,Eksekutif,403270,Tepat Waktu
JKA02212,Lodaya,KA115,Solo Balapan,Malang,2025-05-13,08:20:00,01:55:00,Bisnis,752686,Waiting
JKA00551,Lodaya,KA787,Cirebon,Malang,2025-05-10,06:50:00,14:15:00,Ekonomi,203943,Waiting
JKA02228,Lodaya,KA816,Cirebon,Malang,2024-09-07,19:15:00,16:15:00,Ekonomi,402038,Waiting
JKA00688,Lodaya,KA780,Surabaya Gubeng,Malang,2024-08-09,12:50:00,07:00:00,Eksekutif,46258,Terlambat
JKA01514,Lodaya,KA59,Surabaya Pasarturi,Malang,2024-02-01,18:10:00,04:25:00,Bisnis,399860,Waiting
JKA00995,Lodaya,KA486,Cirebon,Malang,2024-09-27,12:40:00,11:50:00,Eksekutif,98979,Waiting
JKA01532,Malabar,KA254,Jakarta Kota,Malang,2025-03-27,23:35:00,13:00:00,Eksekutif,201182,Terlambat
JKA00451,Malabar,KA855,Pasar Senen,Malang,2025-06-23,08:50:00,10:30:00,Ekonomi,198122,Dibatalkan
JKA01966,Malabar,KA508,Gambir,Malang,2025-03-01,09:40:00,16:20:00,Bisnis,499091,Tepat Waktu
JKA00146,Malabar,KA943,Cirebon,Malang,2024-02-08,08:30:00,19:45:00,Eksekutif,300431,Tepat Waktu
JKA01097,Malabar,KA413,Cirebon,Malang,2025-07-23,07:25:00,16:40:00,Ekonomi,396462,Terlambat
JKA01653,Malabar,KA447,Gambir,Malang,2024-05-18,12:30:00,09:35:00,Eksekutif,95109,Terlambat
JKA01949,Matarmaja,KA770,Gambir,Malang,2025-08-09,11:10:00,10:30:00,Bisnis,53908,Waiting
JKA01655,Matarmaja,KA236,Bandung,Malang,2024-11-18,08:50:00,07:25:00,Eksekutif,299384,Terlambat
JKA02887,Matarmaja,KA854,Cirebon,Malang,2025-06-11,18:35:00,09:50:00,Bisnis,54529,Tepat Waktu
JKA01456,Matarmaja,KA768,Pasar Senen,Malang,2025-08-18,06:10:00,22:40:00,Eksekutif,99446,Tepat Waktu
JKA02846,Matarmaja,KA872,Jakarta Kota,Malang,2024-02-27,05:15:00,23:50:00,Eksekutif,245221,Terlambat
JKA00393,Matarmaja,KA902,Yogyakarta,Malang,2025-05-24,12:00:00,23:00:00,Bisnis,500653,Waiting
JKA00092,Matarmaja,KA458,Surabaya Gubeng,Malang,2024-12-20,08:15:00,01:50:00,Ekonomi,48943,Waiting
JKA01717,Mutiara Selatan,KA806,Solo Balapan,Malang,2024-05-03,14:35:00,06:45:00,Bisnis,200172,Terlambat
JKA00507,Mutiara Selatan,KA445,Bandung,Malang,2024-12-29,11:50:00,20:50:00,Eksekutif,751318,Waiting
JKA01770,Mutiara Selatan,KA798,Gambir,Malang,2025-05-14,00:25:00,11:25:00,Eksekutif,149322,Tepat Waktu
JKA01193,Mutiara Selatan,KA499,Jember,Malang,2025-05-19,10:30:00,04:55:00,Eksekutif,749352,Tepat Waktu
JKA01951,Mutiara Selatan,KA169,Surabaya Pasarturi,Malang,2024-04-28,12:00:00,01:30:00,Bisnis,153051,Terlambat
JKA01320,Pasundan,KA949,Jember,Malang,2025-04-26,09:20:00,16:20:00,Eksekutif,196134,Terlambat
JKA02257,Pasundan,KA368,Purwokerto,Malang,2025-06-02,00:45:00,15:05:00,Eksekutif,74900,Terlambat
JKA00329,Pasundan,KA912,Purwokerto,Malang,2025-04-05,04:55:00,02:45:00,Eksekutif,151478,Waiting
JKA01860,Pasundan,KA107,Jakarta Kota,Malang,2024-02-29,18:00:00,03:05:00,Bisnis,752688,Waiting
JKA02459,Pasundan,KA30,Surabaya Gubeng,Malang,2025-01-19,17:10:00,23:45:00,Eksekutif,503066,Terlambat
JKA01476,Pasundan,KA195,Surabaya Pasarturi,Malang,2024-02-20,13:00:00,18:40:00,Eksekutif,404471,Tepat Waktu
JKA00671,Pasundan,KA707,Solo Balapan,Malang,2024-07-19,10:00:00,11:35:00,Ekonomi,253079,Tepat Waktu
JKA01143,Pasundan,KA33,Kediri,Malang,2025-02-13,19:00:00,22:50:00,Ekonomi,753820,Waiting
JKA02800,Pasundan,KA922,Bandung,Malang,2024-09-05,06:40:00,12:40:00,Eksekutif,750462,Waiting
JKA01701,Pasundan,KA624,Solo Balapan,Malang,2025-04-16,22:00:00,11:20:00,Eksekutif,72984,Tepat Waktu
JKA01057,Progo,KA109,Madiun,Malang,2025-08-20,16:40:00,13:30:00,Ekonomi,754795,Dibatalkan
JKA02832,Progo,KA168,Surabaya Gubeng,Malang,2024-07-31,12:55:00,06:35:00,Ekonomi,199488,Tepat Waktu
JKA00292,Progo,KA588,Semarang Tawang,Malang,2025-05-29,05:45:00,11:30:00,Eksekutif,78779,Dibatalkan
JKA00294,Progo,KA865,Madiun,Malang,2024-10-01,18:55:00,16:15:00,Eksekutif,98938,Dibatalkan
JKA01488,Progo,KA129,Gambir,Malang,2025-05-05,00:55:00,18:20:00,Bisnis,252472,Tepat Waktu
JKA02930,Progo,KA576,Purwokerto,Malang,2025-01-31,21:25:00,06:05:00,Eksekutif,150993,Dibatalkan
JKA01637,Sancaka,KA194,Purwokerto,Malang,2024-01-26,21:40:00,20:20:00,Ekonomi,398037,Waiting
JKA02486,Sancaka,KA312,Yogyakarta,Malang,2024-11-10,17:15:00,22:30:00,Eksekutif,100526,Terlambat
JKA01364,Sancaka,KA523,Jakarta Kota,Malang,2024-10-20,10:30:00,14:10:00,Eksekutif,300905,Terlambat
JKA02094,Sancaka,KA73,Purwokerto,Malang,2024-07-01,12:45:00,04:10:00,Eksekutif,747327,Dibatalkan
JKA00171,Sancaka,KA539,Semarang Tawang,Malang,2024-06-07,04:25:00,20:45:00,Eksekutif,754013,Dibatalkan
JKA00996,Sancaka,KA575,Solo Balapan,Malang,2024-09-04,06:10:00,06:50:00,Bisnis,751633,Waiting
JKA00200,Sancaka,KA642,Pasar Senen,Malang,2025-07-15,00:30:00,03:20:00,Eksekutif,300068,Waiting
JKA02192,Sembrani,KA667,Cirebon,Malang,2024-06-14,10:45:00,18:40:00,Bisnis,200568,Waiting
JKA01557,Sembrani,KA315,Semarang Tawang,Malang,2025-01-12,14:50:00,07:35:00,Eksekutif,49473,Tepat Waktu
JKA00573,Sembrani,KA395,Surabaya Pasarturi,Malang,2024-10-21,16:00:00,02:20:00,Bisnis,245785,Dibatalkan
JKA01131,Sembrani,KA247,Yogyakarta,Malang,2025-03-14,02:15:00,14:55:00,Bisnis,503199,Tepat Waktu
JKA00058,Sembrani,KA378,Yogyakarta,Malang,2024-03-10,14:50:00,08:45:00,Ekonomi,496215,Tepat Waktu
JKA00293,Sembrani,KA528,Jember,Malang,2025-03-13,11:05:00,16:20:00,Bisnis,500133,Waiting
JKA00728,Serayu,KA511,Bandung,Malang,2025-04-19,07:10:00,09:15:00,Ekonomi,249276,Waiting
JKA01661,Serayu,KA23,Surabaya Gubeng,Malang,2024-08-20,22:20:00,14:30:00,Eksekutif,500257,Tepat Waktu
JKA02381,Serayu,KA853,Purwokerto,Malang,2024-01-29,13:10:00,22:00:00,Bisnis,297839,Waiting
JKA01173,Serayu,KA962,Semarang Tawang,Malang,2025-02-20,07:55:00,10:20:00,Eksekutif,498010,Tepat Waktu
JKA01467,Serayu,KA391,Cirebon,Malang,2024-05-07,11:10:00,02:45:00,Eksekutif,299164,Terlambat
JKA00391,Serayu,KA725,Solo Balapan,Malang,2024-05-10,00:50:00,21:10:00,Eksekutif,749380,Dibatalkan
JKA02064,Serayu,KA259,Surabaya Gubeng,Malang,2025-04-27,02:10:00,11:40:00,Ekonomi,203509,Tepat Waktu
JKA00501,Serayu,KA712,Madiun,Malang,2024-12-29,16:25:00,19:15:00,Bisnis,197341,Tepat Waktu
JKA00555,Taksaka,KA915,Yogyakarta,Malang,2024-06-13,12:10:00,12:45:00,Bisnis,246155,Terlambat
JKA00884,Taksaka,KA139,Madiun,Malang,2024-11-27,10:40:00,13:20:00,Ekonomi,70613,Tepat Waktu
JKA01352,Taksaka,KA817,Yogyakarta,Malang,2024-06-02,16:30:00,08:50:00,Bisnis,77291,Tepat Waktu
JKA02271,Taksaka,KA748,Semarang Tawang,Malang,2024-03-25,07:10:00,22:40:00,Ekonomi,200582,Terlambat
JKA00774,Taksaka,KA4,Kediri,Malang,2024-10-09,17:50:00,06:25:00,Eksekutif,750183,Waiting
JKA02298,Tawang Jaya,KA216,Surabaya Gubeng,Malang,2025-02-24,05:30:00,19:20:00,Bisnis,247107,Terlambat
JKA01357,Tawang Jaya,KA641,Semarang Tawang,Malang,2025-02-18,23:55:00,01:20:00,Ekonomi,196472,Terlambat
JKA01804,Tawang Jaya,KA174,Kediri,Malang,2025-05-11,13:00:00,08:40:00,Eksekutif,100190,Dibatalkan
JKA01503,Tawang Jaya,KA482,Solo Balapan,Malang,2024-03-24,08:20:00,13:10:00,Ekonomi,395971,Tepat Waktu
JKA01613,Tawang Jaya,KA743,Yogyakarta,Malang,2024-07-27,06:10:00,16:10:00,Ekonomi,298391,Waiting
JKA01652,Tawang Jaya,KA938,Bandung,Malang,2024-05-07,08:55:00,00:15:00,Ekonomi,303648,Dibatalkan
JKA00246,Tawang Jaya,KA730,Yogyakarta,Malang,2025-06-05,17:35:00,11:15:00,Eksekutif,745121,Terlambat
JKA01768,Turangga,KA191,Surabaya Gubeng,Malang,2024-01-13,17:35:00,15:45:00,Eksekutif,146828,Terlambat
JKA00225,Turangga,KA550,Pasar Senen,Malang,2025-05-16,14:15:00,12:00:00,Bisnis,251457,Terlambat
JKA02161,Turangga,KA770,Cirebon,Malang,2025-05-19,03:30:00,11:00:00,Ekonomi,45862,Tepat Waktu
JKA02703,Turangga,KA233,Surabaya Pasarturi,Malang,2024-01-24,21:05:00,02:20:00,Eksekutif,254959,Terlambat
JKA00930,Turangga,KA380,Yogyakarta,Malang,2024-07-30,01:55:00,05:50:00,Eksekutif,71743,Waiting
JKA02981,Turangga,KA660,Kediri,Malang,2024-07-24,13:00:00,15:40:00,Eksekutif,149094,Waiting
JKA00154,Turangga,KA173,Pasar Senen,Malang,2024-05-26,22:10:00,15:25:00,Ekonomi,45077,Waiting
JKA01895,Turangga,KA432,Bandung,Malang,2024-03-01,00:10:00,11:10:00,Ekonomi,146315,Waiting
JKA02577,Turangga,KA120,Gambir,Malang,2024-06-17,06:00:00,04:40:00,Bisnis,200488,Waiting
JKA02062,UNKNOWN,KA510,Bandung,Pasar Senen,2025-08-02,11:15:00,20:00:00,Ekonomi,746205,Tepat Waktu
JKA02246,UNKNOWN,KA944,Purwokerto,Pasar Senen,2025-07-19,07:15:00,19:40:00,Eksekutif,201061,Terlambat
JKA02775,UNKNOWN,KA535,Kediri,Pasar Senen,2024-08-02,13:55:00,01:05:00,Eksekutif,49942,Terlambat
JKA00308,UNKNOWN,KA858,Solo Balapan,Pasar Senen,2024-03-19,15:50:00,10:00:00,Bisnis,76458,Tepat Waktu
JKA00676,UNKNOWN,KA818,Jember,Pasar Senen,2025-06-27,14:10:00,14:30:00,Ekonomi,399574,Waiting
JKA01673,UNKNOWN,KA343,Malang,Pasar Senen,2025-06-17,18:25:00,02:10:00,Eksekutif,149376,Waiting
JKA02130,UNKNOWN,KA217,Semarang Tawang,Pasar Senen,2024-04-27,13:15:00,01:50:00,Eksekutif,751985,Waiting
JKA00525,Harina,KA212,Cirebon,Pasar Senen,2025-02-02,05:35:00,23:15:00,Eksekutif,150287,Tepat Waktu
JKA00111,Kertajaya,KA192,Cirebon,Pasar Senen,2024-07-21,18:30:00,00:55:00,Bisnis,196025,Terlambat
JKA01258,Mutiara Selatan,KA587,Semarang Tawang,Pasar Senen,2024-03-28,05:25:00,14:45:00,Ekonomi,202379,Tepat Waktu
JKA02681,Progo,KA636,Jember,Pasar Senen,2025-03-26,01:05:00,21:10:00,Bisnis,99382,Terlambat
JKA00261,Taksaka,KA626,Yogyakarta,Pasar Senen,2024-04-01,13:55:00,22:10:00,Bisnis,203570,Terlambat
JKA02842,Argo Bromo Anggrek,KA98,Jakarta Kota,Pasar Senen,2025-07-28,02:50:00,05:05:00,Ekonomi,151804,Waiting
JKA01921,Argo Bromo Anggrek,KA900,Jakarta Kota,Pasar Senen,2024-12-11,15:15:00,03:00:00,Eksekutif,52071,Tepat Waktu
JKA00788,Argo Bromo Anggrek,KA964,Semarang Tawang,Pasar Senen,2024-11-28,01:35:00,23:00:00,Bisnis,71365,Terlambat
JKA01092,Argo Bromo Anggrek,KA973,Surabaya Gubeng,Pasar Senen,2024-01-08,04:55:00,20:35:00,Ekonomi,102926,Waiting
JKA02259,Argo Bromo Anggrek,KA731,Malang,Pasar Senen,2024-01-18,23:30:00,08:25:00,Bisnis,45112,Dibatalkan
JKA01324,Argo Bromo Anggrek,KA363,Jember,Pasar Senen,2025-05-14,12:30:00,10:55:00,Ekonomi,753366,Terlambat
JKA02662,Argo Bromo Anggrek,KA383,Gambir,Pasar Senen,2024-01-26,08:10:00,02:10:00,Eksekutif,295460,Terlambat
JKA02188,Argo Parahyangan,KA850,Surabaya Gubeng,Pasar Senen,2025-04-04,00:25:00,23:45:00,Eksekutif,246054,Terlambat
JKA00490,Argo Parahyangan,KA786,Cirebon,Pasar Senen,2024-06-19,20:05:00,04:45:00,Bisnis,51212,Waiting
JKA00473,Argo Parahyangan,KA974,Madiun,Pasar Senen,2024-10-21,13:45:00,05:30:00,Bisnis,147160,Waiting
JKA02219,Argo Parahyangan,KA818,Cirebon,Pasar Senen,2024-02-13,01:00:00,08:05:00,Eksekutif,151626,Terlambat
JKA01593,Argo Parahyangan,KA961,Solo Balapan,Pasar Senen,2025-01-06,14:15:00,08:40:00,Bisnis,100410,Dibatalkan
JKA02071,Argo Parahyangan,KA377,Bandung,Pasar Senen,2024-12-24,18:40:00,11:25:00,Eksekutif,500111,Waiting
JKA00803,Argo Parahyangan,KA426,Surabaya Gubeng,Pasar Senen,2025-03-26,14:25:00,18:05:00,Bisnis,70375,Tepat Waktu
JKA01947,Argo Parahyangan,KA43,Cirebon,Pasar Senen,2024-02-18,09:15:00,20:30:00,Ekonomi,202864,Terlambat
JKA00043,Argo Parahyangan,KA808,Jakarta Kota,Pasar Senen,2024-10-20,19:25:00,20:15:00,Bisnis,96591,Dibatalkan
JKA01367,Argo Parahyangan,KA967,Jakarta Kota,Pasar Senen,2024-08-02,23:30:00,06:10:00,Eksekutif,148556,Terlambat
JKA00510,Argo Parahyangan,KA966,Kediri,Pasar Senen,2025-06-03,13:30:00,18:30:00,Bisnis,497726,Waiting
JKA00099,Argo Parahyangan,KA826,Cirebon,Pasar Senen,2025-05-09,00:00:00,00:00:00,Ekonomi,195280,Tepat Waktu
JKA01349,Argo Parahyangan,KA276,Semarang Tawang,Pasar Senen,2024-06-21,15:30:00,03:20:00,Ekonomi,195079,Waiting
JKA02589,Argo Parahyangan,KA237,Bandung,Pasar Senen,2025-06-11,01:50:00,15:55:00,Ekonomi,99366,Waiting
JKA01901,Argo Parahyangan,KA566,Surabaya Pasarturi,Pasar Senen,2024-11-09,22:20:00,13:45:00,Ekonomi,153353,Terlambat
JKA01899,Brantas,KA790,Yogyakarta,Pasar Senen,2025-07-08,10:45:00,17:05:00,Eksekutif,248042,Terlambat
JKA01199,Bengawan,KA499,Solo Balapan,Pasar Senen,2024-06-08,23:25:00,21:40:00,Eksekutif,299095,Tepat Waktu
JKA00813,Bengawan,KA757,Yogyakarta,Pasar Senen,2024-05-03,11:55:00,02:40:00,Ekonomi,98426,Dibatalkan
JKA02286,Bengawan,KA692,Malang,Pasar Senen,2024-12-08,03:30:00,04:35:00,Bisnis,204357,Tepat Waktu
JKA00740,Bengawan,KA832,Kediri,Pasar Senen,2025-02-26,03:35:00,08:05:00,Bisnis,303458,Tepat Waktu
JKA02891,Bengawan,KA148,Surabaya Gubeng,Pasar Senen,2024-08-25,16:30:00,06:20:00,Bisnis,98730,Terlambat
JKA00410,Bengawan,KA105,Gambir,Pasar Senen,2024-08-17,07:30:00,04:25:00,Bisnis,296841,Terlambat
JKA02080,Bengawan,KA470,Surabaya Pasarturi,Pasar Senen,2024-08-24,19:15:00,12:30:00,Ekonomi,203826,Waiting
JKA00167,Bengawan,KA322,Cirebon,Pasar Senen,2024-09-11,12:25:00,14:10:00,Eksekutif,753393,Waiting
JKA01767,Bengawan,KA908,Madiun,Pasar Senen,2024-04-16,06:10:00,05:15:00,Eksekutif,502931,Dibatalkan
JKA01756,Bima,KA401,Solo Balapan,Pasar Senen,2025-06-07,12:00:00,16:45:00,Eksekutif,247438,Tepat Waktu
JKA00958,Bima,KA847,Solo Balapan,Pasar Senen,2025-05-01,02:45:00,16:35:00,Ekonomi,153231,Waiting
JKA01117,Bima,KA300,Solo Balapan,Pasar Senen,2024-07-06,03:55:00,16:25:00,Bisnis,498152,Dibatalkan
JKA01681,Bima,KA502,Jember,Pasar Senen,2025-05-15,08:05:00,13:05:00,Bisnis,750964,Dibatalkan
JKA01483,Bima,KA203,Kediri,Pasar Senen,2024-09-16,07:40:00,14:00:00,Eksekutif,295485,Waiting
JKA00704,Bima,KA695,Madiun,Pasar Senen,2024-06-24,11:30:00,14:40:00,Eksekutif,48357,Waiting
JKA00251,Bima,KA262,Surabaya Pasarturi,Pasar Senen,2025-04-04,21:25:00,03:40:00,Eksekutif,299466,Tepat Waktu
JKA00910,Bima,KA16,Bandung,Pasar Senen,2025-03-28,17:35:00,19:20:00,Eksekutif,72615,Dibatalkan
JKA01459,Brantas,KA97,Surabaya Gubeng,Pasar Senen,2025-08-01,02:35:00,12:40:00,Eksekutif,304914,Terlambat
JKA01739,Brantas,KA867,Jember,Pasar Senen,2024-04-06,15:15:00,02:25:00,Eksekutif,,Tepat Waktu
JKA01415,Brantas,KA693,Semarang Tawang,Pasar Senen,2025-03-30,05:35:00,00:05:00,Bisnis,250050,Tepat Waktu
JKA00298,Brantas,KA982,Kediri,Pasar Senen,2024-05-28,15:55:00,09:00:00,Eksekutif,48926,Waiting
JKA02727,Brantas,UNKNOWN,Semarang Tawang,Pasar Senen,2025-06-21,02:30:00,11:05:00,Eksekutif,297828,Waiting
JKA01855,Brantas,KA329,Cirebon,Pasar Senen,2024-05-24,14:50:00,11:35:00,Bisnis,303649,Tepat Waktu
JKA01256,Brantas,KA514,Bandung,Pasar Senen,2024-09-26,19:15:00,00:30:00,Eksekutif,202441,Waiting
JKA01670,Gaya Baru Malam,KA776,Jember,Pasar Senen,2024-03-10,16:00:00,14:15:00,Eksekutif,151195,Terlambat
JKA00844,Gajayana,KA116,Yogyakarta,Pasar Senen,2025-05-19,23:20:00,07:40:00,Bisnis,95351,Terlambat
JKA02511,Gajayana,KA707,Surabaya Gubeng,Pasar Senen,2025-04-29,10:50:00,19:00:00,Eksekutif,76402,Tepat Waktu
JKA00822,Gajayana,KA375,Gambir,Pasar Senen,2024-03-14,12:10:00,21:00:00,Bisnis,298755,Waiting
JKA02168,Gajayana,KA24,Surabaya Gubeng,Pasar Senen,2025-08-02,05:05:00,23:50:00,Ekonomi,,Dibatalkan
JKA00607,Gajayana,KA581,Madiun,Pasar Senen,2024-07-29,18:55:00,22:50:00,Ekonomi,200913,Waiting
JKA01527,Gaya Baru Malam,KA469,Purwokerto,Pasar Senen,2025-03-05,17:25:00,08:45:00,Eksekutif,70894,Tepat Waktu
JKA00086,Gaya Baru Malam,KA810,Malang,Pasar Senen,2024-05-17,08:15:00,10:10:00,Bisnis,,Dibatalkan
JKA00990,Gaya Baru Malam,KA231,Malang,Pasar Senen,2024-10-29,08:20:00,01:25:00,Bisnis,504911,Waiting
JKA00059,Gaya Baru Malam,KA352,Madiun,Pasar Senen,2024-02-12,18:50:00,10:45:00,Ekonomi,96013,Waiting
JKA02867,Gaya Baru Malam,KA193,Bandung,Pasar Senen,2024-06-27,15:35:00,15:05:00,Ekonomi,749696,Terlambat
JKA00074,Gaya Baru Malam,KA971,Yogyakarta,Pasar Senen,2025-07-18,04:30:00,03:40:00,Ekonomi,97653,Dibatalkan
JKA00485,Gaya Baru Malam,KA745,Madiun,Pasar Senen,2024-05-02,13:35:00,02:10:00,Bisnis,75795,Terlambat
JKA01597,Gaya Baru Malam,KA756,Solo Balapan,Pasar Senen,2024-12-23,21:15:00,09:05:00,Eksekutif,76301,Waiting
JKA02155,Gaya Baru Malam,KA571,Surabaya Pasarturi,Pasar Senen,2024-03-11,11:15:00,01:50:00,Eksekutif,298870,Terlambat
JKA00569,Gaya Baru Malam,KA577,Gambir,Pasar Senen,2024-03-03,21:25:00,05:00:00,Eksekutif,251303,Terlambat
JKA01659,Gaya Baru Malam,KA340,Solo Balapan,Pasar Senen,2025-08-13,12:25:00,05:15:00,Bisnis,196149,Waiting
JKA00847,Harina,KA293,Bandung,Pasar Senen,2025-02-12,17:05:00,19:10:00,Bisnis,254383,Terlambat
JKA02658,Harina,UNKNOWN,Jakarta Kota,Pasar Senen,2024-12-10,21:25:00,18:30:00,Eksekutif,45577,Tepat Waktu
JKA00680,Harina,KA79,Kediri,Pasar Senen,2025-05-31,09:20:00,02:40:00,Ekonomi,753847,Waiting
JKA01692,Harina,KA24,Cirebon,Pasar Senen,2025-05-20,18:05:00,17:50:00,Eksekutif,95333,Tepat Waktu
JKA01298,Harina,KA578,Gambir,Pasar Senen,2024-06-01,01:30:00,15:20:00,Bisnis,300065,Dibatalkan
JKA01839,Harina,KA935,Cirebon,Pasar Senen,2024-04-18,23:35:00,20:40:00,Eksekutif,71932,Waiting
JKA02222,Harina,KA126,Semarang Tawang,Pasar Senen,2025-06-28,16:30:00,06:35:00,Bisnis,402577,Tepat Waktu
JKA00991,Harina,KA418,Surabaya Pasarturi,Pasar Senen,2024-10-16,12:30:00,05:45:00,Bisnis,78082,Waiting
JKA02252,Harina,KA180,Malang,Pasar Senen,2024-01-05,15:40:00,15:15:00,Ekonomi,404464,Waiting
JKA01589,Harina,KA349,Madiun,Pasar Senen,2024-11-25,14:25:00,22:30:00,Eksekutif,404974,Tepat Waktu
JKA02327,Harina,KA522,Surabaya Pasarturi,Pasar Senen,2024-03-14,22:40:00,20:45:00,Ekonomi,53710,Waiting
JKA02579,Harina,KA567,Yogyakarta,Pasar Senen,2024-05-07,01:55:00,06:05:00,Eksekutif,75475,Waiting
JKA02329,Harina,KA52,Kediri,Pasar Senen,2024-07-19,03:30:00,04:00:00,Bisnis,397037,Terlambat
JKA02018,Jayabaya,KA415,Jakarta Kota,Pasar Senen,2024-11-09,10:55:00,19:10:00,Ekonomi,149880,Terlambat
JKA00275,Jayabaya,KA967,Kediri,Pasar Senen,2024-10-11,00:05:00,21:50:00,Ekonomi,298185,Terlambat
JKA02849,Jayabaya,KA102,Bandung,Pasar Senen,2025-03-15,01:40:00,07:20:00,Ekonomi,245995,Terlambat
JKA00654,Jayabaya,KA822,Purwokerto,Pasar Senen,2025-08-16,12:20:00,16:15:00,UNKNOWN,398915,Tepat Waktu
JKA01144,Joglosemarkerto,KA710,Kediri,Pasar Senen,2024-04-05,12:40:00,02:15:00,UNKNOWN,398147,Tepat Waktu
JKA02280,Joglosemarkerto,KA936,Surabaya Pasarturi,Pasar Senen,2024-06-12,19:35:00,05:00:00,Ekonomi,54951,Waiting
JKA02056,Joglosemarkerto,KA741,Jakarta Kota,Pasar Senen,2024-02-11,11:00:00,19:25:00,Eksekutif,296288,Waiting
JKA02988,Joglosemarkerto,KA553,Purwokerto,Pasar Senen,2024-12-27,19:40:00,22:10:00,Bisnis,76909,Tepat Waktu
JKA02425,Joglosemarkerto,KA474,Semarang Tawang,Pasar Senen,2024-12-26,00:10:00,19:20:00,Eksekutif,253566,Tepat Waktu
JKA00023,Joglosemarkerto,KA447,Jakarta Kota,Pasar Senen,2025-08-12,15:00:00,09:30:00,Ekonomi,504883,Dibatalkan
JKA01939,Joglosemarkerto,KA129,Jember,Pasar Senen,2024-04-27,21:15:00,06:25:00,Eksekutif,100617,Tepat Waktu
JKA01520,Kahuripan,KA200,Kediri,Pasar Senen,2024-12-17,15:05:00,11:35:00,Eksekutif,50834,Waiting
JKA00871,Kahuripan,KA807,Jakarta Kota,Pasar Senen,2024-07-27,10:15:00,16:40:00,Bisnis,147044,Waiting
JKA01440,Kahuripan,KA566,Solo Balapan,Pasar Senen,2024-02-17,02:50:00,01:40:00,Bisnis,46441,Waiting
JKA02560,Kahuripan,KA826,Kediri,Pasar Senen,2024-04-11,13:10:00,17:35:00,Ekonomi,303842,Waiting
JKA01531,Kaligung,KA653,Semarang Tawang,Pasar Senen,2025-05-17,13:50:00,22:15:00,Bisnis,196198,Waiting
JKA01624,Kaligung,KA140,Solo Balapan,Pasar Senen,2025-07-16,23:15:00,11:40:00,Ekonomi,70952,Tepat Waktu
JKA01753,Kaligung,KA219,Gambir,Pasar Senen,2024-05-05,15:30:00,14:00:00,Eksekutif,145602,Tepat Waktu
JKA01179,Kaligung,KA745,Madiun,Pasar Senen,2024-08-31,06:30:00,13:50:00,Bisnis,745377,Waiting
JKA02843,Kaligung,KA899,Cirebon,Pasar Senen,2025-08-13,02:45:00,03:25:00,Ekonomi,247021,Waiting
JKA02929,Kaligung,KA824,Surabaya Gubeng,Pasar Senen,2024-01-03,04:05:00,17:10:00,Bisnis,747233,Waiting
JKA00781,Kaligung,KA336,Surabaya Gubeng,Pasar Senen,2024-12-16,08:00:00,05:15:00,Ekonomi,397910,Terlambat
JKA02194,Kaligung,KA500,Purwokerto,Pasar Senen,2024-05-10,23:25:00,19:25:00,Eksekutif,251558,Waiting
JKA00786,Kaligung,KA258,Kediri,Pasar Senen,2024-09-04,04:30:00,12:20:00,Eksekutif,302336,Waiting
JKA01618,Kaligung,KA744,Jember,Pasar Senen,2024-06-22,22:05:00,03:20:00,Eksekutif,401777,Tepat Waktu
JKA00636,Kaligung,KA378,Solo Balapan,Pasar Senen,2024-06-20,00:15:00,02:05:00,UNKNOWN,103748,Waiting
JKA00182,Kertajaya,KA451,Purwokerto,Pasar Senen,2024-03-20,12:15:00,11:25:00,Eksekutif,,Terlambat
JKA01230,Kertajaya,KA809,Jember,Pasar Senen,2025-07-12,22:05:00,09:50:00,Bisnis,398860,Waiting
JKA01188,Kertajaya,KA877,Bandung,Pasar Senen,2024-12-20,08:20:00,00:25:00,Ekonomi,101438,Tepat Waktu
JKA00563,Kertajaya,KA252,Jakarta Kota,Pasar Senen,2024-10-27,10:15:00,01:15:00,Bisnis,195431,Terlambat
JKA01888,Kertajaya,KA52,Jakarta Kota,Pasar Senen,2025-08-23,09:00:00,09:05:00,Ekonomi,751874,Terlambat
JKA00205,Kertajaya,KA682,Surabaya Gubeng,Pasar Senen,2024-09-13,00:05:00,12:35:00,Bisnis,48263,Terlambat
JKA02879,Kertajaya,KA809,Malang,Pasar Senen,2024-12-26,01:25:00,03:35:00,Ekonomi,746422,Terlambat
JKA01031,Kertajaya,KA500,Kediri,Pasar Senen,2024-02-02,04:10:00,08:45:00,Eksekutif,152171,Tepat Waktu
JKA01540,Lodaya,KA365,Bandung,Pasar Senen,2024-04-24,21:00:00,11:20:00,Ekonomi,503161,Dibatalkan
JKA02941,Lodaya,KA7,Solo Balapan,Pasar Senen,2024-02-15,19:55:00,04:45:00,UNKNOWN,73314,Tepat Waktu
JKA01066,Lodaya,KA60,Malang,Pasar Senen,2024-02-14,12:25:00,14:30:00,Bisnis,304177,Waiting
JKA00063,Lodaya,KA620,Malang,Pasar Senen,2024-07-17,21:45:00,14:20:00,Ekonomi,501859,Waiting
JKA02109,Lodaya,KA327,Surabaya Gubeng,Pasar Senen,2025-06-13,03:15:00,14:55:00,Eksekutif,296339,Tepat Waktu
JKA01942,Lodaya,KA979,Surabaya Pasarturi,Pasar Senen,2024-05-10,22:25:00,21:00:00,Ekonomi,98452,Waiting
JKA02347,Lodaya,KA473,Kediri,Pasar Senen,2024-06-17,06:55:00,08:25:00,Eksekutif,249521,Dibatalkan
JKA02017,Lodaya,KA640,Gambir,Pasar Senen,2025-08-19,02:45:00,22:20:00,Eksekutif,753275,Waiting
JKA01948,Lodaya,KA259,Bandung,Pasar Senen,2025-07-08,03:05:00,01:15:00,Eksekutif,96179,Waiting
JKA01388,Lodaya,KA810,Cirebon,Pasar Senen,2024-08-14,01:10:00,11:45:00,Ekonomi,95975,Tepat Waktu
JKA00915,Malabar,KA776,Surabaya Pasarturi,Pasar Senen,2025-05-01,07:05:00,23:05:00,Eksekutif,501798,Waiting
JKA01563,Malabar,KA234,Purwokerto,Pasar Senen,2025-01-03,16:30:00,13:05:00,Bisnis,199474,Terlambat
JKA01260,Malabar,KA92,Cirebon,Pasar Senen,2025-06-21,00:45:00,07:45:00,Bisnis,151441,Dibatalkan
JKA02098,Malabar,KA88,Madiun,Pasar Senen,2024-05-08,23:55:00,12:55:00,Bisnis,195487,Terlambat
JKA00307,Malabar,KA185,Bandung,Pasar Senen,2025-05-21,14:25:00,14:35:00,Eksekutif,97025,Dibatalkan
JKA02909,Malabar,KA553,Jember,Pasar Senen,2024-10-26,09:30:00,16:25:00,Bisnis,303643,Waiting
JKA01306,Malabar,KA15,Surabaya Pasarturi,Pasar Senen,2024-12-16,11:35:00,14:40:00,Bisnis,202688,Dibatalkan
JKA01764,Malabar,KA467,Purwokerto,Pasar Senen,2024-11-12,00:45:00,05:00:00,Ekonomi,152883,Terlambat
JKA02750,Malabar,KA591,Yogyakarta,Pasar Senen,2024-07-23,18:40:00,08:40:00,Eksekutif,748043,Terlambat
JKA00119,Matarmaja,KA774,Yogyakarta,Pasar Senen,2024-11-05,08:05:00,08:05:00,Bisnis,95848,Waiting
JKA00689,Matarmaja,UNKNOWN,Jember,Pasar Senen,2024-01-09,05:15:00,00:45:00,Ekonomi,296835,Terlambat
JKA02948,Matarmaja,KA144,Surabaya Pasarturi,Pasar Senen,2025-04-30,17:30:00,21:05:00,Ekonomi,49160,Tepat Waktu
JKA00113,Matarmaja,KA835,Madiun,Pasar Senen,2024-06-26,15:20:00,05:25:00,Ekonomi,50882,Terlambat
JKA01902,Matarmaja,KA501,Cirebon,Pasar Senen,2025-04-17,18:30:00,23:30:00,Bisnis,398578,Terlambat
JKA02959,Mutiara Selatan,KA815,Kediri,Pasar Senen,2024-03-19,01:15:00,15:50:00,Ekonomi,498718,Waiting
JKA01852,Mutiara Selatan,KA805,Semarang Tawang,Pasar Senen,2025-06-18,01:00:00,03:50:00,Ekonomi,153400,Waiting
JKA00686,Mutiara Selatan,KA852,Jember,Pasar Senen,2024-01-24,23:05:00,07:40:00,Eksekutif,200432,Terlambat
JKA00919,Mutiara Selatan,KA683,Surabaya Gubeng,Pasar Senen,2025-02-08,05:05:00,18:00:00,Ekonomi,304035,Tepat Waktu
JKA01086,Mutiara Selatan,KA66,Kediri,Pasar Senen,2025-06-27,17:00:00,16:55:00,Ekonomi,196116,Terlambat
JKA00745,Mutiara Selatan,KA105,Malang,Pasar Senen,2025-02-08,20:15:00,06:35:00,Bisnis,76792,Dibatalkan
JKA02303,Mutiara Selatan,KA816,Purwokerto,Pasar Senen,2024-04-04,23:15:00,08:20:00,Eksekutif,752609,Terlambat
JKA00549,Pasundan,KA825,Malang,Pasar Senen,2024-09-20,10:50:00,19:50:00,Eksekutif,404359,Terlambat
JKA01088,Pasundan,KA819,Kediri,Pasar Senen,2024-04-15,19:40:00,15:55:00,Eksekutif,71748,Tepat Waktu
JKA01918,Pasundan,KA521,Jember,Pasar Senen,2024-03-14,03:55:00,07:35:00,Bisnis,104651,Waiting
JKA02182,Pasundan,KA865,Cirebon,Pasar Senen,2025-01-30,12:35:00,05:45:00,Eksekutif,104972,Dibatalkan
JKA00690,Pasundan,KA791,Solo Balapan,Pasar Senen,2024-01-04,12:25:00,04:00:00,Ekonomi,746161,Waiting
JKA02607,Progo,KA393,Cirebon,Pasar Senen,2024-04-02,22:50:00,19:35:00,Eksekutif,752386,Waiting
JKA01694,Progo,KA160,Surabaya Pasarturi,Pasar Senen,2025-02-07,11:55:00,19:20:00,Eksekutif,50657,Tepat Waktu
JKA00902,Progo,KA326,Gambir,Pasar Senen,2025-06-11,21:15:00,13:05:00,Bisnis,152301,Tepat Waktu
JKA01658,Progo,KA731,Jember,Pasar Senen,2025-08-17,01:40:00,09:05:00,Ekonomi,299553,Waiting
JKA02196,Progo,KA339,Malang,Pasar Senen,2024-03-11,10:50:00,11:55:00,Eksekutif,249564,Terlambat
JKA00541,Progo,KA753,Gambir,Pasar Senen,2025-06-08,00:45:00,01:40:00,Eksekutif,503061,Tepat Waktu
JKA02221,Progo,KA716,Madiun,Pasar Senen,2025-05-17,07:05:00,04:20:00,Bisnis,204613,Tepat Waktu
JKA00128,Progo,KA386,Madiun,Pasar Senen,2025-07-13,04:00:00,00:15:00,Bisnis,,Waiting
JKA02578,Progo,KA937,Solo Balapan,Pasar Senen,2024-02-10,15:40:00,06:55:00,Ekonomi,401868,Tepat Waktu
JKA01735,Progo,KA650,Yogyakarta,Pasar Senen,2025-02-23,14:35:00,14:20:00,Ekonomi,253300,Terlambat
JKA02248,Progo,KA820,Gambir,Pasar Senen,2024-04-04,08:15:00,14:40:00,Ekonomi,52878,Waiting
JKA01815,Progo,KA873,Jember,Pasar Senen,2024-07-23,03:00:00,20:00:00,Eksekutif,253845,Terlambat
JKA00016,Sancaka,KA359,Madiun,Pasar Senen,2024-12-06,21:55:00,08:10:00,Eksekutif,52711,Waiting
JKA02346,Sancaka,KA183,Gambir,Pasar Senen,2024-01-14,06:35:00,06:35:00,Eksekutif,70282,Waiting
JKA01925,Sancaka,KA852,Surabaya Gubeng,Pasar Senen,2024-01-23,09:15:00,21:10:00,Eksekutif,149500,Waiting
JKA00707,Sancaka,KA869,Jember,Pasar Senen,2025-03-05,18:40:00,23:35:00,Bisnis,298795,Tepat Waktu
JKA01950,Sancaka,KA823,Cirebon,Pasar Senen,2024-02-17,15:20:00,23:30:00,Bisnis,198453,Tepat Waktu
JKA00026,Sancaka,KA802,Gambir,Pasar Senen,2024-11-15,12:55:00,02:45:00,Eksekutif,204837,Terlambat
JKA01044,Sancaka,KA297,Surabaya Pasarturi,Pasar Senen,2025-02-07,23:25:00,10:15:00,Bisnis,754034,Terlambat
JKA01465,Sancaka,KA46,Jakarta Kota,Pasar Senen,2024-05-03,11:30:00,23:45:00,Eksekutif,203694,Dibatalkan
JKA02609,Sancaka,KA530,Solo Balapan,Pasar Senen,2025-05-06,14:40:00,06:10:00,Eksekutif,153063,Waiting
JKA02321,Sancaka,KA471,Kediri,Pasar Senen,2024-07-10,05:05:00,10:40:00,Eksekutif,498475,Terlambat
JKA02713,Sembrani,KA242,Madiun,Pasar Senen,2025-04-08,18:05:00,19:40:00,Eksekutif,149070,Waiting
JKA01771,Sembrani,KA789,Madiun,Pasar Senen,2025-07-01,15:35:00,10:40:00,Bisnis,248591,Tepat Waktu
JKA01704,Sembrani,KA450,Jakarta Kota,Pasar Senen,2025-03-23,00:50:00,04:40:00,Ekonomi,148859,Waiting
JKA02108,Sembrani,KA438,Yogyakarta,Pasar Senen,2025-06-08,11:35:00,21:40:00,Ekonomi,79243,Tepat Waktu
JKA00137,Sembrani,KA750,Madiun,Pasar Senen,2024-05-25,16:25:00,11:55:00,Ekonomi,75514,Terlambat
JKA02085,Sembrani,KA245,Jakarta Kota,Pasar Senen,2024-04-19,16:35:00,01:45:00,Eksekutif,152194,Terlambat
JKA01069,Sembrani,KA402,Yogyakarta,Pasar Senen,2024-08-15,10:50:00,16:30:00,Eksekutif,195331,Tepat Waktu
JKA02769,Sembrani,KA87,Purwokerto,Pasar Senen,2024-02-18,12:00:00,05:10:00,Eksekutif,48783,Waiting
JKA01211,Sembrani,KA155,Semarang Tawang,Pasar Senen,2024-09-16,18:15:00,03:00:00,Bisnis,74984,Tepat Waktu
JKA02255,Sembrani,KA866,Cirebon,Pasar Senen,2024-05-09,03:25:00,16:30:00,Ekonomi,,Waiting
JKA02350,Serayu,KA874,Jember,Pasar Senen,2024-11-23,03:50:00,20:40:00,Bisnis,501010,Dibatalkan
JKA02613,Serayu,KA146,Bandung,Pasar Senen,2025-05-26,08:55:00,13:40:00,Bisnis,54142,Tepat Waktu
JKA02704,Serayu,KA394,Semarang Tawang,Pasar Senen,2025-03-02,23:45:00,00:20:00,Bisnis,502612,Tepat Waktu
JKA00358,Serayu,KA46,Madiun,Pasar Senen,2024-08-10,13:40:00,11:05:00,Ekonomi,251719,Terlambat
JKA01928,Serayu,KA397,Surabaya Pasarturi,Pasar Senen,2024-11-01,17:55:00,12:45:00,Eksekutif,749568,Tepat Waktu
JKA02625,Turangga,KA93,Kediri,Pasar Senen,2025-08-15,09:55:00,20:05:00,Ekonomi,196089,Terlambat
JKA02390,Taksaka,KA352,Madiun,Pasar Senen,2025-07-10,13:15:00,21:50:00,Bisnis,153879,Tepat Waktu
JKA01712,Taksaka,KA332,Bandung,Pasar Senen,2025-07-15,10:25:00,18:50:00,Bisnis,104742,Tepat Waktu
JKA02797,Taksaka,KA726,Jakarta Kota,Pasar Senen,2024-01-14,16:00:00,10:50:00,Ekonomi,753565,Terlambat
JKA01769,Taksaka,KA127,Bandung,Pasar Senen,2025-04-04,08:55:00,17:00:00,Eksekutif,202170,Terlambat
JKA02745,Tawang Jaya,KA262,Gambir,Pasar Senen,2025-06-08,23:25:00,04:55:00,Eksekutif,250304,Waiting
JKA00621,Tawang Jaya,KA560,Surabaya Pasarturi,Pasar Senen,2025-01-01,12:40:00,04:05:00,Bisnis,79345,Waiting
JKA02587,Tawang Jaya,KA85,Surabaya Gubeng,Pasar Senen,2024-11-13,12:05:00,10:25:00,Eksekutif,,Terlambat
JKA01672,Tawang Jaya,KA65,Yogyakarta,Pasar Senen,2024-11-21,19:10:00,07:25:00,Eksekutif,51273,Dibatalkan
JKA00208,Tawang Jaya,KA282,Surabaya Pasarturi,Pasar Senen,2024-02-10,22:35:00,17:55:00,Bisnis,748057,Tepat Waktu
JKA02253,Tawang Jaya,KA713,Yogyakarta,Pasar Senen,2024-06-23,16:40:00,21:40:00,Bisnis,146968,Waiting
JKA02634,Tawang Jaya,KA812,Semarang Tawang,Pasar Senen,2024-10-01,04:15:00,08:30:00,Ekonomi,247020,Terlambat
JKA00820,Tawang Jaya,KA647,Yogyakarta,Pasar Senen,2025-06-04,20:05:00,08:10:00,Ekonomi,747527,Waiting
JKA01431,Tawang Jaya,KA539,Gambir,Pasar Senen,2024-12-20,16:20:00,06:40:00,Eksekutif,404830,Waiting
JKA02523,Tawang Jaya,KA83,Gambir,Pasar Senen,2024-04-04,07:15:00,14:55:00,Bisnis,402719,Tepat Waktu
JKA01917,Tawang Jaya,KA853,Jember,Pasar Senen,2025-08-02,06:45:00,01:20:00,Ekonomi,,Dibatalkan
JKA01609,Turangga,KA914,Semarang Tawang,Pasar Senen,2024-03-17,11:30:00,02:45:00,Eksekutif,102039,Waiting
JKA00263,Turangga,KA739,Kediri,Pasar Senen,2025-04-09,03:55:00,17:10:00,Eksekutif,52947,Terlambat
JKA02332,Turangga,KA305,Surabaya Pasarturi,Pasar Senen,2024-11-02,19:40:00,11:45:00,Ekonomi,51219,Terlambat
JKA01116,Turangga,KA590,Yogyakarta,Pasar Senen,2025-04-20,21:50:00,07:35:00,Bisnis,71647,Dibatalkan
JKA00877,Turangga,KA536,Malang,Pasar Senen,2024-03-24,00:25:00,08:25:00,Eksekutif,198376,Terlambat
JKA00821,UNKNOWN,KA108,Semarang Tawang,Purwokerto,2024-02-20,07:50:00,07:05:00,Ekonomi,49449,Dibatalkan
JKA01245,UNKNOWN,KA181,Jakarta Kota,Purwokerto,2024-12-27,19:00:00,20:00:00,Ekonomi,304122,Tepat Waktu
JKA00981,UNKNOWN,KA914,Solo Balapan,Purwokerto,2025-01-09,19:50:00,12:00:00,Eksekutif,395044,Terlambat
JKA02676,UNKNOWN,KA839,Yogyakarta,Purwokerto,2025-01-29,19:50:00,18:45:00,Eksekutif,73602,Terlambat
JKA02055,UNKNOWN,KA97,Kediri,Purwokerto,2024-12-15,13:45:00,17:10:00,Ekonomi,748392,Tepat Waktu
JKA02803,UNKNOWN,KA696,Surabaya Gubeng,Purwokerto,2024-11-26,08:25:00,02:30:00,Eksekutif,251974,Tepat Waktu
JKA02084,UNKNOWN,KA53,Pasar Senen,Purwokerto,2025-02-17,04:55:00,06:35:00,Bisnis,497215,Terlambat
JKA00052,UNKNOWN,KA692,Yogyakarta,Purwokerto,2025-05-08,03:25:00,03:20:00,Eksekutif,304190,Terlambat
JKA02057,Argo Bromo Anggrek,KA506,Semarang Tawang,Purwokerto,2024-10-03,16:00:00,22:15:00,Eksekutif,198460,Dibatalkan
JKA01082,Gaya Baru Malam,KA711,Surabaya Gubeng,Purwokerto,2025-06-26,02:20:00,17:50:00,Eksekutif,148163,Terlambat
JKA00339,Gaya Baru Malam,KA49,Solo Balapan,Purwokerto,2024-02-23,13:30:00,03:50:00,Eksekutif,253474,Waiting
JKA01772,Joglosemarkerto,KA987,Solo Balapan,Purwokerto,2025-05-20,20:50:00,06:15:00,Eksekutif,746131,Tepat Waktu
JKA00440,Kahuripan,KA741,Gambir,Purwokerto,2025-08-12,14:20:00,12:00:00,Ekonomi,46137,Tepat Waktu
JKA01743,Progo,KA962,Yogyakarta,Purwokerto,2024-10-18,09:40:00,20:35:00,Eksekutif,147756,Dibatalkan
JKA00175,Argo Bromo Anggrek,KA391,Gambir,Purwokerto,2024-03-05,22:05:00,16:05:00,Eksekutif,204937,Tepat Waktu
JKA01470,Argo Bromo Anggrek,KA308,Surabaya Pasarturi,Purwokerto,2025-03-25,20:50:00,10:25:00,Bisnis,402905,Tepat Waktu
JKA00164,Argo Bromo Anggrek,KA485,Cirebon,Purwokerto,2024-11-07,20:50:00,10:25:00,Eksekutif,152445,Terlambat
JKA01191,Argo Bromo Anggrek,KA99,Bandung,Purwokerto,2025-07-30,19:40:00,14:35:00,Ekonomi,72509,Dibatalkan
JKA01331,Argo Bromo Anggrek,KA548,Jember,Purwokerto,2024-09-27,15:55:00,06:10:00,Ekonomi,72671,Waiting
JKA02776,Argo Bromo Anggrek,KA130,Surabaya Gubeng,Purwokerto,2024-06-29,06:30:00,04:50:00,Ekonomi,397143,Waiting
JKA00452,Argo Bromo Anggrek,KA608,Malang,Purwokerto,2024-06-02,19:40:00,09:35:00,Eksekutif,195255,Waiting
JKA01816,Argo Parahyangan,KA290,Jakarta Kota,Purwokerto,2025-02-28,22:40:00,01:30:00,Ekonomi,152705,Dibatalkan
JKA01156,Argo Parahyangan,KA779,Jakarta Kota,Purwokerto,2024-09-03,22:35:00,23:10:00,Eksekutif,203424,Tepat Waktu
JKA01126,Argo Parahyangan,KA9,Surabaya Pasarturi,Purwokerto,2024-12-20,05:45:00,16:30:00,Eksekutif,295773,Dibatalkan
JKA02968,Argo Parahyangan,KA703,Surabaya Gubeng,Purwokerto,2024-04-02,04:10:00,09:45:00,Bisnis,102245,Waiting
JKA00078,Argo Parahyangan,KA576,Jakarta Kota,Purwokerto,2025-04-26,17:00:00,13:10:00,Bisnis,251606,Terlambat
JKA00815,Argo Parahyangan,KA877,Kediri,Purwokerto,2024-12-31,14:40:00,00:25:00,Bisnis,495747,Tepat Waktu
JKA01102,Bengawan,KA76,Yogyakarta,Purwokerto,2025-03-15,11:45:00,14:55:00,Eksekutif,395061,Terlambat
JKA02102,Bengawan,KA794,Yogyakarta,Purwokerto,2024-01-04,04:15:00,18:55:00,Ekonomi,201547,Tepat Waktu
JKA00567,Bengawan,KA200,Jember,Purwokerto,2025-08-23,00:45:00,22:25:00,Eksekutif,71042,Waiting
JKA02326,Bengawan,KA215,Malang,Purwokerto,2024-10-16,00:25:00,21:25:00,Ekonomi,201609,Tepat Waktu
JKA00885,Bengawan,KA412,Surabaya Pasarturi,Purwokerto,2024-10-04,03:40:00,18:25:00,Eksekutif,751746,Tepat Waktu
JKA01605,Bengawan,KA976,Cirebon,Purwokerto,2024-12-20,03:50:00,12:35:00,Bisnis,748743,Waiting
JKA00362,Bengawan,KA13,Jember,Purwokerto,2024-07-13,17:30:00,03:15:00,Eksekutif,250298,Dibatalkan
JKA01734,Bengawan,KA189,Surabaya Pasarturi,Purwokerto,2025-06-22,22:00:00,05:35:00,Bisnis,298082,Waiting
JKA01202,Bengawan,KA830,Yogyakarta,Purwokerto,2025-03-01,23:35:00,22:05:00,Ekonomi,501395,Tepat Waktu
JKA02214,Bengawan,KA89,Pasar Senen,Purwokerto,2025-04-23,11:40:00,19:55:00,Eksekutif,752816,Terlambat
JKA01087,Bengawan,KA391,Jember,Purwokerto,2024-08-10,09:35:00,11:40:00,Bisnis,45196,Dibatalkan
JKA00184,Bengawan,KA786,Cirebon,Purwokerto,2024-01-20,02:15:00,19:35:00,Bisnis,151730,Waiting
JKA02393,Bengawan,KA920,Jember,Purwokerto,2024-12-04,02:35:00,11:20:00,Eksekutif,754143,Waiting
JKA01302,Bima,KA213,Semarang Tawang,Purwokerto,2024-01-24,03:35:00,13:50:00,Eksekutif,75583,Waiting
JKA02598,Bima,KA608,Yogyakarta,Purwokerto,2024-09-02,12:10:00,00:30:00,Eksekutif,154171,Terlambat
JKA02605,Bima,KA684,Semarang Tawang,Purwokerto,2025-02-04,17:45:00,06:40:00,Ekonomi,199969,Tepat Waktu
JKA02207,Bima,KA899,Malang,Purwokerto,2025-03-12,11:25:00,15:30:00,Eksekutif,78497,Waiting
JKA00724,Bima,KA735,Jakarta Kota,Purwokerto,2024-01-08,19:05:00,12:55:00,Eksekutif,499009,Terlambat
JKA00278,Bima,KA614,Jakarta Kota,Purwokerto,2025-04-28,20:50:00,13:10:00,Bisnis,145466,Tepat Waktu
JKA01539,Brantas,KA888,Kediri,Purwokerto,2024-10-09,01:30:00,04:20:00,Eksekutif,298312,Waiting
JKA01380,Brantas,KA703,Cirebon,Purwokerto,2024-06-18,07:20:00,11:20:00,UNKNOWN,247896,Tepat Waktu
JKA01648,Brantas,KA162,Kediri,Purwokerto,2024-07-04,16:45:00,04:05:00,Eksekutif,,Waiting
JKA02441,Brantas,KA97,Surabaya Gubeng,Purwokerto,2024-07-15,05:40:00,13:30:00,Ekonomi,754290,Waiting
JKA02875,Brantas,KA833,Yogyakarta,Purwokerto,2025-04-01,12:05:00,20:25:00,Ekonomi,196173,Terlambat
JKA00684,Brantas,KA743,Cirebon,Purwokerto,2024-10-29,16:45:00,13:20:00,Eksekutif,151877,Waiting
JKA00234,Brantas,KA695,Gambir,Purwokerto,2024-05-19,04:50:00,17:25:00,Eksekutif,295917,Waiting
JKA02354,Brantas,KA848,Semarang Tawang,Purwokerto,2025-02-08,06:20:00,21:20:00,Ekonomi,,Waiting
JKA01536,Brantas,KA380,Malang,Purwokerto,2025-01-23,00:20:00,13:40:00,Ekonomi,71617,Dibatalkan
JKA00962,Brantas,UNKNOWN,Surabaya Pasarturi,Purwokerto,2024-01-20,09:25:00,14:00:00,Ekonomi,96040,Tepat Waktu
JKA01049,Brantas,KA337,Yogyakarta,Purwokerto,2025-02-27,22:20:00,02:45:00,Eksekutif,51745,Terlambat
JKA00040,Brantas,KA894,Semarang Tawang,Purwokerto,2025-05-14,19:05:00,20:50:00,Bisnis,77110,Waiting
JKA02812,Brantas,KA962,Kediri,Purwokerto,2024-05-01,10:30:00,06:10:00,Bisnis,201928,Terlambat
JKA02916,Gajayana,KA371,Semarang Tawang,Purwokerto,2024-02-02,15:10:00,16:40:00,Eksekutif,300737,Tepat Waktu
JKA01303,Gajayana,KA230,Jember,Purwokerto,2024-07-17,21:15:00,23:45:00,Ekonomi,304984,Dibatalkan
JKA02991,Gajayana,KA982,Gambir,Purwokerto,2024-05-22,09:10:00,00:30:00,Eksekutif,196134,Waiting
JKA00550,Gajayana,KA928,Madiun,Purwokerto,2024-11-04,22:35:00,04:25:00,UNKNOWN,104492,Waiting
JKA01998,Gajayana,KA708,Yogyakarta,Purwokerto,2024-10-21,09:10:00,08:55:00,Bisnis,,Waiting
JKA01633,Gaya Baru Malam,KA839,Surabaya Pasarturi,Purwokerto,2025-06-14,10:10:00,20:45:00,Bisnis,78529,Tepat Waktu
JKA02442,Gaya Baru Malam,KA895,Madiun,Purwokerto,2024-07-01,08:25:00,09:20:00,Bisnis,,Tepat Waktu
JKA00893,Gaya Baru Malam,KA508,Gambir,Purwokerto,2025-04-07,05:05:00,06:40:00,Ekonomi,53344,Tepat Waktu
JKA02986,Gaya Baru Malam,KA961,Surabaya Pasarturi,Purwokerto,2025-05-18,23:50:00,03:55:00,Eksekutif,145858,Terlambat
JKA02189,Gaya Baru Malam,KA539,Gambir,Purwokerto,2025-01-19,12:45:00,04:35:00,Bisnis,,Waiting
JKA01185,Gaya Baru Malam,KA319,Madiun,Purwokerto,2024-04-30,13:20:00,07:20:00,Ekonomi,246178,Tepat Waktu
JKA02362,Gaya Baru Malam,KA241,Madiun,Purwokerto,2025-06-03,01:35:00,01:55:00,Ekonomi,98148,Tepat Waktu
JKA02254,Gaya Baru Malam,KA519,Cirebon,Purwokerto,2025-03-05,23:35:00,13:25:00,Eksekutif,754367,Tepat Waktu
JKA00783,Gaya Baru Malam,KA34,Jakarta Kota,Purwokerto,2024-03-29,05:30:00,23:00:00,UNKNOWN,395872,Tepat Waktu
JKA02620,Harina,KA873,Cirebon,Purwokerto,2024-07-10,05:20:00,22:20:00,Eksekutif,195448,Tepat Waktu
JKA00168,Harina,KA536,Madiun,Purwokerto,2024-07-01,22:05:00,17:35:00,Bisnis,499684,Tepat Waktu
JKA01089,Harina,KA195,Surabaya Gubeng,Purwokerto,2024-07-22,13:05:00,01:55:00,Eksekutif,50453,Dibatalkan
JKA00876,Harina,KA624,Semarang Tawang,Purwokerto,2025-08-07,16:10:00,18:00:00,Bisnis,77227,Terlambat
JKA02562,Jayabaya,KA566,Pasar Senen,Purwokerto,2025-04-25,15:35:00,03:40:00,Ekonomi,296124,Waiting
JKA01725,Jayabaya,KA100,Pasar Senen,Purwokerto,2024-08-18,06:40:00,12:20:00,Bisnis,99987,Waiting
JKA00702,Jayabaya,KA167,Malang,Purwokerto,2025-02-25,01:55:00,07:50:00,Ekonomi,53114,Tepat Waktu
JKA00461,Jayabaya,KA163,Cirebon,Purwokerto,2024-07-03,04:55:00,18:45:00,Ekonomi,751615,Waiting
JKA02218,Jayabaya,KA855,Surabaya Pasarturi,Purwokerto,2024-11-24,02:20:00,03:25:00,Bisnis,498132,Waiting
JKA02011,Jayabaya,UNKNOWN,Malang,Purwokerto,2024-01-31,16:05:00,23:05:00,Eksekutif,99822,Terlambat
JKA02371,Jayabaya,KA67,Jember,Purwokerto,2024-04-11,08:05:00,10:10:00,Eksekutif,203971,Waiting
JKA02148,Jayabaya,KA229,Malang,Purwokerto,2024-10-09,08:00:00,01:25:00,Ekonomi,100441,Tepat Waktu
JKA01235,Joglosemarkerto,KA309,Solo Balapan,Purwokerto,2025-03-01,15:05:00,07:45:00,Eksekutif,97722,Waiting
JKA02150,Joglosemarkerto,KA278,Madiun,Purwokerto,2024-12-11,12:10:00,03:55:00,Bisnis,245718,Terlambat
JKA00179,Joglosemarkerto,KA596,Yogyakarta,Purwokerto,2024-03-24,04:40:00,08:55:00,Bisnis,70305,Waiting
JKA00515,Joglosemarkerto,KA82,Madiun,Purwokerto,2024-04-28,16:25:00,22:25:00,Eksekutif,101947,Waiting
JKA02380,Joglosemarkerto,KA564,Surabaya Gubeng,Purwokerto,2024-05-11,09:20:00,08:55:00,Eksekutif,754621,Waiting
JKA00330,Joglosemarkerto,KA185,Bandung,Purwokerto,2025-07-26,06:45:00,18:40:00,Eksekutif,403235,Terlambat
JKA01500,Joglosemarkerto,KA757,Bandung,Purwokerto,2025-07-31,08:00:00,07:40:00,Eksekutif,,Tepat Waktu
JKA01064,Joglosemarkerto,KA842,Jember,Purwokerto,2024-01-26,14:40:00,21:10:00,Bisnis,752284,Waiting
JKA02794,Kahuripan,KA404,Pasar Senen,Purwokerto,2025-05-04,17:15:00,16:50:00,Eksekutif,48622,Waiting
JKA01631,Kahuripan,KA930,Jakarta Kota,Purwokerto,2025-07-26,01:15:00,04:40:00,Ekonomi,399420,Waiting
JKA01330,Kahuripan,KA891,Malang,Purwokerto,2024-02-09,03:05:00,15:40:00,Ekonomi,751903,Tepat Waktu
JKA00591,Kahuripan,KA444,Malang,Purwokerto,2024-12-04,19:05:00,22:10:00,Bisnis,73040,Waiting
JKA00670,Kahuripan,KA314,Yogyakarta,Purwokerto,2025-05-23,04:00:00,22:40:00,Ekonomi,245023,Waiting
JKA00187,Kahuripan,KA407,Solo Balapan,Purwokerto,2024-07-29,13:25:00,04:30:00,Ekonomi,501939,Waiting
JKA00277,Kahuripan,KA847,Solo Balapan,Purwokerto,2024-10-06,05:40:00,22:45:00,Bisnis,101254,Waiting
JKA02273,Kahuripan,KA146,Pasar Senen,Purwokerto,2025-08-04,17:50:00,08:30:00,Bisnis,146367,Tepat Waktu
JKA02426,Kahuripan,KA752,Jember,Purwokerto,2025-07-26,12:40:00,03:00:00,Bisnis,247949,Dibatalkan
JKA00325,Kaligung,KA597,Pasar Senen,Purwokerto,2025-06-30,11:20:00,21:55:00,Bisnis,303514,Terlambat
JKA01457,Kaligung,KA254,Kediri,Purwokerto,2024-03-07,22:20:00,10:05:00,Ekonomi,148118,Waiting
JKA02780,Kaligung,KA197,Malang,Purwokerto,2024-04-08,04:45:00,05:30:00,Ekonomi,148650,Waiting
JKA01345,Kertajaya,KA508,Solo Balapan,Purwokerto,2024-09-08,07:15:00,01:00:00,Eksekutif,253567,Terlambat
JKA01002,Kertajaya,KA536,Semarang Tawang,Purwokerto,2025-02-17,13:55:00,09:45:00,Ekonomi,254748,Tepat Waktu
JKA02742,Kertajaya,KA292,Gambir,Purwokerto,2024-03-19,17:35:00,01:15:00,Ekonomi,151304,Tepat Waktu
JKA01213,Kertajaya,KA887,Kediri,Purwokerto,2025-07-22,06:15:00,12:40:00,Eksekutif,502430,Waiting
JKA01195,Kertajaya,KA376,Surabaya Pasarturi,Purwokerto,2025-05-14,03:30:00,20:25:00,Bisnis,750145,Waiting
JKA00310,Kertajaya,KA488,Kediri,Purwokerto,2024-06-06,09:35:00,23:20:00,Ekonomi,76020,Tepat Waktu
JKA01487,Lodaya,KA83,Kediri,Purwokerto,2024-08-24,16:45:00,18:15:00,Eksekutif,76985,Waiting
JKA02043,Lodaya,KA625,Yogyakarta,Purwokerto,2024-02-20,14:00:00,08:20:00,Eksekutif,300866,Waiting
JKA01566,Lodaya,KA975,Malang,Purwokerto,2024-11-23,18:55:00,00:55:00,Bisnis,79532,Tepat Waktu
JKA01123,Lodaya,KA130,Gambir,Purwokerto,2024-06-09,15:05:00,10:00:00,Bisnis,746879,Terlambat
JKA02792,Lodaya,KA716,Pasar Senen,Purwokerto,2024-02-15,05:35:00,05:50:00,Eksekutif,252311,Tepat Waktu
JKA00787,Lodaya,KA635,Pasar Senen,Purwokerto,2024-11-01,04:40:00,10:25:00,Eksekutif,399533,Tepat Waktu
JKA00309,Malabar,KA409,Gambir,Purwokerto,2025-04-08,23:55:00,06:00:00,Ekonomi,46158,Tepat Waktu
JKA02443,Malabar,KA276,Yogyakarta,Purwokerto,2024-12-17,06:00:00,15:20:00,Bisnis,53596,Waiting
JKA00474,Malabar,KA990,Kediri,Purwokerto,2024-01-13,09:45:00,08:10:00,Eksekutif,,Tepat Waktu
JKA00209,Malabar,KA510,Kediri,Purwokerto,2025-06-02,23:10:00,19:25:00,Ekonomi,78830,Waiting
JKA00492,Malabar,KA603,Solo Balapan,Purwokerto,2025-02-14,23:20:00,02:05:00,Eksekutif,53875,Waiting
JKA01986,Malabar,KA825,Surabaya Gubeng,Purwokerto,2024-11-09,12:55:00,22:40:00,Eksekutif,296485,Tepat Waktu
JKA02847,Malabar,KA864,Pasar Senen,Purwokerto,2025-01-12,16:40:00,03:40:00,Ekonomi,402784,Tepat Waktu
JKA01445,Malabar,KA925,Solo Balapan,Purwokerto,2025-06-15,03:50:00,04:45:00,Bisnis,99362,Terlambat
JKA01402,Malabar,KA320,Gambir,Purwokerto,2024-05-04,12:05:00,09:25:00,Ekonomi,751257,Tepat Waktu
JKA02263,Matarmaja,KA266,Gambir,Purwokerto,2024-06-09,09:10:00,01:00:00,Bisnis,504423,Terlambat
JKA02810,Matarmaja,KA380,Pasar Senen,Purwokerto,2024-03-22,15:40:00,08:35:00,UNKNOWN,199102,Terlambat
JKA01938,Matarmaja,KA422,Surabaya Pasarturi,Purwokerto,2025-03-14,22:25:00,13:55:00,Bisnis,48610,Waiting
JKA02088,Matarmaja,KA147,Surabaya Pasarturi,Purwokerto,2024-08-04,05:10:00,15:00:00,Bisnis,70741,Terlambat
JKA02894,Matarmaja,KA694,Kediri,Purwokerto,2025-01-19,22:45:00,12:30:00,Eksekutif,304233,Terlambat
JKA01242,Matarmaja,KA443,Jember,Purwokerto,2024-05-14,13:15:00,13:05:00,Bisnis,78789,Waiting
JKA01098,Matarmaja,KA318,Surabaya Pasarturi,Purwokerto,2024-09-02,00:15:00,15:55:00,Eksekutif,301935,Terlambat
JKA02531,Matarmaja,KA644,Solo Balapan,Purwokerto,2025-06-30,22:10:00,04:55:00,Ekonomi,104612,Terlambat
JKA00406,Matarmaja,KA264,Gambir,Purwokerto,2024-01-11,07:55:00,05:20:00,Ekonomi,746743,Waiting
JKA00027,Matarmaja,KA958,Semarang Tawang,Purwokerto,2025-04-15,13:10:00,19:40:00,Eksekutif,304707,Waiting
JKA00122,Mutiara Selatan,KA654,Jakarta Kota,Purwokerto,2024-11-04,16:45:00,23:30:00,Bisnis,48921,Tepat Waktu
JKA01560,Mutiara Selatan,KA807,Pasar Senen,Purwokerto,2024-01-05,06:40:00,16:10:00,Bisnis,53673,Dibatalkan
JKA00454,Mutiara Selatan,KA559,Solo Balapan,Purwokerto,2024-11-26,21:15:00,04:30:00,Ekonomi,196402,Tepat Waktu
JKA01441,Mutiara Selatan,KA174,Surabaya Gubeng,Purwokerto,2024-08-31,18:30:00,15:45:00,Bisnis,48869,Terlambat
JKA01243,Mutiara Selatan,KA25,Jember,Purwokerto,2025-01-29,21:50:00,19:35:00,Eksekutif,198110,Tepat Waktu
JKA00314,Pasundan,KA149,Madiun,Purwokerto,2025-02-08,02:10:00,00:15:00,Eksekutif,48083,Waiting
JKA02724,Pasundan,KA118,Malang,Purwokerto,2025-07-20,10:35:00,08:45:00,Bisnis,98831,Tepat Waktu
JKA01074,Pasundan,KA164,Bandung,Purwokerto,2025-04-07,13:30:00,10:00:00,Bisnis,401849,Terlambat
JKA02076,Pasundan,KA955,Gambir,Purwokerto,2024-12-30,04:00:00,02:10:00,Eksekutif,49619,Dibatalkan
JKA01751,Pasundan,KA887,Kediri,Purwokerto,2024-12-22,12:05:00,16:35:00,Eksekutif,499084,Dibatalkan
JKA02723,Pasundan,KA989,Jember,Purwokerto,2024-10-07,01:45:00,02:45:00,Eksekutif,754662,Terlambat
JKA01511,Progo,KA485,Madiun,Purwokerto,2025-06-04,18:50:00,06:25:00,Eksekutif,197154,Waiting
JKA00832,Progo,KA491,Cirebon,Purwokerto,2025-06-29,03:15:00,03:00:00,Bisnis,47839,Tepat Waktu
JKA02789,Progo,KA966,Malang,Purwokerto,2024-10-23,15:55:00,07:55:00,Eksekutif,46896,Terlambat
JKA02550,Progo,KA449,Pasar Senen,Purwokerto,2024-03-08,04:20:00,13:10:00,Bisnis,201702,Dibatalkan
JKA01910,Progo,KA205,Yogyakarta,Purwokerto,2025-05-14,17:05:00,11:15:00,Ekonomi,503764,Tepat Waktu
JKA02389,Progo,KA640,Malang,Purwokerto,2025-05-23,01:35:00,19:05:00,UNKNOWN,248090,Dibatalkan
JKA00286,Progo,KA67,Gambir,Purwokerto,2025-05-18,12:35:00,03:10:00,Eksekutif,746666,Terlambat
JKA01973,Serayu,KA873,Kediri,Purwokerto,2024-05-09,23:10:00,22:45:00,Eksekutif,104152,Waiting
JKA00709,Sancaka,KA667,Semarang Tawang,Purwokerto,2024-06-12,12:50:00,00:25:00,Eksekutif,201634,Terlambat
JKA00524,Sancaka,KA419,Cirebon,Purwokerto,2025-03-04,13:15:00,19:15:00,Ekonomi,753247,Waiting
JKA01177,Sancaka,UNKNOWN,Semarang Tawang,Purwokerto,2025-06-08,22:10:00,00:30:00,Ekonomi,495469,Terlambat
JKA00445,Sancaka,KA272,Cirebon,Purwokerto,2024-04-14,14:05:00,07:00:00,Bisnis,195468,Dibatalkan
JKA02292,Sembrani,KA230,Madiun,Purwokerto,2024-05-22,01:35:00,04:15:00,Eksekutif,148973,Terlambat
JKA01607,Sembrani,KA958,Surabaya Pasarturi,Purwokerto,2024-07-02,04:40:00,15:50:00,Eksekutif,245855,Terlambat
JKA02940,Sembrani,KA883,Cirebon,Purwokerto,2024-10-01,09:00:00,02:55:00,Bisnis,401567,Waiting
JKA00751,Serayu,KA949,Surabaya Pasarturi,Purwokerto,2025-07-20,10:55:00,11:05:00,Ekonomi,297977,Terlambat
JKA01513,Serayu,KA749,Surabaya Pasarturi,Purwokerto,2025-01-23,18:05:00,03:00:00,Eksekutif,397574,Dibatalkan
JKA02674,Serayu,KA600,Yogyakarta,Purwokerto,2025-06-12,14:45:00,01:05:00,Ekonomi,76024,Waiting
JKA00333,Serayu,KA209,Solo Balapan,Purwokerto,2024-08-27,08:40:00,07:40:00,Ekonomi,751664,Terlambat
JKA01286,Serayu,KA204,Malang,Purwokerto,2024-11-07,11:20:00,22:55:00,Eksekutif,297856,Waiting
JKA01358,Serayu,KA388,Yogyakarta,Purwokerto,2025-07-01,22:25:00,21:35:00,Bisnis,145790,Dibatalkan
JKA00176,Serayu,KA216,Surabaya Pasarturi,Purwokerto,2025-01-17,17:40:00,03:00:00,Ekonomi,751456,Dibatalkan
JKA02730,Serayu,KA638,Semarang Tawang,Purwokerto,2024-03-10,18:20:00,21:00:00,Ekonomi,302749,Waiting
JKA00625,Taksaka,KA524,Kediri,Purwokerto,2024-02-10,08:30:00,14:50:00,Ekonomi,504917,Tepat Waktu
JKA02319,Taksaka,KA732,Cirebon,Purwokerto,2025-05-27,12:35:00,02:35:00,Ekonomi,751098,Terlambat
JKA02410,Taksaka,KA483,Malang,Purwokerto,2024-06-12,02:05:00,04:45:00,Eksekutif,54476,Waiting
JKA00199,Taksaka,KA875,Semarang Tawang,Purwokerto,2024-10-25,19:50:00,08:35:00,Bisnis,753535,Terlambat
JKA01172,Taksaka,KA91,Pasar Senen,Purwokerto,2024-12-30,06:00:00,10:15:00,Bisnis,50034,Waiting
JKA01335,Tawang Jaya,KA679,Madiun,Purwokerto,2024-03-25,03:20:00,09:05:00,Ekonomi,247628,Waiting
JKA02435,Tawang Jaya,KA944,Yogyakarta,Purwokerto,2024-11-13,01:10:00,19:05:00,Eksekutif,201528,Terlambat
JKA00731,Tawang Jaya,KA835,Semarang Tawang,Purwokerto,2025-06-10,05:15:00,01:00:00,Eksekutif,199949,Tepat Waktu
JKA02939,Tawang Jaya,KA447,Solo Balapan,Purwokerto,2024-12-25,19:45:00,15:30:00,Bisnis,101906,Waiting
JKA00389,Tawang Jaya,KA562,Cirebon,Purwokerto,2025-06-07,13:10:00,13:30:00,Ekonomi,146270,Waiting
JKA02139,Tawang Jaya,KA371,Semarang Tawang,Purwokerto,2024-01-03,21:25:00,20:05:00,Bisnis,,Waiting
JKA02748,Turangga,KA843,Cirebon,Purwokerto,2024-03-05,16:50:00,20:50:00,Eksekutif,,Waiting
JKA01685,Turangga,KA990,Jakarta Kota,Purwokerto,2024-10-15,19:05:00,23:15:00,Bisnis,78660,Waiting
JKA01629,Turangga,KA708,Gambir,Purwokerto,2024-08-05,17:15:00,09:20:00,Eksekutif,496637,Terlambat
JKA01991,Turangga,KA39,Yogyakarta,Purwokerto,2025-01-19,07:55:00,12:20:00,Bisnis,297936,Tepat Waktu
JKA00767,Turangga,KA43,Solo Balapan,Purwokerto,2024-06-22,15:25:00,20:40:00,Eksekutif,79940,Waiting
JKA02956,UNKNOWN,KA63,Jakarta Kota,Semarang Tawang,2025-04-12,19:55:00,18:25:00,Ekonomi,495474,Waiting
JKA00929,UNKNOWN,KA601,Madiun,Semarang Tawang,2025-02-25,01:55:00,16:45:00,Eksekutif,250640,Tepat Waktu
JKA00949,UNKNOWN,KA962,Gambir,Semarang Tawang,2025-02-13,12:05:00,01:35:00,Eksekutif,101404,Waiting
JKA02835,UNKNOWN,KA166,Gambir,Semarang Tawang,2024-02-08,03:25:00,19:00:00,Eksekutif,48973,Waiting
JKA01157,UNKNOWN,KA626,Jember,Semarang Tawang,2024-08-14,23:05:00,02:10:00,Ekonomi,751182,Waiting
JKA01033,UNKNOWN,KA306,Kediri,Semarang Tawang,2025-01-25,11:45:00,20:10:00,Bisnis,401154,Tepat Waktu
JKA01461,UNKNOWN,KA402,Jakarta Kota,Semarang Tawang,2024-06-01,18:15:00,14:00:00,Eksekutif,,Dibatalkan
JKA01300,Brantas,KA499,Surabaya Pasarturi,Semarang Tawang,2025-01-13,10:45:00,01:10:00,Bisnis,,Tepat Waktu
JKA02023,Jayabaya,KA987,Gambir,Semarang Tawang,2024-02-19,17:15:00,13:50:00,Ekonomi,54675,Dibatalkan
JKA00136,Kahuripan,KA540,Madiun,Semarang Tawang,2025-08-04,18:15:00,17:20:00,Eksekutif,46478,Tepat Waktu
JKA02233,Mutiara Selatan,KA12,Surabaya Gubeng,Semarang Tawang,2025-04-28,08:35:00,06:45:00,Eksekutif,101500,Tepat Waktu
JKA01754,Sancaka,KA741,Surabaya Gubeng,Semarang Tawang,2025-04-26,11:30:00,00:00:00,Ekonomi,75196,Tepat Waktu
JKA01868,Argo Bromo Anggrek,KA430,Bandung,Semarang Tawang,2024-03-07,02:35:00,18:40:00,Bisnis,100080,Tepat Waktu
JKA01372,Argo Bromo Anggrek,KA665,Jember,Semarang Tawang,2025-08-18,11:25:00,21:50:00,Bisnis,245191,Waiting
JKA02892,Argo Bromo Anggrek,KA29,Kediri,Semarang Tawang,2025-03-24,13:00:00,03:50:00,Ekonomi,77962,Tepat Waktu
JKA01294,Argo Bromo Anggrek,KA322,Surabaya Gubeng,Semarang Tawang,2025-08-16,19:40:00,20:50:00,Eksekutif,754376,Waiting
JKA02600,Argo Bromo Anggrek,KA847,Cirebon,Semarang Tawang,2025-08-05,20:20:00,18:50:00,Ekonomi,503378,Dibatalkan
JKA00274,Argo Bromo Anggrek,KA120,Jember,Semarang Tawang,2024-10-29,09:45:00,18:55:00,Ekonomi,77847,Terlambat
JKA00266,Argo Bromo Anggrek,KA818,Surabaya Gubeng,Semarang Tawang,2025-03-20,18:10:00,13:00:00,Eksekutif,495550,Waiting
JKA02438,Argo Parahyangan,KA133,Bandung,Semarang Tawang,2024-08-28,20:45:00,12:50:00,UNKNOWN,295345,Waiting
JKA01100,Argo Parahyangan,KA241,Surabaya Gubeng,Semarang Tawang,2025-03-06,12:45:00,00:05:00,Eksekutif,54655,Waiting
JKA01600,Argo Parahyangan,KA319,Cirebon,Semarang Tawang,2025-01-15,07:00:00,06:55:00,Bisnis,73371,Tepat Waktu
JKA02683,Argo Parahyangan,KA519,Surabaya Pasarturi,Semarang Tawang,2024-01-26,15:50:00,21:45:00,Ekonomi,254082,Dibatalkan
JKA00882,Argo Parahyangan,KA582,Jember,Semarang Tawang,2025-03-16,11:50:00,14:50:00,Eksekutif,251321,Tepat Waktu
JKA01101,Argo Parahyangan,KA455,Surabaya Gubeng,Semarang Tawang,2024-10-12,10:40:00,19:50:00,Ekonomi,145808,Waiting
JKA00938,Argo Parahyangan,KA302,Surabaya Gubeng,Semarang Tawang,2024-10-17,22:50:00,07:30:00,UNKNOWN,148172,Terlambat
JKA01436,Argo Parahyangan,KA432,Pasar Senen,Semarang Tawang,2024-10-18,18:55:00,14:20:00,Eksekutif,297172,Waiting
JKA00585,Argo Parahyangan,KA104,Pasar Senen,Semarang Tawang,2024-07-26,06:20:00,11:45:00,Ekonomi,402783,Dibatalkan
JKA01724,Argo Parahyangan,KA394,Surabaya Pasarturi,Semarang Tawang,2025-07-19,01:50:00,04:50:00,Eksekutif,304350,Waiting
JKA01501,Argo Parahyangan,KA991,Purwokerto,Semarang Tawang,2024-12-10,21:25:00,09:00:00,Eksekutif,504723,Waiting
JKA02216,Argo Parahyangan,KA183,Pasar Senen,Semarang Tawang,2024-05-23,03:05:00,05:00:00,Eksekutif,246559,Dibatalkan
JKA01845,Bengawan,KA294,Purwokerto,Semarang Tawang,2025-04-25,11:40:00,07:20:00,Eksekutif,246916,Terlambat
JKA00120,Bengawan,KA392,Madiun,Semarang Tawang,2024-05-03,22:10:00,02:15:00,Eksekutif,71690,Terlambat
JKA02516,Brantas,KA515,Surabaya Gubeng,Semarang Tawang,2024-10-12,12:20:00,23:50:00,Bisnis,254314,Terlambat
JKA01706,Bengawan,KA570,Malang,Semarang Tawang,2025-02-16,11:00:00,17:05:00,Ekonomi,495172,Waiting
JKA02485,Bengawan,KA314,Surabaya Gubeng,Semarang Tawang,2025-06-21,17:50:00,02:35:00,Bisnis,95891,Tepat Waktu
JKA01555,Bengawan,KA528,Bandung,Semarang Tawang,2024-10-30,23:15:00,03:35:00,Eksekutif,150137,Waiting
JKA01474,Bengawan,KA166,Bandung,Semarang Tawang,2025-05-26,06:20:00,11:30:00,Bisnis,76750,Waiting
JKA01360,Bengawan,KA994,Malang,Semarang Tawang,2024-11-06,23:20:00,06:55:00,UNKNOWN,98951,Tepat Waktu
JKA00216,Bengawan,KA85,Yogyakarta,Semarang Tawang,2025-05-29,04:00:00,14:45:00,Bisnis,299747,Dibatalkan
JKA01247,Bengawan,KA389,Cirebon,Semarang Tawang,2024-04-15,11:20:00,13:35:00,Ekonomi,302877,Tepat Waktu
JKA02247,Bengawan,KA930,Kediri,Semarang Tawang,2025-03-02,12:40:00,13:40:00,Bisnis,254073,Dibatalkan
JKA00455,Bengawan,KA806,Malang,Semarang Tawang,2025-03-13,13:30:00,00:40:00,Eksekutif,296448,Dibatalkan
JKA00240,Bima,KA175,Pasar Senen,Semarang Tawang,2025-02-05,22:50:00,10:35:00,Eksekutif,77787,Waiting
JKA01561,Bima,KA697,Yogyakarta,Semarang Tawang,2025-04-03,15:15:00,22:30:00,Eksekutif,49431,Waiting
JKA02479,Bima,KA464,Jakarta Kota,Semarang Tawang,2024-08-19,19:35:00,05:05:00,Ekonomi,70488,Terlambat
JKA02283,Bima,KA656,Bandung,Semarang Tawang,2024-11-05,00:45:00,06:50:00,Bisnis,746925,Tepat Waktu
JKA00791,Bima,KA209,Pasar Senen,Semarang Tawang,2025-01-09,07:50:00,01:00:00,Ekonomi,748542,Waiting
JKA01395,Bima,KA185,Surabaya Gubeng,Semarang Tawang,2024-06-04,23:30:00,00:40:00,UNKNOWN,500061,Tepat Waktu
JKA00650,Bima,KA197,Kediri,Semarang Tawang,2024-11-23,22:35:00,13:05:00,Bisnis,152753,Tepat Waktu
JKA02138,Bima,KA82,Purwokerto,Semarang Tawang,2024-03-22,00:45:00,02:40:00,Eksekutif,204423,Tepat Waktu
JKA01863,Bima,KA658,Jakarta Kota,Semarang Tawang,2025-01-26,23:40:00,08:00:00,Ekonomi,99813,Terlambat
JKA01009,Brantas,KA148,Solo Balapan,Semarang Tawang,2024-09-18,03:10:00,08:20:00,Eksekutif,504645,Tepat Waktu
JKA01780,Brantas,KA450,Solo Balapan,Semarang Tawang,2024-06-30,01:40:00,11:45:00,Ekonomi,50050,Tepat Waktu
JKA02977,Brantas,KA580,Gambir,Semarang Tawang,2024-08-26,15:55:00,14:35:00,Bisnis,152877,Tepat Waktu
JKA01650,Brantas,KA421,Solo Balapan,Semarang Tawang,2024-09-20,19:45:00,04:55:00,Bisnis,495313,Terlambat
JKA00480,Brantas,KA429,Surabaya Pasarturi,Semarang Tawang,2024-11-17,02:30:00,16:10:00,Bisnis,147947,Tepat Waktu
JKA00968,Brantas,KA463,Pasar Senen,Semarang Tawang,2024-08-08,19:00:00,04:15:00,Ekonomi,145146,Terlambat
JKA00725,Brantas,KA334,Pasar Senen,Semarang Tawang,2025-05-06,10:20:00,17:50:00,Eksekutif,101208,Tepat Waktu
JKA02787,Brantas,KA924,Yogyakarta,Semarang Tawang,2025-04-30,08:55:00,21:30:00,Eksekutif,300963,Dibatalkan
JKA01688,Gajayana,KA729,Pasar Senen,Semarang Tawang,2024-07-10,03:20:00,13:00:00,Bisnis,298106,Tepat Waktu
JKA02328,Gajayana,KA270,Madiun,Semarang Tawang,2025-08-03,19:30:00,01:05:00,Ekonomi,98014,Terlambat
JKA00721,Gajayana,KA135,Solo Balapan,Semarang Tawang,2024-01-27,00:00:00,04:20:00,Bisnis,154606,Terlambat
JKA01509,Gajayana,KA899,Purwokerto,Semarang Tawang,2025-08-07,08:55:00,13:55:00,Ekonomi,200397,Waiting
JKA01430,Gajayana,KA875,Cirebon,Semarang Tawang,2024-08-08,17:25:00,00:20:00,Bisnis,78711,Waiting
JKA02141,Gajayana,KA836,Malang,Semarang Tawang,2025-04-03,00:35:00,21:00:00,Eksekutif,304616,Dibatalkan
JKA01208,Gajayana,KA118,Gambir,Semarang Tawang,2024-08-24,12:20:00,18:55:00,Bisnis,48759,Waiting
JKA01361,Gajayana,KA682,Yogyakarta,Semarang Tawang,2024-04-07,02:50:00,17:10:00,Eksekutif,404367,Tepat Waktu
JKA00920,Gajayana,KA373,Pasar Senen,Semarang Tawang,2024-05-25,10:00:00,13:20:00,Eksekutif,70072,Terlambat
JKA01008,Gaya Baru Malam,KA396,Surabaya Pasarturi,Semarang Tawang,2025-05-26,10:25:00,15:25:00,Bisnis,202704,Tepat Waktu
JKA00533,Gaya Baru Malam,KA10,Gambir,Semarang Tawang,2024-03-15,15:05:00,02:35:00,Eksekutif,504656,Terlambat
JKA01885,Gaya Baru Malam,KA580,Kediri,Semarang Tawang,2024-03-06,12:50:00,04:15:00,Eksekutif,152352,Waiting
JKA00951,Gaya Baru Malam,KA72,Jember,Semarang Tawang,2025-05-03,01:30:00,08:45:00,UNKNOWN,745737,Waiting
JKA02129,Gaya Baru Malam,KA135,Yogyakarta,Semarang Tawang,2024-09-14,18:05:00,06:10:00,Bisnis,196733,Tepat Waktu
JKA01399,Gaya Baru Malam,KA132,Jakarta Kota,Semarang Tawang,2024-05-10,06:55:00,16:40:00,Bisnis,397442,Terlambat
JKA00419,Harina,KA907,Bandung,Semarang Tawang,2025-02-21,16:10:00,18:30:00,Ekonomi,49753,Tepat Waktu
JKA02244,Harina,KA608,Solo Balapan,Semarang Tawang,2025-05-11,15:45:00,18:05:00,Eksekutif,198698,Waiting
JKA00477,Harina,KA524,Purwokerto,Semarang Tawang,2025-04-26,19:00:00,11:00:00,Bisnis,745418,Dibatalkan
JKA02623,Harina,KA631,Yogyakarta,Semarang Tawang,2025-05-04,15:55:00,15:50:00,Ekonomi,49289,Waiting
JKA01347,Harina,KA439,Surabaya Pasarturi,Semarang Tawang,2024-11-19,06:45:00,18:30:00,Bisnis,203509,Terlambat
JKA02710,Jayabaya,KA465,Pasar Senen,Semarang Tawang,2025-03-09,12:25:00,16:15:00,Eksekutif,202515,Waiting
JKA01651,Jayabaya,KA478,Gambir,Semarang Tawang,2024-02-28,21:40:00,21:05:00,Ekonomi,50160,Terlambat
JKA02172,Jayabaya,KA326,Malang,Semarang Tawang,2024-06-24,14:05:00,00:55:00,Bisnis,751031,Terlambat
JKA00091,Jayabaya,KA131,Solo Balapan,Semarang Tawang,2025-01-26,12:30:00,21:50:00,Bisnis,246943,Waiting
JKA01978,Joglosemarkerto,KA2,Malang,Semarang Tawang,2024-05-30,10:25:00,20:30:00,Bisnis,499399,Tepat Waktu
JKA00394,Joglosemarkerto,KA121,Bandung,Semarang Tawang,2024-05-16,01:30:00,12:10:00,Eksekutif,249092,Waiting
JKA01091,Joglosemarkerto,KA63,Jember,Semarang Tawang,2024-07-28,14:10:00,12:30:00,Ekonomi,246140,Waiting
JKA00254,Joglosemarkerto,KA788,Solo Balapan,Semarang Tawang,2024-03-02,08:10:00,02:35:00,Ekonomi,297923,Terlambat
JKA00186,Joglosemarkerto,KA86,Solo Balapan,Semarang Tawang,2024-02-14,07:35:00,11:45:00,Eksekutif,99170,Waiting
JKA01689,Joglosemarkerto,KA248,Malang,Semarang Tawang,2025-07-27,11:50:00,14:35:00,Eksekutif,749004,Dibatalkan
JKA00658,Joglosemarkerto,KA218,Yogyakarta,Semarang Tawang,2024-06-13,15:50:00,00:25:00,Eksekutif,296696,Tepat Waktu
JKA02755,Joglosemarkerto,KA934,Surabaya Pasarturi,Semarang Tawang,2025-03-26,14:30:00,13:50:00,Eksekutif,304804,Tepat Waktu
JKA02830,Joglosemarkerto,KA432,Gambir,Semarang Tawang,2024-11-22,09:00:00,22:20:00,Ekonomi,248148,Waiting
JKA00931,Joglosemarkerto,KA9,Jember,Semarang Tawang,2024-04-26,08:40:00,18:40:00,Eksekutif,247879,Waiting
JKA00900,Kaligung,UNKNOWN,Pasar Senen,Semarang Tawang,2024-01-02,06:00:00,00:00:00,Bisnis,201607,Terlambat
JKA00221,Kertajaya,KA919,Purwokerto,Semarang Tawang,2024-12-29,07:40:00,01:50:00,Eksekutif,54092,Dibatalkan
JKA01833,Kertajaya,KA680,Bandung,Semarang Tawang,2025-03-28,09:30:00,04:05:00,Ekonomi,252003,Dibatalkan
JKA01765,Kahuripan,KA187,Kediri,Semarang Tawang,2024-08-19,18:25:00,22:55:00,Eksekutif,754943,Waiting
JKA01115,Kahuripan,KA714,Pasar Senen,Semarang Tawang,2024-01-05,17:00:00,13:10:00,Ekonomi,246801,Waiting
JKA02090,Kahuripan,KA271,Surabaya Gubeng,Semarang Tawang,2024-06-17,06:35:00,10:00:00,Ekonomi,495491,Terlambat
JKA00934,Kahuripan,KA506,Pasar Senen,Semarang Tawang,2024-09-23,05:25:00,03:55:00,Bisnis,748684,Waiting
JKA00071,Kahuripan,KA512,Malang,Semarang Tawang,2025-01-15,02:45:00,16:25:00,Ekonomi,199089,Terlambat
JKA01293,Kaligung,KA292,Surabaya Pasarturi,Semarang Tawang,2025-04-18,09:20:00,01:35:00,Ekonomi,101980,Dibatalkan
JKA00127,Kaligung,KA378,Cirebon,Semarang Tawang,2024-05-02,05:15:00,12:05:00,Eksekutif,200090,Tepat Waktu
JKA01022,Kaligung,KA44,Surabaya Gubeng,Semarang Tawang,2024-12-28,00:35:00,07:55:00,Eksekutif,98572,Waiting
JKA02970,Kaligung,KA580,Gambir,Semarang Tawang,2024-12-17,16:25:00,11:40:00,Ekonomi,746608,Terlambat
JKA02005,Kaligung,KA354,Gambir,Semarang Tawang,2024-09-05,18:50:00,10:40:00,Ekonomi,750661,Terlambat
JKA00153,Kaligung,KA513,Pasar Senen,Semarang Tawang,2025-01-15,18:20:00,03:35:00,Eksekutif,754507,Terlambat
JKA01750,Kertajaya,KA377,Solo Balapan,Semarang Tawang,2025-03-09,05:20:00,06:25:00,Eksekutif,399711,Tepat Waktu
JKA00192,Kertajaya,KA529,Kediri,Semarang Tawang,2025-04-14,18:00:00,03:20:00,Eksekutif,148767,Dibatalkan
JKA00069,Kertajaya,KA559,Solo Balapan,Semarang Tawang,2024-07-10,22:35:00,16:20:00,Bisnis,296293,Terlambat
JKA02344,Kertajaya,UNKNOWN,Jember,Semarang Tawang,2025-04-18,01:10:00,06:05:00,Eksekutif,150707,Waiting
JKA02352,Kertajaya,KA885,Malang,Semarang Tawang,2025-03-04,13:55:00,09:05:00,Ekonomi,295175,Tepat Waktu
JKA01269,Kertajaya,KA839,Yogyakarta,Semarang Tawang,2024-11-25,19:50:00,10:00:00,Eksekutif,45116,Waiting
JKA02661,Kertajaya,KA509,Malang,Semarang Tawang,2024-08-07,14:35:00,00:25:00,Eksekutif,100867,Terlambat
JKA00649,Lodaya,KA153,Jakarta Kota,Semarang Tawang,2024-06-15,14:25:00,09:50:00,Eksekutif,150067,Tepat Waktu
JKA01983,Lodaya,KA395,Jember,Semarang Tawang,2024-05-19,20:50:00,09:35:00,Ekonomi,75101,Waiting
JKA01343,Lodaya,KA367,Cirebon,Semarang Tawang,2025-03-16,15:05:00,16:35:00,Ekonomi,53125,Terlambat
JKA00370,Lodaya,KA120,Jakarta Kota,Semarang Tawang,2024-01-29,08:45:00,21:10:00,Bisnis,754475,Tepat Waktu
JKA02267,Lodaya,KA730,Bandung,Semarang Tawang,2024-03-05,06:50:00,12:30:00,Eksekutif,303725,Waiting
JKA01122,Lodaya,KA917,Kediri,Semarang Tawang,2025-03-28,14:10:00,03:55:00,Ekonomi,745397,Terlambat
JKA02746,Lodaya,KA111,Yogyakarta,Semarang Tawang,2024-11-18,03:15:00,23:15:00,Eksekutif,252005,Terlambat
JKA02359,Lodaya,KA636,Surabaya Pasarturi,Semarang Tawang,2025-01-21,16:55:00,13:40:00,Ekonomi,498212,Dibatalkan
JKA02355,Lodaya,KA531,Jakarta Kota,Semarang Tawang,2025-07-01,21:55:00,11:30:00,Ekonomi,196587,Terlambat
JKA02349,Lodaya,KA952,Madiun,Semarang Tawang,2024-12-25,20:00:00,11:35:00,Eksekutif,246614,Terlambat
JKA01184,Lodaya,KA66,Malang,Semarang Tawang,2024-12-18,19:50:00,16:55:00,Ekonomi,502493,Waiting
JKA01695,Lodaya,KA682,Malang,Semarang Tawang,2025-04-03,15:35:00,08:55:00,Eksekutif,253716,Terlambat
JKA00319,Lodaya,KA114,Surabaya Pasarturi,Semarang Tawang,2024-12-29,17:20:00,22:40:00,Bisnis,52173,Waiting
JKA01140,Lodaya,KA231,Jember,Semarang Tawang,2024-10-01,01:20:00,07:35:00,Ekonomi,249847,Terlambat
JKA00476,Malabar,KA850,Jakarta Kota,Semarang Tawang,2025-07-07,19:15:00,03:05:00,Eksekutif,496268,Dibatalkan
JKA02860,Malabar,UNKNOWN,Jember,Semarang Tawang,2024-11-16,01:40:00,14:05:00,Ekonomi,301191,Tepat Waktu
JKA00436,Malabar,KA288,Bandung,Semarang Tawang,2025-07-18,14:55:00,13:40:00,Bisnis,197833,Waiting
JKA02014,Malabar,KA236,Bandung,Semarang Tawang,2025-02-16,18:25:00,08:55:00,Eksekutif,395847,Waiting
JKA02878,Malabar,KA886,Purwokerto,Semarang Tawang,2025-01-15,20:50:00,15:40:00,Eksekutif,154735,Tepat Waktu
JKA01181,Malabar,KA340,Gambir,Semarang Tawang,2024-08-26,14:10:00,18:25:00,Bisnis,302769,Terlambat
JKA02369,Malabar,KA764,Jakarta Kota,Semarang Tawang,2025-01-07,10:05:00,07:15:00,Ekonomi,746228,Dibatalkan
JKA00973,Malabar,KA716,Bandung,Semarang Tawang,2024-07-23,19:05:00,04:30:00,Eksekutif,46089,Waiting
JKA02644,Malabar,KA802,Jakarta Kota,Semarang Tawang,2024-12-25,13:55:00,04:10:00,Eksekutif,301340,Waiting
JKA01155,Malabar,KA74,Purwokerto,Semarang Tawang,2025-02-22,22:45:00,15:25:00,Eksekutif,99330,Tepat Waktu
JKA02408,Malabar,KA45,Purwokerto,Semarang Tawang,2025-04-29,23:30:00,04:25:00,Eksekutif,396691,Terlambat
JKA01169,Matarmaja,KA908,Bandung,Semarang Tawang,2024-08-03,20:10:00,15:40:00,Ekonomi,745948,Waiting
JKA02413,Matarmaja,KA781,Solo Balapan,Semarang Tawang,2025-04-18,12:25:00,06:45:00,Ekonomi,104078,Terlambat
JKA01080,Matarmaja,KA720,Solo Balapan,Semarang Tawang,2025-01-27,03:10:00,13:10:00,Eksekutif,397938,Dibatalkan
JKA00613,Matarmaja,KA818,Yogyakarta,Semarang Tawang,2025-01-02,14:40:00,01:25:00,Ekonomi,253850,Waiting
JKA02801,Matarmaja,KA500,Madiun,Semarang Tawang,2025-02-18,03:15:00,06:15:00,Eksekutif,,Dibatalkan
JKA02821,Matarmaja,KA644,Kediri,Semarang Tawang,2024-05-31,00:00:00,18:00:00,Bisnis,201991,Tepat Waktu
JKA01559,Matarmaja,KA974,Kediri,Semarang Tawang,2024-07-21,17:35:00,21:50:00,Eksekutif,401600,Tepat Waktu
JKA01281,Matarmaja,KA526,Solo Balapan,Semarang Tawang,2024-03-08,19:55:00,11:25:00,Bisnis,45300,Tepat Waktu
JKA00400,Matarmaja,KA253,Surabaya Gubeng,Semarang Tawang,2025-03-12,01:40:00,20:00:00,Eksekutif,200956,Waiting
JKA02034,Mutiara Selatan,KA903,Solo Balapan,Semarang Tawang,2025-07-19,18:15:00,08:55:00,Bisnis,199826,Terlambat
JKA01920,Mutiara Selatan,KA650,Kediri,Semarang Tawang,2024-10-24,11:00:00,12:25:00,Ekonomi,250232,Waiting
JKA02209,Mutiara Selatan,KA928,Madiun,Semarang Tawang,2024-11-07,17:10:00,16:35:00,Ekonomi,497898,Dibatalkan
JKA02033,Mutiara Selatan,KA969,Bandung,Semarang Tawang,2024-03-12,03:30:00,12:55:00,Eksekutif,504970,Tepat Waktu
JKA00029,Mutiara Selatan,KA707,Jember,Semarang Tawang,2025-03-11,11:55:00,08:20:00,Bisnis,73155,Waiting
JKA02969,Mutiara Selatan,KA65,Cirebon,Semarang Tawang,2024-07-06,04:25:00,23:35:00,Bisnis,197959,Tepat Waktu
JKA00711,Mutiara Selatan,KA917,Cirebon,Semarang Tawang,2025-06-08,20:05:00,11:35:00,Eksekutif,52231,Terlambat
JKA00448,Mutiara Selatan,KA175,Yogyakarta,Semarang Tawang,2024-03-12,05:25:00,04:00:00,Eksekutif,245341,Tepat Waktu
JKA00236,Mutiara Selatan,KA336,Bandung,Semarang Tawang,2024-02-08,02:35:00,15:40:00,Bisnis,252921,Waiting
JKA01875,Mutiara Selatan,KA829,Pasar Senen,Semarang Tawang,2025-01-23,06:55:00,02:15:00,Ekonomi,753800,Waiting
JKA01111,Mutiara Selatan,KA742,Cirebon,Semarang Tawang,2025-02-21,08:00:00,17:35:00,Ekonomi,199147,Dibatalkan
JKA02698,Progo,KA208,Bandung,Semarang Tawang,2024-08-01,11:00:00,11:25:00,Eksekutif,146441,Tepat Waktu
JKA02952,Pasundan,KA80,Gambir,Semarang Tawang,2024-04-21,09:55:00,08:05:00,Eksekutif,104163,Terlambat
JKA01791,Pasundan,KA399,Solo Balapan,Semarang Tawang,2024-08-17,15:35:00,04:20:00,Eksekutif,299717,Waiting
JKA00626,Pasundan,KA929,Malang,Semarang Tawang,2024-04-03,10:40:00,08:50:00,Ekonomi,204739,Dibatalkan
JKA02953,Pasundan,KA291,Jember,Semarang Tawang,2025-07-31,10:10:00,11:35:00,Eksekutif,50674,Dibatalkan
JKA01544,Pasundan,KA749,Cirebon,Semarang Tawang,2024-05-10,06:40:00,05:05:00,Eksekutif,246232,Dibatalkan
JKA00869,Pasundan,KA501,Purwokerto,Semarang Tawang,2025-07-21,05:10:00,05:50:00,Bisnis,246661,Dibatalkan
JKA00106,Pasundan,KA801,Malang,Semarang Tawang,2025-03-16,09:25:00,15:25:00,Eksekutif,249775,Terlambat
JKA00817,Progo,KA2,Madiun,Semarang Tawang,2024-12-26,07:10:00,04:50:00,Bisnis,748114,Terlambat
JKA01452,Progo,KA823,Madiun,Semarang Tawang,2024-05-06,01:30:00,00:45:00,Bisnis,76577,Dibatalkan
JKA01759,Progo,KA79,Surabaya Gubeng,Semarang Tawang,2025-04-25,13:45:00,01:05:00,Ekonomi,247559,Terlambat
JKA00587,Progo,KA812,Pasar Senen,Semarang Tawang,2024-03-28,02:10:00,19:20:00,UNKNOWN,73229,Waiting
JKA00139,Progo,KA2,Surabaya Gubeng,Semarang Tawang,2024-11-23,20:05:00,14:00:00,Bisnis,146110,Waiting
JKA00993,Progo,KA581,Gambir,Semarang Tawang,2025-06-23,18:00:00,04:10:00,Ekonomi,73427,Tepat Waktu
JKA01151,Sembrani,KA215,Jakarta Kota,Semarang Tawang,2024-06-16,19:20:00,20:00:00,Ekonomi,304913,Dibatalkan
JKA01477,Sancaka,KA125,Malang,Semarang Tawang,2025-02-12,12:40:00,19:25:00,Ekonomi,78663,Dibatalkan
JKA00652,Sancaka,KA518,Purwokerto,Semarang Tawang,2024-12-17,10:00:00,15:40:00,Bisnis,100447,Waiting
JKA02489,Sancaka,KA216,Jember,Semarang Tawang,2025-04-23,11:55:00,09:20:00,Ekonomi,103097,Terlambat
JKA01897,Sancaka,KA365,Purwokerto,Semarang Tawang,2025-03-20,04:00:00,09:30:00,Bisnis,302856,Waiting
JKA02926,Sancaka,KA166,Surabaya Pasarturi,Semarang Tawang,2024-06-22,23:10:00,00:10:00,Eksekutif,504564,Terlambat
JKA00044,Sancaka,KA881,Pasar Senen,Semarang Tawang,2025-06-27,05:20:00,09:55:00,Eksekutif,77673,Terlambat
JKA01043,Sancaka,KA108,Solo Balapan,Semarang Tawang,2024-12-06,08:35:00,05:25:00,Eksekutif,495992,Dibatalkan
JKA02484,Sancaka,KA889,Purwokerto,Semarang Tawang,2024-09-29,03:35:00,00:25:00,Eksekutif,154839,Waiting
JKA00678,Sembrani,KA433,Surabaya Pasarturi,Semarang Tawang,2025-07-16,05:00:00,15:15:00,Eksekutif,146464,Tepat Waktu
JKA00193,Sembrani,KA235,Malang,Semarang Tawang,2024-12-28,18:20:00,23:50:00,Eksekutif,148847,Terlambat
JKA00811,Sembrani,KA603,Yogyakarta,Semarang Tawang,2025-01-15,12:20:00,05:05:00,Eksekutif,399524,Waiting
JKA00618,Sembrani,KA282,Gambir,Semarang Tawang,2024-11-13,06:45:00,03:00:00,Ekonomi,53295,Tepat Waktu
JKA02239,Sembrani,KA722,Gambir,Semarang Tawang,2025-03-21,22:05:00,13:15:00,Eksekutif,72296,Tepat Waktu
JKA01362,Serayu,KA10,Purwokerto,Semarang Tawang,2025-04-15,13:20:00,21:40:00,Eksekutif,45227,Waiting
JKA02335,Serayu,KA765,Malang,Semarang Tawang,2024-03-20,01:15:00,05:55:00,Eksekutif,398963,Terlambat
JKA00828,Taksaka,KA396,Pasar Senen,Semarang Tawang,2025-03-12,08:25:00,00:30:00,Ekonomi,248614,Waiting
JKA00172,Taksaka,KA250,Purwokerto,Semarang Tawang,2024-12-05,09:15:00,17:50:00,Eksekutif,252301,Terlambat
JKA00034,Taksaka,KA186,Madiun,Semarang Tawang,2024-09-13,02:15:00,21:20:00,Eksekutif,102708,Dibatalkan
JKA01460,Taksaka,KA512,Madiun,Semarang Tawang,2024-03-26,19:40:00,07:55:00,Eksekutif,748471,Waiting
JKA01823,Tawang Jaya,KA491,Surabaya Pasarturi,Semarang Tawang,2025-03-06,11:00:00,03:20:00,Bisnis,146766,Terlambat
JKA01056,Tawang Jaya,KA331,Surabaya Gubeng,Semarang Tawang,2024-02-22,19:50:00,21:10:00,UNKNOWN,303976,Terlambat
JKA01356,Tawang Jaya,KA873,Surabaya Gubeng,Semarang Tawang,2024-04-30,22:15:00,05:30:00,Bisnis,504929,Waiting
JKA02180,Tawang Jaya,KA645,Jakarta Kota,Semarang Tawang,2024-01-03,09:10:00,20:10:00,Bisnis,151140,Tepat Waktu
JKA02091,Tawang Jaya,KA80,Madiun,Semarang Tawang,2024-11-28,04:35:00,06:50:00,Eksekutif,96978,Waiting
JKA00925,Turangga,KA17,Bandung,Semarang Tawang,2025-01-28,20:35:00,15:50:00,Bisnis,77973,Terlambat
JKA01377,Turangga,KA725,Cirebon,Semarang Tawang,2024-10-13,15:30:00,19:50:00,Ekonomi,153120,Waiting
JKA00008,Turangga,KA647,Purwokerto,Semarang Tawang,2025-03-24,03:15:00,02:25:00,Ekonomi,498770,Waiting
JKA02274,Turangga,KA378,Surabaya Gubeng,Semarang Tawang,2024-07-28,05:35:00,04:40:00,Eksekutif,303218,Terlambat
JKA01714,Turangga,KA645,Malang,Semarang Tawang,2025-08-22,18:30:00,16:10:00,Ekonomi,295001,Waiting
JKA00252,Turangga,KA198,Yogyakarta,Semarang Tawang,2025-07-14,21:00:00,00:30:00,Ekonomi,77306,Dibatalkan
JKA02340,Turangga,KA800,Malang,Semarang Tawang,2024-02-05,15:50:00,19:10:00,Ekonomi,96809,Terlambat
JKA00967,UNKNOWN,KA897,Pasar Senen,Solo Balapan,2024-07-18,08:20:00,10:45:00,Bisnis,99146,Waiting
JKA01572,UNKNOWN,KA744,Surabaya Pasarturi,Solo Balapan,2025-05-16,01:15:00,16:20:00,Eksekutif,753063,Waiting
JKA02884,UNKNOWN,KA20,Madiun,Solo Balapan,2024-10-27,13:25:00,06:45:00,Eksekutif,254747,Waiting
JKA01449,Brantas,KA191,Semarang Tawang,Solo Balapan,2025-01-18,07:15:00,17:25:00,Ekonomi,74310,Waiting
JKA00288,Brantas,KA268,Yogyakarta,Solo Balapan,2024-11-30,09:45:00,02:50:00,Eksekutif,398308,Waiting
JKA02857,Harina,KA9,Gambir,Solo Balapan,2025-04-22,13:25:00,22:50:00,Ekonomi,98449,Tepat Waktu
JKA02735,Kaligung,KA499,Surabaya Pasarturi,Solo Balapan,2024-06-21,00:20:00,03:30:00,Eksekutif,301333,Tepat Waktu
JKA02793,Malabar,KA278,Yogyakarta,Solo Balapan,2024-04-22,06:20:00,10:55:00,Bisnis,199301,Tepat Waktu
JKA00361,Pasundan,KA226,Kediri,Solo Balapan,2024-07-25,11:15:00,02:00:00,Eksekutif,50523,Tepat Waktu
JKA02378,Progo,KA743,Jember,Solo Balapan,2024-10-18,07:10:00,06:10:00,Ekonomi,102090,Terlambat
JKA01161,Argo Bromo Anggrek,KA456,Malang,Solo Balapan,2025-04-21,17:35:00,00:20:00,Eksekutif,401901,Terlambat
JKA00969,Argo Bromo Anggrek,KA835,Surabaya Gubeng,Solo Balapan,2024-11-21,22:20:00,11:25:00,Bisnis,299191,Terlambat
JKA01585,Argo Bromo Anggrek,KA436,Surabaya Pasarturi,Solo Balapan,2024-11-03,23:35:00,05:20:00,Bisnis,46163,Tepat Waktu
JKA01499,Argo Bromo Anggrek,KA653,Purwokerto,Solo Balapan,2024-11-15,07:50:00,11:35:00,Ekonomi,248157,Waiting
JKA01291,Argo Bromo Anggrek,KA877,Surabaya Pasarturi,Solo Balapan,2024-04-18,23:15:00,18:45:00,Eksekutif,75379,Waiting
JKA02964,Argo Bromo Anggrek,KA214,Semarang Tawang,Solo Balapan,2025-04-05,10:15:00,23:35:00,Ekonomi,299154,Tepat Waktu
JKA00340,Argo Bromo Anggrek,KA958,Madiun,Solo Balapan,2024-03-17,06:10:00,09:05:00,Eksekutif,402077,Waiting
JKA01434,Argo Bromo Anggrek,KA378,Surabaya Pasarturi,Solo Balapan,2024-10-24,07:25:00,14:30:00,Ekonomi,254852,Terlambat
JKA00865,Argo Bromo Anggrek,KA135,Yogyakarta,Solo Balapan,2024-02-05,03:50:00,13:25:00,Eksekutif,149446,Dibatalkan
JKA02995,Argo Parahyangan,KA586,Gambir,Solo Balapan,2024-05-01,22:10:00,15:20:00,Eksekutif,752694,Dibatalkan
JKA01052,Argo Parahyangan,KA265,Pasar Senen,Solo Balapan,2025-03-03,12:40:00,23:05:00,Bisnis,197365,Terlambat
JKA01183,Argo Parahyangan,KA492,Semarang Tawang,Solo Balapan,2025-07-02,21:30:00,13:50:00,Ekonomi,51540,Terlambat
JKA00115,Argo Parahyangan,KA360,Surabaya Gubeng,Solo Balapan,2024-04-14,09:00:00,08:25:00,Eksekutif,73882,Waiting
JKA00226,Argo Parahyangan,KA942,Jember,Solo Balapan,2024-02-10,16:50:00,06:20:00,Eksekutif,199684,Terlambat
JKA02946,Argo Parahyangan,KA912,Yogyakarta,Solo Balapan,2024-12-04,15:45:00,13:30:00,Ekonomi,149555,Tepat Waktu
JKA00472,Argo Parahyangan,KA29,Purwokerto,Solo Balapan,2025-06-29,21:20:00,17:25:00,Ekonomi,249301,Waiting
JKA00685,Argo Parahyangan,KA983,Purwokerto,Solo Balapan,2024-06-09,11:20:00,05:30:00,Bisnis,250569,Terlambat
JKA02685,Bima,KA24,Bandung,Solo Balapan,2024-02-08,05:50:00,22:05:00,Eksekutif,295864,Tepat Waktu
JKA01055,Bengawan,KA592,Jakarta Kota,Solo Balapan,2024-07-11,07:40:00,01:50:00,Ekonomi,746821,Waiting
JKA01076,Bengawan,KA251,Semarang Tawang,Solo Balapan,2024-08-13,02:05:00,04:45:00,Bisnis,,Waiting
JKA01752,Bengawan,KA420,Surabaya Pasarturi,Solo Balapan,2025-03-26,02:50:00,14:05:00,Eksekutif,196514,Waiting
JKA00290,Bengawan,KA913,Cirebon,Solo Balapan,2024-12-27,10:00:00,18:00:00,Eksekutif,250715,Waiting
JKA01015,Bengawan,KA471,Cirebon,Solo Balapan,2024-06-11,20:15:00,13:00:00,Bisnis,501172,Terlambat
JKA02153,Bengawan,KA101,Kediri,Solo Balapan,2024-11-01,10:00:00,00:20:00,Eksekutif,404143,Terlambat
JKA02111,Bima,KA707,Jember,Solo Balapan,2024-06-22,02:45:00,20:30:00,Ekonomi,400136,Waiting
JKA00335,Bima,KA17,Pasar Senen,Solo Balapan,2024-08-03,21:25:00,22:35:00,UNKNOWN,250597,Dibatalkan
JKA00412,Bima,KA507,Yogyakarta,Solo Balapan,2025-04-02,02:05:00,23:20:00,Eksekutif,247089,Dibatalkan
JKA00024,Bima,KA780,Pasar Senen,Solo Balapan,2025-07-31,02:50:00,04:35:00,Eksekutif,201211,Dibatalkan
JKA01708,Bima,KA296,Madiun,Solo Balapan,2024-06-23,19:05:00,00:10:00,Eksekutif,198387,Terlambat
JKA01729,Bima,KA664,Malang,Solo Balapan,2024-06-25,18:25:00,23:50:00,Eksekutif,200961,Terlambat
JKA02950,Brantas,KA652,Semarang Tawang,Solo Balapan,2025-02-26,19:00:00,16:40:00,Eksekutif,196124,Waiting
JKA00222,Brantas,KA921,Yogyakarta,Solo Balapan,2024-11-15,14:40:00,06:50:00,Ekonomi,498314,Waiting
JKA01374,Brantas,KA377,Purwokerto,Solo Balapan,2024-08-21,19:25:00,00:15:00,Ekonomi,201795,Waiting
JKA02363,Brantas,KA84,Jember,Solo Balapan,2024-12-11,01:35:00,20:40:00,Ekonomi,295049,Terlambat
JKA00468,Brantas,KA244,Gambir,Solo Balapan,2025-01-21,13:55:00,17:10:00,Eksekutif,76024,Tepat Waktu
JKA02483,Gajayana,KA356,Surabaya Pasarturi,Solo Balapan,2025-07-08,19:35:00,04:05:00,Eksekutif,499659,Terlambat
JKA01059,Gajayana,KA833,Jakarta Kota,Solo Balapan,2025-06-05,05:20:00,22:40:00,Eksekutif,,Waiting
JKA02863,Gajayana,KA454,Surabaya Pasarturi,Solo Balapan,2025-03-09,11:30:00,17:20:00,Ekonomi,104490,Waiting
JKA02269,Gajayana,KA330,Yogyakarta,Solo Balapan,2024-08-24,13:55:00,03:20:00,Ekonomi,152779,Dibatalkan
JKA00850,Gajayana,KA60,Jakarta Kota,Solo Balapan,2025-07-10,17:35:00,09:00:00,Eksekutif,746797,Terlambat
JKA00517,Gajayana,KA706,Madiun,Solo Balapan,2024-09-11,02:40:00,04:55:00,Bisnis,402063,Tepat Waktu
JKA01389,Gajayana,KA812,Madiun,Solo Balapan,2024-04-20,17:00:00,11:00:00,Bisnis,71066,Terlambat
JKA00264,Gajayana,KA383,Madiun,Solo Balapan,2024-07-23,07:05:00,18:35:00,Eksekutif,98541,Tepat Waktu
JKA00379,Gajayana,KA110,Semarang Tawang,Solo Balapan,2025-08-13,09:00:00,12:30:00,Eksekutif,247069,Terlambat
JKA02052,Gajayana,KA825,Madiun,Solo Balapan,2025-04-06,19:05:00,18:45:00,Eksekutif,752356,Waiting
JKA02312,Gajayana,KA699,Semarang Tawang,Solo Balapan,2024-12-06,04:25:00,17:35:00,Bisnis,745760,Terlambat
JKA01322,Gajayana,KA531,Semarang Tawang,Solo Balapan,2025-07-21,04:55:00,22:15:00,Eksekutif,395462,Dibatalkan
JKA02799,Gajayana,KA445,Yogyakarta,Solo Balapan,2024-03-17,22:25:00,20:40:00,Eksekutif,201025,Terlambat
JKA01825,Gaya Baru Malam,KA199,Yogyakarta,Solo Balapan,2024-02-13,14:25:00,23:40:00,Eksekutif,151771,Tepat Waktu
JKA01007,Gaya Baru Malam,KA428,Kediri,Solo Balapan,2024-07-16,00:45:00,04:15:00,Eksekutif,70830,Waiting
JKA01915,Gaya Baru Malam,KA562,Madiun,Solo Balapan,2024-07-11,20:05:00,13:40:00,Eksekutif,252774,Terlambat
JKA01913,Gaya Baru Malam,KA504,Jember,Solo Balapan,2024-04-11,10:30:00,07:00:00,Eksekutif,495481,Tepat Waktu
JKA00156,Gaya Baru Malam,KA174,Semarang Tawang,Solo Balapan,2024-05-17,15:25:00,05:30:00,Bisnis,147149,Terlambat
JKA01599,Gaya Baru Malam,KA629,Jakarta Kota,Solo Balapan,2024-12-16,12:20:00,11:20:00,Ekonomi,48408,Tepat Waktu
JKA02933,Gaya Baru Malam,KA98,Kediri,Solo Balapan,2024-03-25,05:00:00,01:30:00,Eksekutif,97797,Terlambat
JKA01229,Harina,KA987,Bandung,Solo Balapan,2024-08-04,02:20:00,00:35:00,Eksekutif,399959,Waiting
JKA01960,Harina,KA988,Cirebon,Solo Balapan,2024-08-15,07:00:00,15:35:00,Ekonomi,751857,Waiting
JKA00805,Harina,KA803,Pasar Senen,Solo Balapan,2025-04-16,12:15:00,04:05:00,Ekonomi,245990,Waiting
JKA00061,Harina,KA19,Purwokerto,Solo Balapan,2024-05-12,09:40:00,20:25:00,Bisnis,496531,Dibatalkan
JKA02492,Harina,KA541,Kediri,Solo Balapan,2024-12-30,20:30:00,11:50:00,Bisnis,49011,Dibatalkan
JKA01225,Harina,KA101,Bandung,Solo Balapan,2024-10-09,19:10:00,01:20:00,Eksekutif,102642,Waiting
JKA02133,Harina,KA54,Malang,Solo Balapan,2025-03-03,21:25:00,15:55:00,Ekonomi,79187,Waiting
JKA01656,Harina,KA738,Jakarta Kota,Solo Balapan,2024-02-12,06:10:00,07:20:00,Eksekutif,74160,Waiting
JKA00909,Harina,KA402,Malang,Solo Balapan,2025-07-01,05:25:00,23:50:00,Eksekutif,398002,Terlambat
JKA00714,Harina,KA276,Jember,Solo Balapan,2025-04-16,06:10:00,19:20:00,Bisnis,147180,Waiting
JKA02980,Joglosemarkerto,KA783,Cirebon,Solo Balapan,2024-10-18,23:40:00,15:25:00,Bisnis,248770,Terlambat
JKA01025,Jayabaya,KA327,Surabaya Pasarturi,Solo Balapan,2025-04-29,00:15:00,23:30:00,Eksekutif,46087,Terlambat
JKA00560,Jayabaya,KA788,Pasar Senen,Solo Balapan,2024-01-30,08:25:00,11:15:00,Eksekutif,50316,Dibatalkan
JKA01024,Jayabaya,KA633,Surabaya Gubeng,Solo Balapan,2025-07-02,03:25:00,17:45:00,Bisnis,54548,Tepat Waktu
JKA00713,Jayabaya,KA583,Gambir,Solo Balapan,2024-07-09,11:00:00,00:50:00,Eksekutif,301241,Tepat Waktu
JKA01705,Jayabaya,KA106,Yogyakarta,Solo Balapan,2025-06-22,23:35:00,13:20:00,Ekonomi,52452,Terlambat
JKA00033,Jayabaya,KA450,Surabaya Gubeng,Solo Balapan,2024-04-27,20:10:00,04:05:00,Bisnis,204749,Dibatalkan
JKA02224,Joglosemarkerto,KA617,Surabaya Pasarturi,Solo Balapan,2024-12-14,23:45:00,21:40:00,Ekonomi,204847,Waiting
JKA00964,Joglosemarkerto,KA423,Bandung,Solo Balapan,2024-09-15,20:40:00,10:00:00,Eksekutif,46874,Terlambat
JKA02024,Joglosemarkerto,KA113,Surabaya Gubeng,Solo Balapan,2024-03-08,01:25:00,22:10:00,Eksekutif,296510,Terlambat
JKA01288,Joglosemarkerto,KA755,Jember,Solo Balapan,2024-03-10,04:10:00,11:55:00,Bisnis,200971,Dibatalkan
JKA01104,Joglosemarkerto,KA367,Malang,Solo Balapan,2025-05-05,16:35:00,12:10:00,Eksekutif,152085,Waiting
JKA02101,Joglosemarkerto,KA657,Jember,Solo Balapan,2024-06-26,18:25:00,07:15:00,Eksekutif,50587,Terlambat
JKA01382,Joglosemarkerto,KA222,Purwokerto,Solo Balapan,2024-11-16,17:30:00,20:45:00,Eksekutif,197009,Terlambat
JKA02638,Joglosemarkerto,KA506,Jakarta Kota,Solo Balapan,2024-10-04,22:30:00,17:00:00,Bisnis,78389,Waiting
JKA02770,Kertajaya,KA8,Purwokerto,Solo Balapan,2024-10-11,18:15:00,10:25:00,Eksekutif,748094,Waiting
JKA00972,Kahuripan,UNKNOWN,Semarang Tawang,Solo Balapan,2024-06-07,06:25:00,12:40:00,Bisnis,402388,Waiting
JKA02764,Kahuripan,KA871,Purwokerto,Solo Balapan,2025-03-28,18:45:00,15:40:00,Eksekutif,53092,Waiting
JKA01542,Kahuripan,KA794,Jember,Solo Balapan,2024-09-13,14:50:00,10:50:00,Eksekutif,79830,Tepat Waktu
JKA02786,Kahuripan,KA931,Semarang Tawang,Solo Balapan,2024-10-29,14:50:00,10:55:00,Ekonomi,196503,Waiting
JKA01216,Kahuripan,KA350,Malang,Solo Balapan,2024-04-30,03:00:00,18:35:00,Ekonomi,400931,Tepat Waktu
JKA02497,Kahuripan,KA73,Semarang Tawang,Solo Balapan,2024-09-14,02:35:00,02:55:00,UNKNOWN,201473,Waiting
JKA01139,Kahuripan,KA700,Gambir,Solo Balapan,2025-06-27,22:00:00,06:50:00,Eksekutif,76979,Waiting
JKA01408,Kahuripan,KA745,Pasar Senen,Solo Balapan,2025-02-14,01:20:00,07:05:00,Bisnis,199335,Waiting
JKA00316,Kaligung,KA911,Malang,Solo Balapan,2025-05-12,07:55:00,16:00:00,Ekonomi,254064,Tepat Waktu
JKA01745,Kaligung,KA553,Surabaya Gubeng,Solo Balapan,2025-02-24,15:25:00,20:50:00,Bisnis,49589,Terlambat
JKA01068,Kaligung,KA285,Jakarta Kota,Solo Balapan,2024-04-20,17:25:00,14:20:00,Eksekutif,103175,Terlambat
JKA02159,Kaligung,KA587,Bandung,Solo Balapan,2024-07-16,04:20:00,00:50:00,Eksekutif,100009,Waiting
JKA00797,Kaligung,KA475,Yogyakarta,Solo Balapan,2024-02-17,07:30:00,00:55:00,Eksekutif,250795,Tepat Waktu
JKA02759,Kertajaya,KA516,Yogyakarta,Solo Balapan,2024-08-20,01:05:00,09:45:00,Eksekutif,399196,Waiting
JKA01446,Kertajaya,KA936,Jember,Solo Balapan,2025-05-18,22:40:00,15:40:00,Eksekutif,200401,Waiting
JKA02621,Kertajaya,KA495,Jember,Solo Balapan,2024-03-08,23:40:00,11:25:00,Ekonomi,147892,Waiting
JKA01733,Kertajaya,KA892,Jakarta Kota,Solo Balapan,2024-06-05,06:40:00,03:55:00,UNKNOWN,70145,Terlambat
JKA01883,Kertajaya,KA182,Surabaya Pasarturi,Solo Balapan,2024-01-08,01:10:00,03:10:00,Eksekutif,496856,Dibatalkan
JKA01537,Kertajaya,KA657,Madiun,Solo Balapan,2025-01-29,08:35:00,01:40:00,Bisnis,53194,Waiting
JKA01220,Kertajaya,KA331,Jakarta Kota,Solo Balapan,2025-08-02,22:15:00,12:45:00,Bisnis,98124,Tepat Waktu
JKA00661,Kertajaya,KA141,Jakarta Kota,Solo Balapan,2024-03-17,02:35:00,23:20:00,Eksekutif,49671,Waiting
JKA02827,Kertajaya,KA733,Pasar Senen,Solo Balapan,2024-06-09,12:30:00,07:30:00,Eksekutif,73802,Dibatalkan
JKA00544,Lodaya,KA214,Yogyakarta,Solo Balapan,2024-10-04,06:25:00,04:35:00,Eksekutif,295416,Waiting
JKA02370,Lodaya,KA375,Jember,Solo Balapan,2024-12-06,01:35:00,08:15:00,Bisnis,245023,Waiting
JKA02318,Lodaya,KA822,Surabaya Pasarturi,Solo Balapan,2025-05-27,07:10:00,23:00:00,Ekonomi,751341,Tepat Waktu
JKA00778,Lodaya,KA378,Yogyakarta,Solo Balapan,2025-01-02,20:40:00,12:00:00,Eksekutif,495095,Terlambat
JKA00390,Lodaya,KA102,Surabaya Gubeng,Solo Balapan,2024-04-17,05:40:00,18:35:00,Ekonomi,254374,Terlambat
JKA02561,Lodaya,KA237,Surabaya Gubeng,Solo Balapan,2024-01-12,14:25:00,00:20:00,Bisnis,499517,Terlambat
JKA00010,Lodaya,KA243,Yogyakarta,Solo Balapan,2024-07-06,14:15:00,14:40:00,Eksekutif,495241,Waiting
JKA01421,Lodaya,KA878,Cirebon,Solo Balapan,2024-07-29,09:30:00,08:50:00,Ekonomi,302075,Waiting
JKA02175,Lodaya,KA653,Bandung,Solo Balapan,2025-08-07,14:25:00,15:20:00,UNKNOWN,,Tepat Waktu
JKA00006,Malabar,KA166,Surabaya Pasarturi,Solo Balapan,2024-06-10,00:55:00,16:10:00,Eksekutif,203317,Waiting
JKA02278,Malabar,KA589,Madiun,Solo Balapan,2024-08-12,08:05:00,05:30:00,Eksekutif,100247,Waiting
JKA02935,Malabar,KA88,Yogyakarta,Solo Balapan,2025-01-07,01:00:00,06:10:00,Eksekutif,102406,Terlambat
JKA00860,Malabar,KA573,Cirebon,Solo Balapan,2025-03-09,02:35:00,15:00:00,Ekonomi,752492,Dibatalkan
JKA02699,Malabar,UNKNOWN,Madiun,Solo Balapan,2024-05-11,06:55:00,05:05:00,Bisnis,749521,Waiting
JKA02009,Malabar,KA195,Yogyakarta,Solo Balapan,2024-03-09,07:20:00,22:50:00,Eksekutif,75656,Dibatalkan
JKA02576,Malabar,KA78,Yogyakarta,Solo Balapan,2024-07-17,21:05:00,01:40:00,Bisnis,753263,Terlambat
JKA01134,Malabar,KA943,Cirebon,Solo Balapan,2025-06-06,00:15:00,17:40:00,Eksekutif,49559,Terlambat
JKA02297,Malabar,KA668,Kediri,Solo Balapan,2024-03-29,18:15:00,05:20:00,UNKNOWN,500414,Waiting
JKA01970,Malabar,UNKNOWN,Kediri,Solo Balapan,2024-11-29,01:10:00,14:30:00,Ekonomi,101815,Terlambat
JKA01946,Matarmaja,KA566,Madiun,Solo Balapan,2025-04-23,06:10:00,03:40:00,Ekonomi,502405,Waiting
JKA01252,Matarmaja,KA414,Kediri,Solo Balapan,2024-06-05,22:15:00,03:40:00,Bisnis,100518,Waiting
JKA01640,Matarmaja,KA984,Madiun,Solo Balapan,2024-05-22,06:10:00,01:40:00,Bisnis,501681,Dibatalkan
JKA01000,Matarmaja,KA630,Gambir,Solo Balapan,2025-02-15,23:35:00,14:00:00,Ekonomi,245857,Dibatalkan
JKA02533,Matarmaja,KA129,Surabaya Pasarturi,Solo Balapan,2025-07-31,11:00:00,20:50:00,Bisnis,77777,Dibatalkan
JKA01346,Mutiara Selatan,KA505,Kediri,Solo Balapan,2024-12-11,09:20:00,19:50:00,Bisnis,400489,Terlambat
JKA02671,Mutiara Selatan,KA744,Cirebon,Solo Balapan,2024-11-20,12:20:00,03:40:00,Eksekutif,249392,Dibatalkan
JKA01892,Mutiara Selatan,KA849,Purwokerto,Solo Balapan,2024-12-20,17:55:00,05:00:00,Eksekutif,204104,Tepat Waktu
JKA02866,Mutiara Selatan,KA976,Surabaya Gubeng,Solo Balapan,2025-05-02,08:20:00,06:10:00,Ekonomi,396873,Dibatalkan
JKA00102,Mutiara Selatan,KA349,Jakarta Kota,Solo Balapan,2025-07-07,12:55:00,22:55:00,Ekonomi,245879,Tepat Waktu
JKA01598,Mutiara Selatan,KA33,Jakarta Kota,Solo Balapan,2024-02-25,21:00:00,02:15:00,Ekonomi,495791,Tepat Waktu
JKA02382,Mutiara Selatan,KA521,Yogyakarta,Solo Balapan,2024-04-29,05:40:00,00:25:00,Ekonomi,95841,Tepat Waktu
JKA01615,Pasundan,KA975,Purwokerto,Solo Balapan,2025-03-10,12:15:00,20:55:00,Eksekutif,103308,Waiting
JKA00079,Pasundan,KA486,Bandung,Solo Balapan,2025-01-17,17:25:00,06:45:00,Ekonomi,45742,Waiting
JKA01683,Pasundan,KA622,Malang,Solo Balapan,2024-06-16,07:30:00,02:10:00,Ekonomi,149166,Waiting
JKA01174,Pasundan,KA145,Gambir,Solo Balapan,2024-04-17,20:30:00,00:00:00,Bisnis,197195,Terlambat
JKA02403,Pasundan,KA994,Pasar Senen,Solo Balapan,2024-01-02,14:50:00,05:30:00,Ekonomi,496103,Waiting
JKA02525,Pasundan,KA467,Kediri,Solo Balapan,2025-07-28,02:15:00,22:00:00,Bisnis,498239,Waiting
JKA00861,Pasundan,KA11,Bandung,Solo Balapan,2025-04-18,09:35:00,06:30:00,Eksekutif,204572,Dibatalkan
JKA00806,Pasundan,KA91,Cirebon,Solo Balapan,2024-12-18,09:50:00,05:35:00,Bisnis,101313,Tepat Waktu
JKA01879,Pasundan,KA597,Kediri,Solo Balapan,2024-06-29,20:00:00,19:20:00,Bisnis,150228,Terlambat
JKA01314,Pasundan,KA828,Kediri,Solo Balapan,2025-02-08,12:40:00,23:50:00,Eksekutif,53686,Tepat Waktu
JKA01060,Progo,KA159,Malang,Solo Balapan,2024-06-21,16:55:00,03:25:00,Bisnis,147340,Terlambat
JKA02945,Progo,KA375,Cirebon,Solo Balapan,2024-09-10,03:20:00,18:30:00,Bisnis,196011,Tepat Waktu
JKA02466,Progo,KA186,Cirebon,Solo Balapan,2025-03-28,16:15:00,14:25:00,Eksekutif,,Waiting
JKA02160,Progo,KA39,Cirebon,Solo Balapan,2024-03-20,04:20:00,18:40:00,Eksekutif,99603,Terlambat
JKA00568,Progo,KA512,Bandung,Solo Balapan,2025-08-10,13:30:00,04:25:00,Eksekutif,200818,Dibatalkan
JKA00117,Progo,KA890,Purwokerto,Solo Balapan,2025-01-19,02:50:00,12:40:00,Bisnis,252449,Tepat Waktu
JKA01351,Sancaka,KA868,Surabaya Gubeng,Solo Balapan,2025-06-02,07:35:00,02:20:00,Bisnis,199467,Waiting
JKA01163,Sancaka,KA316,Yogyakarta,Solo Balapan,2025-03-16,20:50:00,01:20:00,Eksekutif,746289,Waiting
JKA00385,Sancaka,KA543,Madiun,Solo Balapan,2024-11-01,03:25:00,22:40:00,Eksekutif,51451,Waiting
JKA01619,Sancaka,KA763,Kediri,Solo Balapan,2024-04-21,21:20:00,04:45:00,Ekonomi,204509,Waiting
JKA01552,Sancaka,KA736,Kediri,Solo Balapan,2024-04-05,04:10:00,20:00:00,Bisnis,97705,Tepat Waktu
JKA02495,Sancaka,KA156,Gambir,Solo Balapan,2024-02-19,20:05:00,12:45:00,Eksekutif,745172,Waiting
JKA00512,Sancaka,KA335,Purwokerto,Solo Balapan,2024-08-05,21:30:00,22:15:00,Eksekutif,100215,Waiting
JKA02022,Sancaka,KA401,Malang,Solo Balapan,2025-05-10,13:00:00,07:15:00,Eksekutif,754757,Waiting
JKA01282,Sancaka,KA686,Surabaya Gubeng,Solo Balapan,2024-01-11,04:10:00,10:00:00,Bisnis,,Terlambat
JKA00321,Sancaka,KA371,Kediri,Solo Balapan,2025-01-04,04:40:00,07:10:00,Eksekutif,302516,Waiting
JKA01381,Sembrani,KA126,Surabaya Pasarturi,Solo Balapan,2025-03-13,09:45:00,06:35:00,Ekonomi,399525,Terlambat
JKA02042,Sembrani,KA992,Purwokerto,Solo Balapan,2025-05-05,12:10:00,11:20:00,Bisnis,195227,Waiting
JKA00035,Sembrani,KA845,Semarang Tawang,Solo Balapan,2025-05-22,21:30:00,14:05:00,Ekonomi,246899,Terlambat
JKA02593,Sembrani,KA996,Jakarta Kota,Solo Balapan,2024-02-26,12:20:00,00:55:00,Eksekutif,100006,Tepat Waktu
JKA01530,Sembrani,KA240,Semarang Tawang,Solo Balapan,2025-05-10,02:10:00,00:00:00,UNKNOWN,504438,Dibatalkan
JKA01482,Sembrani,KA405,Semarang Tawang,Solo Balapan,2025-06-30,07:20:00,17:20:00,Bisnis,97417,Dibatalkan
JKA00322,Sembrani,KA932,Yogyakarta,Solo Balapan,2024-03-03,01:50:00,18:00:00,Eksekutif,304070,Dibatalkan
JKA02813,Sembrani,KA330,Jember,Solo Balapan,2025-03-05,14:15:00,00:15:00,Eksekutif,71822,Dibatalkan
JKA02265,Sembrani,KA230,Surabaya Gubeng,Solo Balapan,2025-05-17,13:25:00,01:15:00,Bisnis,46282,Terlambat
JKA01937,Serayu,KA315,Malang,Solo Balapan,2025-01-22,13:55:00,18:55:00,Eksekutif,299609,Terlambat
JKA00108,Serayu,KA410,Madiun,Solo Balapan,2025-07-10,11:55:00,03:15:00,Bisnis,745725,Waiting
JKA02881,Serayu,KA291,Purwokerto,Solo Balapan,2024-02-10,17:30:00,13:15:00,Eksekutif,395270,Waiting
JKA00979,Serayu,KA623,Malang,Solo Balapan,2024-01-27,23:40:00,04:15:00,Eksekutif,52707,Waiting
JKA02415,Serayu,KA57,Purwokerto,Solo Balapan,2024-11-13,10:05:00,05:05:00,Eksekutif,104607,Waiting
JKA00094,Serayu,KA725,Purwokerto,Solo Balapan,2025-06-21,22:30:00,04:20:00,Bisnis,502758,Waiting
JKA01931,Serayu,KA670,Semarang Tawang,Solo Balapan,2025-06-19,21:00:00,17:35:00,Eksekutif,52695,Terlambat
JKA00887,Serayu,KA368,Kediri,Solo Balapan,2024-10-04,06:20:00,18:40:00,Ekonomi,398367,Waiting
JKA02804,Taksaka,KA30,Pasar Senen,Solo Balapan,2025-05-23,13:40:00,14:15:00,Ekonomi,76735,Dibatalkan
JKA01030,Turangga,KA765,Yogyakarta,Solo Balapan,2024-12-22,18:55:00,22:10:00,Ekonomi,151809,Terlambat
JKA00411,Taksaka,KA678,Yogyakarta,Solo Balapan,2025-06-27,19:10:00,04:50:00,Ekonomi,200707,Tepat Waktu
JKA02924,Taksaka,KA722,Surabaya Pasarturi,Solo Balapan,2024-09-27,11:35:00,07:05:00,Eksekutif,101720,Terlambat
JKA01234,Taksaka,KA280,Semarang Tawang,Solo Balapan,2025-08-08,00:50:00,16:20:00,Ekonomi,148562,Waiting
JKA00616,Taksaka,KA630,Bandung,Solo Balapan,2025-01-01,00:55:00,10:30:00,Bisnis,202020,Waiting
JKA01634,Taksaka,KA881,Madiun,Solo Balapan,2025-05-21,20:25:00,21:30:00,Ekonomi,498314,Tepat Waktu
JKA01556,Tawang Jaya,KA279,Cirebon,Solo Balapan,2024-12-01,00:00:00,22:15:00,Bisnis,247514,Waiting
JKA02075,Tawang Jaya,KA413,Cirebon,Solo Balapan,2024-11-09,02:15:00,00:35:00,Eksekutif,201231,Waiting
JKA01153,Tawang Jaya,KA955,Jakarta Kota,Solo Balapan,2025-08-21,02:20:00,02:05:00,Eksekutif,153578,Waiting
JKA02365,Tawang Jaya,KA318,Gambir,Solo Balapan,2024-05-10,21:50:00,11:55:00,Bisnis,199810,Tepat Waktu
JKA00349,Tawang Jaya,KA384,Cirebon,Solo Balapan,2025-08-20,06:15:00,14:15:00,Bisnis,201963,Waiting
JKA01596,Tawang Jaya,KA252,Surabaya Pasarturi,Solo Balapan,2024-03-13,04:55:00,23:10:00,Ekonomi,53374,Waiting
JKA01581,Tawang Jaya,KA819,Jakarta Kota,Solo Balapan,2024-08-04,05:40:00,05:15:00,Ekonomi,395526,Dibatalkan
JKA01674,Turangga,KA925,Bandung,Solo Balapan,2024-10-10,02:25:00,22:30:00,Bisnis,97312,Dibatalkan
JKA01721,Turangga,KA967,Purwokerto,Solo Balapan,2024-02-17,15:35:00,11:45:00,Eksekutif,150359,Dibatalkan
JKA01472,Turangga,KA273,Jember,Solo Balapan,2025-04-16,16:40:00,10:00:00,Ekonomi,198732,Waiting
JKA00499,Turangga,KA270,Jakarta Kota,Solo Balapan,2025-08-21,11:45:00,08:40:00,Eksekutif,747497,Terlambat
JKA01626,Turangga,KA568,Surabaya Pasarturi,Solo Balapan,2025-03-27,20:20:00,09:15:00,Eksekutif,748800,Tepat Waktu
JKA01308,Turangga,KA388,Jember,Solo Balapan,2024-02-04,12:55:00,17:40:00,Eksekutif,146216,Tepat Waktu
JKA02520,Turangga,KA136,Purwokerto,Solo Balapan,2024-03-18,04:30:00,07:40:00,Eksekutif,252182,Dibatalkan
JKA01545,UNKNOWN,KA94,Solo Balapan,Surabaya Gubeng,2024-08-29,21:25:00,16:10:00,Bisnis,101279,Terlambat
JKA02507,UNKNOWN,KA813,Solo Balapan,Surabaya Gubeng,2024-09-06,05:40:00,19:05:00,Ekonomi,196841,Terlambat
JKA00351,UNKNOWN,KA557,Jember,Surabaya Gubeng,2024-12-07,21:25:00,09:55:00,Bisnis,747258,Waiting
JKA01543,UNKNOWN,KA93,Cirebon,Surabaya Gubeng,2025-02-06,04:30:00,03:35:00,Bisnis,302887,Tepat Waktu
JKA01264,UNKNOWN,KA492,Surabaya Pasarturi,Surabaya Gubeng,2024-08-25,21:50:00,21:45:00,Bisnis,251128,Tepat Waktu
JKA02711,Bima,KA154,Pasar Senen,Surabaya Gubeng,2025-01-11,07:45:00,19:50:00,Eksekutif,752086,Dibatalkan
JKA02689,Kahuripan,KA922,Gambir,Surabaya Gubeng,2025-06-14,18:20:00,14:05:00,Bisnis,197342,Waiting
JKA02904,Kertajaya,KA203,Solo Balapan,Surabaya Gubeng,2024-09-29,18:50:00,22:30:00,Eksekutif,748575,Waiting
JKA01120,Lodaya,KA937,Jakarta Kota,Surabaya Gubeng,2024-12-10,13:55:00,01:20:00,Eksekutif,254669,Terlambat
JKA02815,Matarmaja,KA984,Yogyakarta,Surabaya Gubeng,2024-08-19,08:35:00,04:35:00,Bisnis,198114,Dibatalkan
JKA00761,Pasundan,KA623,Yogyakarta,Surabaya Gubeng,2025-01-13,12:30:00,20:10:00,Ekonomi,195887,Waiting
JKA02651,Argo Bromo Anggrek,KA245,Solo Balapan,Surabaya Gubeng,2025-08-09,16:20:00,08:25:00,Bisnis,247963,Dibatalkan
JKA02702,Argo Bromo Anggrek,KA935,Kediri,Surabaya Gubeng,2024-02-12,15:10:00,21:50:00,Eksekutif,151336,Tepat Waktu
JKA00643,Argo Parahyangan,KA495,Yogyakarta,Surabaya Gubeng,2025-03-04,13:10:00,17:45:00,Bisnis,46085,Waiting
JKA01493,Argo Bromo Anggrek,KA428,Yogyakarta,Surabaya Gubeng,2024-02-25,23:25:00,21:00:00,Bisnis,496565,Waiting
JKA01475,Argo Bromo Anggrek,KA456,Jakarta Kota,Surabaya Gubeng,2024-12-15,12:45:00,04:50:00,Ekonomi,195064,Waiting
JKA02181,Argo Bromo Anggrek,KA501,Madiun,Surabaya Gubeng,2024-05-13,07:05:00,14:30:00,Ekonomi,203487,Waiting
JKA00028,Argo Bromo Anggrek,KA488,Malang,Surabaya Gubeng,2024-12-29,10:20:00,17:00:00,Eksekutif,151658,Waiting
JKA00346,Argo Bromo Anggrek,KA201,Malang,Surabaya Gubeng,2025-08-22,01:00:00,06:20:00,Bisnis,197855,Waiting
JKA00691,Argo Bromo Anggrek,KA713,Solo Balapan,Surabaya Gubeng,2024-06-23,06:45:00,02:15:00,Ekonomi,250532,Tepat Waktu
JKA01878,Argo Parahyangan,KA815,Jember,Surabaya Gubeng,2025-06-15,19:10:00,12:10:00,Eksekutif,198039,Tepat Waktu
JKA01698,Argo Parahyangan,KA623,Madiun,Surabaya Gubeng,2024-10-31,12:20:00,23:50:00,Bisnis,296444,Waiting
JKA00988,Argo Parahyangan,UNKNOWN,Solo Balapan,Surabaya Gubeng,2025-03-20,11:00:00,23:40:00,Bisnis,299357,Waiting
JKA01568,Argo Parahyangan,KA26,Cirebon,Surabaya Gubeng,2025-06-16,17:55:00,09:50:00,Bisnis,147748,Tepat Waktu
JKA01426,Argo Parahyangan,KA444,Jember,Surabaya Gubeng,2025-07-04,14:40:00,16:15:00,Bisnis,203479,Terlambat
JKA01677,Argo Parahyangan,KA311,Madiun,Surabaya Gubeng,2024-12-15,18:45:00,20:10:00,Eksekutif,146122,Terlambat
JKA00666,Argo Parahyangan,KA664,Yogyakarta,Surabaya Gubeng,2024-10-10,18:00:00,22:05:00,Eksekutif,75592,Waiting
JKA02053,Argo Parahyangan,KA308,Pasar Senen,Surabaya Gubeng,2024-12-03,11:30:00,12:35:00,Eksekutif,502103,Waiting
JKA00032,Argo Parahyangan,KA34,Kediri,Surabaya Gubeng,2024-08-04,21:05:00,07:10:00,Bisnis,51693,Dibatalkan
JKA02322,Brantas,KA958,Jakarta Kota,Surabaya Gubeng,2024-06-05,16:45:00,04:15:00,Eksekutif,251888,Dibatalkan
JKA01668,Bengawan,KA719,Purwokerto,Surabaya Gubeng,2025-03-22,12:55:00,10:55:00,Eksekutif,101436,Tepat Waktu
JKA00320,Bengawan,KA450,Jakarta Kota,Surabaya Gubeng,2025-01-05,23:20:00,16:35:00,Bisnis,250482,Waiting
JKA02480,Bengawan,KA424,Pasar Senen,Surabaya Gubeng,2025-04-09,20:10:00,16:30:00,Bisnis,499749,Waiting
JKA02772,Bengawan,KA140,Bandung,Surabaya Gubeng,2024-06-18,01:05:00,04:15:00,Bisnis,96983,Waiting
JKA00963,Bengawan,KA386,Kediri,Surabaya Gubeng,2024-02-25,22:50:00,14:55:00,Eksekutif,403224,Waiting
JKA01259,Bengawan,KA276,Gambir,Surabaya Gubeng,2024-04-17,11:30:00,10:35:00,Eksekutif,102499,Terlambat
JKA01793,Bima,KA655,Surabaya Pasarturi,Surabaya Gubeng,2024-07-01,18:55:00,08:45:00,Eksekutif,495061,Terlambat
JKA02493,Bima,KA362,Madiun,Surabaya Gubeng,2025-02-22,13:05:00,14:25:00,Ekonomi,296287,Waiting
JKA00838,Bima,KA419,Kediri,Surabaya Gubeng,2024-01-10,00:10:00,12:45:00,Bisnis,145163,Dibatalkan
JKA01077,Bima,KA568,Bandung,Surabaya Gubeng,2024-05-26,13:25:00,12:45:00,Bisnis,403771,Waiting
JKA01533,Brantas,KA502,Surabaya Pasarturi,Surabaya Gubeng,2025-01-31,02:50:00,07:40:00,Eksekutif,96299,Waiting
JKA00554,Brantas,KA1,Cirebon,Surabaya Gubeng,2024-06-04,06:20:00,12:20:00,Ekonomi,302807,Dibatalkan
JKA01622,Brantas,KA205,Pasar Senen,Surabaya Gubeng,2024-08-07,02:10:00,18:45:00,Eksekutif,402022,Tepat Waktu
JKA02923,Brantas,KA808,Malang,Surabaya Gubeng,2025-02-04,14:50:00,15:00:00,Ekonomi,78816,Waiting
JKA02152,Brantas,KA372,Solo Balapan,Surabaya Gubeng,2025-08-05,18:00:00,12:25:00,Eksekutif,199932,Waiting
JKA00198,Gajayana,KA980,Cirebon,Surabaya Gubeng,2025-08-13,09:25:00,21:40:00,Eksekutif,396284,Waiting
JKA00559,Gajayana,KA833,Kediri,Surabaya Gubeng,2025-01-04,12:55:00,11:50:00,Eksekutif,404393,Tepat Waktu
JKA01159,Gajayana,KA366,Yogyakarta,Surabaya Gubeng,2024-08-15,14:50:00,02:35:00,Eksekutif,147032,Waiting
JKA00347,Gajayana,KA326,Malang,Surabaya Gubeng,2025-01-13,21:10:00,22:05:00,Bisnis,98107,Dibatalkan
JKA00706,Gajayana,UNKNOWN,Gambir,Surabaya Gubeng,2025-04-07,21:20:00,12:35:00,Bisnis,403186,Terlambat
JKA01842,Gajayana,KA608,Madiun,Surabaya Gubeng,2024-01-21,20:10:00,14:55:00,Ekonomi,198723,Terlambat
JKA02208,Gajayana,KA731,Madiun,Surabaya Gubeng,2025-02-27,17:05:00,09:05:00,Eksekutif,245384,Tepat Waktu
JKA01647,Gajayana,KA566,Pasar Senen,Surabaya Gubeng,2024-07-22,15:05:00,14:45:00,UNKNOWN,196081,Waiting
JKA01508,Gajayana,KA767,Cirebon,Surabaya Gubeng,2024-02-24,11:10:00,02:50:00,Ekonomi,101944,Terlambat
JKA01840,Gaya Baru Malam,KA871,Surabaya Pasarturi,Surabaya Gubeng,2024-11-13,21:30:00,04:30:00,Eksekutif,248153,Waiting
JKA01699,Gaya Baru Malam,KA206,Surabaya Pasarturi,Surabaya Gubeng,2025-08-17,18:25:00,20:45:00,Eksekutif,298566,Tepat Waktu
JKA00950,Gaya Baru Malam,KA102,Jakarta Kota,Surabaya Gubeng,2024-04-23,06:30:00,00:50:00,Ekonomi,77131,Waiting
JKA01944,Gaya Baru Malam,KA451,Kediri,Surabaya Gubeng,2024-09-05,06:05:00,18:50:00,UNKNOWN,503267,Terlambat
JKA01710,Gaya Baru Malam,KA355,Madiun,Surabaya Gubeng,2025-02-02,11:15:00,20:40:00,Ekonomi,399906,Waiting
JKA02325,Gaya Baru Malam,KA184,Kediri,Surabaya Gubeng,2025-08-21,21:55:00,00:15:00,Ekonomi,502189,Waiting
JKA02078,Gaya Baru Malam,KA742,Pasar Senen,Surabaya Gubeng,2025-05-21,10:50:00,16:30:00,Bisnis,299938,Terlambat
JKA01481,Gaya Baru Malam,KA815,Bandung,Surabaya Gubeng,2025-01-29,21:25:00,13:20:00,Bisnis,747027,Terlambat
JKA00667,Gaya Baru Malam,KA163,Yogyakarta,Surabaya Gubeng,2025-02-02,06:50:00,15:35:00,Eksekutif,,Tepat Waktu
JKA00692,Harina,KA967,Semarang Tawang,Surabaya Gubeng,2025-05-19,13:30:00,16:55:00,Eksekutif,101988,Tepat Waktu
JKA01871,Harina,KA698,Pasar Senen,Surabaya Gubeng,2025-04-26,00:40:00,19:35:00,Eksekutif,400236,Terlambat
JKA02285,Harina,KA968,Jember,Surabaya Gubeng,2024-08-14,05:05:00,00:50:00,Ekonomi,52097,Waiting
JKA01896,Harina,KA416,Solo Balapan,Surabaya Gubeng,2025-04-04,11:40:00,17:10:00,Eksekutif,148345,Waiting
JKA00007,Harina,KA170,Surabaya Pasarturi,Surabaya Gubeng,2024-02-29,18:05:00,23:35:00,Eksekutif,497060,Terlambat
JKA01400,Joglosemarkerto,KA726,Gambir,Surabaya Gubeng,2024-09-14,11:15:00,16:35:00,Eksekutif,202231,Tepat Waktu
JKA00302,Jayabaya,KA539,Malang,Surabaya Gubeng,2024-09-25,01:30:00,19:20:00,Eksekutif,247787,Waiting
JKA02841,Jayabaya,KA42,Jember,Surabaya Gubeng,2025-03-10,13:40:00,04:15:00,Ekonomi,147433,Tepat Waktu
JKA01323,Jayabaya,KA429,Gambir,Surabaya Gubeng,2025-03-26,20:55:00,02:40:00,Bisnis,99657,Dibatalkan
JKA00895,Jayabaya,KA214,Yogyakarta,Surabaya Gubeng,2024-10-03,04:55:00,18:20:00,Bisnis,402773,Tepat Waktu
JKA02559,Jayabaya,KA636,Malang,Surabaya Gubeng,2024-12-02,01:25:00,06:20:00,Eksekutif,303574,Tepat Waktu
JKA01790,Jayabaya,KA615,Gambir,Surabaya Gubeng,2025-02-23,19:40:00,20:10:00,Eksekutif,199328,Waiting
JKA02901,Jayabaya,KA482,Purwokerto,Surabaya Gubeng,2025-03-16,12:10:00,06:35:00,Eksekutif,95639,Terlambat
JKA00213,Jayabaya,KA139,Cirebon,Surabaya Gubeng,2025-07-30,12:40:00,11:35:00,Eksekutif,45567,Terlambat
JKA02427,Joglosemarkerto,KA824,Pasar Senen,Surabaya Gubeng,2025-03-31,14:50:00,15:20:00,Eksekutif,50726,Dibatalkan
JKA00036,Joglosemarkerto,KA231,Gambir,Surabaya Gubeng,2024-09-30,09:35:00,03:00:00,Bisnis,100091,Tepat Waktu
JKA00977,Joglosemarkerto,UNKNOWN,Surabaya Pasarturi,Surabaya Gubeng,2024-11-10,08:05:00,10:15:00,Bisnis,152899,Tepat Waktu
JKA00020,Joglosemarkerto,KA250,Kediri,Surabaya Gubeng,2024-05-30,01:15:00,19:05:00,Eksekutif,748185,Tepat Waktu
JKA00856,Joglosemarkerto,KA521,Bandung,Surabaya Gubeng,2025-03-20,03:00:00,06:10:00,Bisnis,154974,Waiting
JKA01665,Joglosemarkerto,KA868,Pasar Senen,Surabaya Gubeng,2024-01-21,01:10:00,12:00:00,Ekonomi,73292,Tepat Waktu
JKA01981,Joglosemarkerto,KA870,Yogyakarta,Surabaya Gubeng,2024-01-16,18:35:00,14:15:00,Eksekutif,304097,Terlambat
JKA01812,Joglosemarkerto,KA735,Jember,Surabaya Gubeng,2025-02-28,23:00:00,04:25:00,Eksekutif,46144,Terlambat
JKA01249,Joglosemarkerto,KA561,Kediri,Surabaya Gubeng,2024-01-19,03:30:00,22:40:00,Eksekutif,747635,Dibatalkan
JKA02225,Kertajaya,KA147,Purwokerto,Surabaya Gubeng,2025-04-26,11:55:00,17:25:00,Ekonomi,401332,Waiting
JKA01528,Kahuripan,KA612,Semarang Tawang,Surabaya Gubeng,2025-04-10,01:05:00,08:45:00,Eksekutif,77064,Waiting
JKA02639,Kahuripan,KA344,Solo Balapan,Surabaya Gubeng,2024-07-05,16:25:00,13:15:00,Eksekutif,295080,Terlambat
JKA02811,Kahuripan,KA866,Cirebon,Surabaya Gubeng,2024-04-10,11:40:00,12:40:00,Eksekutif,749210,Dibatalkan
JKA01821,Kahuripan,KA423,Malang,Surabaya Gubeng,2025-06-07,19:15:00,18:10:00,Bisnis,154875,Dibatalkan
JKA01428,Kahuripan,KA56,Cirebon,Surabaya Gubeng,2024-01-25,05:50:00,14:50:00,Eksekutif,50607,Waiting
JKA01680,Kahuripan,KA899,Surabaya Pasarturi,Surabaya Gubeng,2025-05-28,09:50:00,12:20:00,Eksekutif,501317,Terlambat
JKA02316,Kahuripan,KA284,Bandung,Surabaya Gubeng,2025-08-10,18:15:00,01:35:00,Eksekutif,74895,Terlambat
JKA00939,Kahuripan,KA616,Purwokerto,Surabaya Gubeng,2024-05-05,08:20:00,05:45:00,Eksekutif,254804,Terlambat
JKA02796,Kahuripan,KA207,Solo Balapan,Surabaya Gubeng,2025-07-22,08:00:00,08:05:00,Eksekutif,301648,Tepat Waktu
JKA00903,Kahuripan,KA622,Gambir,Surabaya Gubeng,2024-09-23,02:25:00,10:15:00,Eksekutif,295491,Terlambat
JKA00609,Kahuripan,KA937,Semarang Tawang,Surabaya Gubeng,2024-07-14,23:25:00,08:30:00,Ekonomi,46967,Waiting
JKA02837,Kaligung,KA566,Madiun,Surabaya Gubeng,2025-06-25,16:40:00,12:35:00,Eksekutif,752456,Waiting
JKA00025,Kaligung,KA477,Semarang Tawang,Surabaya Gubeng,2024-03-11,00:15:00,00:45:00,Bisnis,102758,Terlambat
JKA02938,Kaligung,KA137,Jember,Surabaya Gubeng,2024-08-08,18:35:00,13:40:00,Eksekutif,197601,Waiting
JKA00318,Kaligung,KA163,Yogyakarta,Surabaya Gubeng,2024-06-09,03:30:00,09:15:00,Ekonomi,45297,Waiting
JKA00508,Kaligung,KA675,Kediri,Surabaya Gubeng,2024-09-21,14:20:00,03:40:00,Eksekutif,102655,Tepat Waktu
JKA00464,Kaligung,KA583,Jakarta Kota,Surabaya Gubeng,2025-08-07,16:25:00,19:40:00,Eksekutif,77190,Tepat Waktu
JKA02818,Kaligung,KA946,Purwokerto,Surabaya Gubeng,2025-01-18,01:40:00,17:20:00,Eksekutif,49907,Dibatalkan
JKA01073,Kaligung,KA251,Madiun,Surabaya Gubeng,2024-03-25,20:50:00,14:40:00,Ekonomi,251174,Waiting
JKA00109,Kaligung,KA964,Cirebon,Surabaya Gubeng,2025-04-01,12:35:00,11:00:00,Eksekutif,201815,Waiting
JKA00364,Kaligung,KA210,Gambir,Surabaya Gubeng,2024-01-22,09:15:00,07:45:00,Eksekutif,101136,Tepat Waktu
JKA02574,Kertajaya,KA154,Malang,Surabaya Gubeng,2024-06-22,02:55:00,03:25:00,Eksekutif,398111,Terlambat
JKA01083,Kertajaya,KA51,Solo Balapan,Surabaya Gubeng,2025-02-20,21:10:00,06:00:00,Eksekutif,,Waiting
JKA00960,Kertajaya,KA860,Solo Balapan,Surabaya Gubeng,2024-07-10,02:30:00,18:50:00,Eksekutif,154506,Terlambat
JKA01271,Kertajaya,KA993,Pasar Senen,Surabaya Gubeng,2024-03-16,08:50:00,16:05:00,Bisnis,399014,Dibatalkan
JKA02791,Kertajaya,KA146,Gambir,Surabaya Gubeng,2025-01-19,21:10:00,04:40:00,Eksekutif,97353,Waiting
JKA00342,Kertajaya,UNKNOWN,Solo Balapan,Surabaya Gubeng,2024-01-11,12:35:00,19:45:00,Ekonomi,52439,Tepat Waktu
JKA00367,Lodaya,KA840,Purwokerto,Surabaya Gubeng,2024-10-05,02:25:00,12:10:00,Eksekutif,303278,Terlambat
JKA02190,Lodaya,KA443,Surabaya Pasarturi,Surabaya Gubeng,2024-03-22,14:25:00,19:40:00,Eksekutif,196782,Waiting
JKA00012,Lodaya,KA661,Cirebon,Surabaya Gubeng,2025-08-15,19:05:00,21:45:00,Ekonomi,150147,Waiting
JKA01579,Lodaya,KA816,Solo Balapan,Surabaya Gubeng,2025-06-25,12:20:00,08:10:00,Bisnis,754129,Tepat Waktu
JKA00073,Lodaya,KA491,Yogyakarta,Surabaya Gubeng,2025-05-20,11:40:00,14:40:00,Ekonomi,71077,Waiting
JKA00543,Lodaya,KA617,Jakarta Kota,Surabaya Gubeng,2025-08-21,17:35:00,18:25:00,Bisnis,98377,Terlambat
JKA01814,Lodaya,KA450,Malang,Surabaya Gubeng,2024-05-27,19:10:00,10:20:00,Eksekutif,495321,Terlambat
JKA02752,Malabar,KA944,Semarang Tawang,Surabaya Gubeng,2025-03-07,18:15:00,13:15:00,Ekonomi,252289,Tepat Waktu
JKA00627,Malabar,KA898,Purwokerto,Surabaya Gubeng,2024-05-22,06:50:00,22:40:00,Bisnis,404531,Waiting
JKA01541,Malabar,KA936,Jember,Surabaya Gubeng,2024-11-20,14:45:00,20:40:00,Bisnis,73957,Tepat Waktu
JKA00484,Malabar,KA843,Pasar Senen,Surabaya Gubeng,2024-10-12,03:15:00,00:45:00,Ekonomi,,Waiting
JKA00905,Malabar,KA574,Malang,Surabaya Gubeng,2025-01-02,13:20:00,07:25:00,Eksekutif,49827,Waiting
JKA00808,Malabar,KA36,Kediri,Surabaya Gubeng,2024-05-17,14:10:00,21:00:00,Ekonomi,148684,Waiting
JKA00738,Matarmaja,KA34,Solo Balapan,Surabaya Gubeng,2024-05-13,09:40:00,10:25:00,Eksekutif,95124,Dibatalkan
JKA02592,Matarmaja,KA307,Surabaya Pasarturi,Surabaya Gubeng,2025-06-18,04:25:00,05:25:00,Bisnis,79823,Tepat Waktu
JKA00267,Matarmaja,KA475,Surabaya Pasarturi,Surabaya Gubeng,2024-04-02,15:50:00,05:55:00,Eksekutif,,Tepat Waktu
JKA02960,Matarmaja,KA276,Semarang Tawang,Surabaya Gubeng,2025-07-31,16:30:00,12:45:00,Ekonomi,71045,Tepat Waktu
JKA02728,Matarmaja,KA238,Surabaya Pasarturi,Surabaya Gubeng,2025-04-13,05:10:00,16:25:00,Eksekutif,748111,Terlambat
JKA01994,Matarmaja,KA905,Purwokerto,Surabaya Gubeng,2024-08-12,11:25:00,07:40:00,Ekonomi,496037,Dibatalkan
JKA00999,Matarmaja,KA743,Bandung,Surabaya Gubeng,2025-07-18,03:00:00,22:30:00,Bisnis,147535,Waiting
JKA02250,Mutiara Selatan,KA945,Semarang Tawang,Surabaya Gubeng,2025-02-12,15:35:00,13:25:00,Ekonomi,745746,Dibatalkan
JKA00519,Mutiara Selatan,KA292,Kediri,Surabaya Gubeng,2024-02-20,18:35:00,13:20:00,Ekonomi,495749,Waiting
JKA00142,Mutiara Selatan,KA658,Malang,Surabaya Gubeng,2024-04-09,06:10:00,02:35:00,Ekonomi,302715,Tepat Waktu
JKA00030,Mutiara Selatan,UNKNOWN,Surabaya Pasarturi,Surabaya Gubeng,2025-01-04,09:00:00,08:00:00,Ekonomi,197068,Tepat Waktu
JKA01567,Mutiara Selatan,KA920,Surabaya Pasarturi,Surabaya Gubeng,2025-06-06,03:25:00,10:20:00,Ekonomi,296888,Waiting
JKA02029,Mutiara Selatan,KA442,Surabaya Pasarturi,Surabaya Gubeng,2024-10-22,22:05:00,20:10:00,Bisnis,102638,Terlambat
JKA00317,Mutiara Selatan,KA669,Malang,Surabaya Gubeng,2025-06-03,18:50:00,19:55:00,Bisnis,201395,Waiting
JKA02491,Mutiara Selatan,KA480,Madiun,Surabaya Gubeng,2025-01-19,07:05:00,10:50:00,Bisnis,152650,Tepat Waktu
JKA00295,Mutiara Selatan,KA207,Cirebon,Surabaya Gubeng,2025-02-19,03:10:00,00:15:00,Eksekutif,404172,Tepat Waktu
JKA01963,Pasundan,KA357,Jember,Surabaya Gubeng,2024-11-05,00:45:00,18:25:00,Eksekutif,104177,Dibatalkan
JKA00826,Pasundan,KA593,Semarang Tawang,Surabaya Gubeng,2024-07-31,06:05:00,20:30:00,Ekonomi,145505,Waiting
JKA00072,Pasundan,KA913,Malang,Surabaya Gubeng,2024-05-05,02:35:00,22:35:00,Eksekutif,250692,Dibatalkan
JKA02230,Pasundan,KA548,Pasar Senen,Surabaya Gubeng,2024-10-23,19:45:00,01:40:00,Eksekutif,97527,Terlambat
JKA00520,Pasundan,KA555,Bandung,Surabaya Gubeng,2024-08-18,22:25:00,02:45:00,Bisnis,752547,Waiting
JKA01747,Pasundan,KA134,Pasar Senen,Surabaya Gubeng,2024-11-30,00:30:00,05:30:00,Bisnis,748392,Dibatalkan
JKA02337,Pasundan,KA211,Surabaya Pasarturi,Surabaya Gubeng,2024-04-05,21:50:00,04:25:00,Ekonomi,503514,Waiting
JKA02541,Pasundan,KA506,Semarang Tawang,Surabaya Gubeng,2024-04-14,10:10:00,03:10:00,Ekonomi,45770,Terlambat
JKA00531,Pasundan,KA975,Purwokerto,Surabaya Gubeng,2024-12-31,14:45:00,23:40:00,Bisnis,150956,Tepat Waktu
JKA02765,Progo,KA154,Jember,Surabaya Gubeng,2024-09-06,00:05:00,12:10:00,Eksekutif,498128,Waiting
JKA00610,Progo,KA443,Madiun,Surabaya Gubeng,2025-04-11,08:00:00,02:55:00,Bisnis,76513,Tepat Waktu
JKA02528,Progo,KA142,Jember,Surabaya Gubeng,2024-02-05,19:20:00,03:00:00,Ekonomi,199102,Dibatalkan
JKA01238,Progo,KA318,Malang,Surabaya Gubeng,2024-09-11,07:15:00,15:15:00,Ekonomi,148411,Tepat Waktu
JKA00180,Progo,KA184,Solo Balapan,Surabaya Gubeng,2024-10-24,14:40:00,12:25:00,Bisnis,147717,Terlambat
JKA01200,Progo,KA318,Jember,Surabaya Gubeng,2024-10-03,06:15:00,03:15:00,Eksekutif,198105,Waiting
JKA01266,Progo,KA719,Pasar Senen,Surabaya Gubeng,2025-07-27,16:30:00,21:15:00,Eksekutif,401357,Dibatalkan
JKA00250,Progo,KA488,Solo Balapan,Surabaya Gubeng,2025-03-26,06:45:00,01:50:00,Eksekutif,70860,Dibatalkan
JKA00927,Progo,KA517,Madiun,Surabaya Gubeng,2024-12-12,23:40:00,15:30:00,Ekonomi,747054,Waiting
JKA00513,Progo,KA446,Gambir,Surabaya Gubeng,2024-07-01,11:25:00,16:00:00,Eksekutif,147262,Dibatalkan
JKA02106,Sancaka,KA990,Semarang Tawang,Surabaya Gubeng,2024-11-26,06:25:00,23:15:00,Bisnis,77200,Waiting
JKA01261,Sancaka,KA417,Semarang Tawang,Surabaya Gubeng,2024-03-07,11:35:00,07:05:00,Eksekutif,53746,Waiting
JKA02850,Sancaka,KA924,Kediri,Surabaya Gubeng,2024-12-18,18:55:00,22:15:00,Bisnis,199984,Dibatalkan
JKA02861,Sancaka,KA624,Madiun,Surabaya Gubeng,2025-07-20,10:20:00,14:00:00,Eksekutif,101449,Terlambat
JKA00002,Sancaka,KA81,Yogyakarta,Surabaya Gubeng,2024-12-10,02:30:00,11:25:00,Eksekutif,52527,Tepat Waktu
JKA00177,Sancaka,KA975,Surabaya Pasarturi,Surabaya Gubeng,2024-04-27,21:45:00,17:35:00,Ekonomi,74107,Tepat Waktu
JKA00575,Sembrani,KA936,Jakarta Kota,Surabaya Gubeng,2025-01-15,01:10:00,19:15:00,Eksekutif,750074,Waiting
JKA01788,Sembrani,KA420,Purwokerto,Surabaya Gubeng,2025-05-17,08:55:00,11:25:00,UNKNOWN,401395,Waiting
JKA02282,Sembrani,KA610,Gambir,Surabaya Gubeng,2024-07-09,12:45:00,08:35:00,Eksekutif,148864,Tepat Waktu
JKA02073,Sembrani,UNKNOWN,Bandung,Surabaya Gubeng,2024-04-19,11:30:00,23:25:00,Eksekutif,145990,Tepat Waktu
JKA02238,Sembrani,KA412,Yogyakarta,Surabaya Gubeng,2024-07-04,03:20:00,08:05:00,Ekonomi,754414,Tepat Waktu
JKA01223,Sembrani,KA371,Pasar Senen,Surabaya Gubeng,2025-08-13,17:35:00,05:40:00,Bisnis,74122,Terlambat
JKA02583,Sembrani,KA104,Cirebon,Surabaya Gubeng,2024-07-30,12:35:00,01:25:00,Ekonomi,404474,Dibatalkan
JKA00662,Sembrani,KA674,Cirebon,Surabaya Gubeng,2025-08-19,07:00:00,09:40:00,Eksekutif,504459,Terlambat
JKA00269,Serayu,KA434,Kediri,Surabaya Gubeng,2024-05-21,07:40:00,20:35:00,Eksekutif,150250,Waiting
JKA01980,Serayu,KA256,Solo Balapan,Surabaya Gubeng,2024-02-25,10:35:00,21:40:00,Ekonomi,70930,Tepat Waktu
JKA00405,Serayu,KA648,Jember,Surabaya Gubeng,2024-10-25,20:10:00,04:20:00,Bisnis,148440,Dibatalkan
JKA02470,Serayu,KA369,Solo Balapan,Surabaya Gubeng,2024-03-19,14:50:00,03:10:00,Ekonomi,53643,Tepat Waktu
JKA01272,Serayu,KA707,Solo Balapan,Surabaya Gubeng,2024-03-24,09:05:00,12:05:00,Eksekutif,47548,Tepat Waktu
JKA01639,Taksaka,KA10,Pasar Senen,Surabaya Gubeng,2024-12-21,07:00:00,05:40:00,Eksekutif,398125,Terlambat
JKA00816,Turangga,KA158,Surabaya Pasarturi,Surabaya Gubeng,2025-08-10,06:30:00,15:10:00,Bisnis,73245,Waiting
JKA00326,Taksaka,KA706,Malang,Surabaya Gubeng,2025-04-01,11:50:00,18:40:00,Eksekutif,204573,Tepat Waktu
JKA01851,Taksaka,KA52,Kediri,Surabaya Gubeng,2024-03-13,20:20:00,10:30:00,Ekonomi,296552,Waiting
JKA02826,Taksaka,KA923,Jakarta Kota,Surabaya Gubeng,2024-03-25,04:35:00,05:15:00,Eksekutif,498180,Terlambat
JKA00542,Taksaka,KA758,Purwokerto,Surabaya Gubeng,2024-03-15,08:35:00,23:10:00,UNKNOWN,104424,Waiting
JKA01898,Taksaka,KA353,Surabaya Pasarturi,Surabaya Gubeng,2025-08-10,11:35:00,18:45:00,Ekonomi,,Terlambat
JKA01638,Tawang Jaya,KA66,Madiun,Surabaya Gubeng,2024-05-22,12:10:00,07:50:00,Eksekutif,78221,Dibatalkan
JKA00138,Tawang Jaya,KA34,Semarang Tawang,Surabaya Gubeng,2024-06-28,09:55:00,04:10:00,Bisnis,751415,Terlambat
JKA00217,Tawang Jaya,KA92,Jember,Surabaya Gubeng,2025-05-14,20:45:00,17:45:00,Bisnis,74362,Terlambat
JKA02823,Tawang Jaya,KA693,Semarang Tawang,Surabaya Gubeng,2025-06-03,10:55:00,17:20:00,Eksekutif,71684,Waiting
JKA02539,Tawang Jaya,KA118,Bandung,Surabaya Gubeng,2024-07-07,12:25:00,17:15:00,Ekonomi,74178,Tepat Waktu
JKA02566,Tawang Jaya,KA664,Malang,Surabaya Gubeng,2024-04-27,00:05:00,18:35:00,Eksekutif,295761,Tepat Waktu
JKA01212,Tawang Jaya,KA915,Pasar Senen,Surabaya Gubeng,2024-12-13,03:35:00,02:35:00,Bisnis,50659,Tepat Waktu
JKA00207,Tawang Jaya,KA325,Bandung,Surabaya Gubeng,2024-06-10,02:50:00,20:00:00,Ekonomi,103787,Terlambat
JKA02655,Turangga,KA991,Kediri,Surabaya Gubeng,2024-03-16,21:05:00,17:05:00,Bisnis,48553,Waiting
JKA02291,Turangga,KA666,Kediri,Surabaya Gubeng,2024-10-19,23:55:00,02:10:00,Bisnis,,Waiting
JKA00536,Turangga,KA484,Yogyakarta,Surabaya Gubeng,2025-02-09,05:45:00,10:40:00,Bisnis,751830,Dibatalkan
JKA01411,Turangga,KA305,Bandung,Surabaya Gubeng,2024-11-12,15:20:00,18:25:00,Eksekutif,495384,Waiting
JKA01206,UNKNOWN,KA759,Pasar Senen,Surabaya Pasarturi,2025-04-24,01:55:00,13:50:00,Eksekutif,78904,Terlambat
JKA01495,UNKNOWN,KA892,Gambir,Surabaya Pasarturi,2024-07-11,21:35:00,06:55:00,Ekonomi,197125,Waiting
JKA00953,UNKNOWN,KA273,Jakarta Kota,Surabaya Pasarturi,2025-07-02,23:15:00,04:30:00,Ekonomi,397833,Waiting
JKA02128,UNKNOWN,KA877,Kediri,Surabaya Pasarturi,2025-07-17,15:45:00,00:35:00,Eksekutif,246717,Terlambat
JKA01058,UNKNOWN,UNKNOWN,Jember,Surabaya Pasarturi,2024-05-29,14:50:00,14:10:00,Eksekutif,100924,Waiting
JKA01035,UNKNOWN,KA138,Malang,Surabaya Pasarturi,2025-08-17,04:25:00,03:20:00,Ekonomi,502644,Waiting
JKA00971,UNKNOWN,KA578,Cirebon,Surabaya Pasarturi,2025-08-03,21:10:00,23:00:00,Bisnis,753592,Tepat Waktu
JKA00248,UNKNOWN,KA829,Kediri,Surabaya Pasarturi,2024-10-23,01:55:00,23:45:00,Eksekutif,404472,Dibatalkan
JKA01067,UNKNOWN,KA218,Solo Balapan,Surabaya Pasarturi,2024-10-02,14:35:00,10:00:00,Bisnis,98938,Waiting
JKA00428,Harina,KA949,Pasar Senen,Surabaya Pasarturi,2025-05-29,22:35:00,13:30:00,Ekonomi,501977,Tepat Waktu
JKA00809,Kertajaya,KA344,Madiun,Surabaya Pasarturi,2025-01-13,23:30:00,15:25:00,Eksekutif,749395,Waiting
JKA00418,Pasundan,KA9,Pasar Senen,Surabaya Pasarturi,2024-07-11,20:00:00,08:05:00,Ekonomi,395748,Dibatalkan
JKA00465,Sembrani,KA320,Jakarta Kota,Surabaya Pasarturi,2024-09-14,22:25:00,05:20:00,Ekonomi,748955,Terlambat
JKA02872,Argo Bromo Anggrek,KA246,Gambir,Surabaya Pasarturi,2024-08-31,14:40:00,09:05:00,Eksekutif,395391,Dibatalkan
JKA00299,Argo Bromo Anggrek,KA964,Pasar Senen,Surabaya Pasarturi,2024-11-04,07:20:00,05:35:00,Eksekutif,295555,Waiting
JKA02530,Argo Bromo Anggrek,KA969,Jakarta Kota,Surabaya Pasarturi,2024-05-27,01:25:00,06:05:00,Eksekutif,101943,Tepat Waktu
JKA02487,Argo Bromo Anggrek,KA218,Solo Balapan,Surabaya Pasarturi,2025-03-10,11:00:00,16:00:00,Bisnis,196394,Waiting
JKA01571,Argo Bromo Anggrek,KA288,Cirebon,Surabaya Pasarturi,2024-03-26,21:25:00,20:00:00,Bisnis,50914,Terlambat
JKA00493,Argo Bromo Anggrek,KA251,Bandung,Surabaya Pasarturi,2025-08-13,12:20:00,02:15:00,Ekonomi,202919,Terlambat
JKA00355,Argo Bromo Anggrek,KA161,Solo Balapan,Surabaya Pasarturi,2024-07-29,09:50:00,14:00:00,Ekonomi,47815,Tepat Waktu
JKA00827,Argo Bromo Anggrek,KA682,Solo Balapan,Surabaya Pasarturi,2024-10-16,09:35:00,22:00:00,Bisnis,304195,Terlambat
JKA02880,Argo Bromo Anggrek,KA958,Jember,Surabaya Pasarturi,2024-04-25,22:55:00,23:20:00,Eksekutif,152227,Tepat Waktu
JKA01865,Argo Bromo Anggrek,KA507,Gambir,Surabaya Pasarturi,2025-03-18,09:45:00,01:25:00,Ekonomi,79909,Terlambat
JKA02906,Argo Bromo Anggrek,KA713,Cirebon,Surabaya Pasarturi,2025-08-07,14:50:00,13:00:00,Bisnis,252203,Terlambat
JKA01859,Argo Bromo Anggrek,KA115,Jakarta Kota,Surabaya Pasarturi,2024-06-17,15:55:00,20:30:00,Ekonomi,146022,Tepat Waktu
JKA01616,Argo Parahyangan,KA130,Cirebon,Surabaya Pasarturi,2024-02-01,15:25:00,11:50:00,Bisnis,73291,Dibatalkan
JKA00181,Argo Parahyangan,KA721,Bandung,Surabaya Pasarturi,2025-01-13,01:50:00,16:25:00,Eksekutif,395760,Tepat Waktu
JKA00881,Argo Parahyangan,KA707,Yogyakarta,Surabaya Pasarturi,2024-08-05,06:30:00,10:55:00,Bisnis,301587,Terlambat
JKA00780,Argo Parahyangan,KA866,Pasar Senen,Surabaya Pasarturi,2025-01-10,04:05:00,21:20:00,UNKNOWN,50225,Tepat Waktu
JKA02339,Argo Parahyangan,UNKNOWN,Kediri,Surabaya Pasarturi,2024-11-20,07:45:00,13:40:00,Ekonomi,498501,Waiting
JKA02178,Argo Parahyangan,KA960,Cirebon,Surabaya Pasarturi,2024-03-22,13:15:00,17:10:00,Ekonomi,79296,Terlambat
JKA00206,Argo Parahyangan,KA283,Bandung,Surabaya Pasarturi,2025-05-07,06:25:00,21:15:00,Bisnis,,Waiting
JKA00532,Argo Parahyangan,KA928,Surabaya Gubeng,Surabaya Pasarturi,2024-07-06,07:55:00,05:00:00,Ekonomi,196496,Tepat Waktu
JKA02834,Argo Parahyangan,KA738,Malang,Surabaya Pasarturi,2025-07-21,15:40:00,13:15:00,Eksekutif,747070,Dibatalkan
JKA00229,Bima,UNKNOWN,Kediri,Surabaya Pasarturi,2024-01-13,15:35:00,19:35:00,Bisnis,752794,Terlambat
JKA02590,Bengawan,KA262,Kediri,Surabaya Pasarturi,2024-07-22,18:30:00,22:50:00,Bisnis,398489,Terlambat
JKA02743,Bengawan,KA396,Yogyakarta,Surabaya Pasarturi,2024-03-05,22:10:00,04:05:00,Eksekutif,153950,Waiting
JKA00483,Bengawan,KA356,Solo Balapan,Surabaya Pasarturi,2024-11-26,10:10:00,01:55:00,Eksekutif,499558,Tepat Waktu
JKA00060,Bengawan,KA742,Pasar Senen,Surabaya Pasarturi,2025-01-31,10:50:00,20:50:00,Eksekutif,246548,Dibatalkan
JKA02468,Bengawan,KA925,Purwokerto,Surabaya Pasarturi,2025-08-07,04:40:00,10:55:00,Eksekutif,97209,Dibatalkan
JKA02693,Bima,KA300,Gambir,Surabaya Pasarturi,2025-08-08,10:45:00,01:25:00,Eksekutif,754184,Waiting
JKA00852,Bima,KA717,Gambir,Surabaya Pasarturi,2024-03-06,09:10:00,17:15:00,Ekonomi,403373,Waiting
JKA01582,Bima,KA641,Semarang Tawang,Surabaya Pasarturi,2025-08-12,09:45:00,15:50:00,Bisnis,79080,Waiting
JKA00694,Bima,KA935,Jakarta Kota,Surabaya Pasarturi,2024-10-24,03:15:00,17:00:00,Eksekutif,150613,Waiting
JKA01469,Brantas,KA820,Malang,Surabaya Pasarturi,2025-05-06,03:10:00,12:45:00,Ekonomi,247002,Terlambat
JKA01654,Brantas,KA941,Gambir,Surabaya Pasarturi,2024-08-09,11:05:00,00:10:00,Ekonomi,252915,Waiting
JKA02545,Brantas,UNKNOWN,Bandung,Surabaya Pasarturi,2024-01-12,19:00:00,00:00:00,Eksekutif,48638,Waiting
JKA01604,Brantas,KA756,Solo Balapan,Surabaya Pasarturi,2024-11-25,07:45:00,00:20:00,Ekonomi,99966,Waiting
JKA01989,Gajayana,KA940,Madiun,Surabaya Pasarturi,2024-12-01,06:10:00,22:40:00,Bisnis,99734,Tepat Waktu
JKA02978,Gajayana,KA758,Cirebon,Surabaya Pasarturi,2025-02-17,01:05:00,06:25:00,Ekonomi,97856,Terlambat
JKA00241,Gajayana,KA711,Kediri,Surabaya Pasarturi,2025-06-29,12:45:00,07:45:00,Ekonomi,102903,Waiting
JKA01029,Gajayana,KA606,Jakarta Kota,Surabaya Pasarturi,2025-05-06,22:00:00,17:15:00,Eksekutif,,Terlambat
JKA02760,Gajayana,KA752,Cirebon,Surabaya Pasarturi,2025-06-22,23:40:00,14:30:00,Ekonomi,154767,Tepat Waktu
JKA01275,Gajayana,KA720,Bandung,Surabaya Pasarturi,2024-08-15,01:30:00,00:45:00,Ekonomi,503186,Dibatalkan
JKA02762,Gajayana,KA547,Semarang Tawang,Surabaya Pasarturi,2024-06-12,14:15:00,14:50:00,Ekonomi,74103,Terlambat
JKA00943,Gaya Baru Malam,KA310,Madiun,Surabaya Pasarturi,2024-05-14,02:40:00,22:20:00,Bisnis,496793,Waiting
JKA02081,Gaya Baru Malam,KA529,Malang,Surabaya Pasarturi,2025-03-03,16:55:00,11:55:00,Eksekutif,148970,Waiting
JKA02095,Harina,KA200,Purwokerto,Surabaya Pasarturi,2025-01-07,13:30:00,15:45:00,Bisnis,195780,Waiting
JKA01870,Harina,KA689,Madiun,Surabaya Pasarturi,2024-09-19,02:15:00,03:05:00,Bisnis,252819,Tepat Waktu
JKA02544,Harina,KA576,Kediri,Surabaya Pasarturi,2024-12-29,23:55:00,00:20:00,Ekonomi,749463,Terlambat
JKA02372,Harina,KA940,Jember,Surabaya Pasarturi,2024-02-10,06:45:00,19:55:00,Bisnis,300963,Terlambat
JKA02611,Harina,KA52,Solo Balapan,Surabaya Pasarturi,2025-01-30,15:50:00,11:00:00,Eksekutif,300689,Terlambat
JKA00765,Harina,KA49,Semarang Tawang,Surabaya Pasarturi,2025-06-10,09:10:00,21:40:00,Ekonomi,249148,Dibatalkan
JKA00523,Harina,KA161,Cirebon,Surabaya Pasarturi,2024-11-23,20:05:00,16:40:00,Bisnis,303107,Tepat Waktu
JKA01935,Harina,KA928,Gambir,Surabaya Pasarturi,2024-12-29,16:30:00,19:00:00,Eksekutif,747775,Waiting
JKA01047,Joglosemarkerto,KA293,Bandung,Surabaya Pasarturi,2025-07-03,15:40:00,17:10:00,Bisnis,204401,Tepat Waktu
JKA01843,Jayabaya,UNKNOWN,Gambir,Surabaya Pasarturi,2025-04-28,04:20:00,23:20:00,Bisnis,498458,Terlambat
JKA00534,Jayabaya,KA282,Gambir,Surabaya Pasarturi,2025-02-20,15:50:00,10:40:00,Ekonomi,199909,Dibatalkan
JKA01578,Jayabaya,KA484,Jember,Surabaya Pasarturi,2025-06-20,07:25:00,05:35:00,Ekonomi,748115,Waiting
JKA01586,Jayabaya,KA449,Pasar Senen,Surabaya Pasarturi,2024-04-14,02:40:00,19:55:00,Eksekutif,245146,Dibatalkan
JKA01032,Jayabaya,KA144,Bandung,Surabaya Pasarturi,2024-10-27,19:10:00,07:25:00,Eksekutif,201479,Dibatalkan
JKA01145,Jayabaya,KA103,Jakarta Kota,Surabaya Pasarturi,2024-04-06,01:30:00,05:55:00,Eksekutif,250055,Terlambat
JKA01550,Jayabaya,KA355,Pasar Senen,Surabaya Pasarturi,2025-04-02,06:15:00,04:45:00,Bisnis,396833,Tepat Waktu
JKA02599,Jayabaya,KA324,Gambir,Surabaya Pasarturi,2025-01-03,07:55:00,19:25:00,Ekonomi,50563,Waiting
JKA01974,Jayabaya,KA866,Purwokerto,Surabaya Pasarturi,2024-11-27,19:05:00,19:10:00,Bisnis,250951,Tepat Waktu
JKA01546,Joglosemarkerto,KA615,Purwokerto,Surabaya Pasarturi,2024-06-12,04:20:00,06:25:00,Eksekutif,,Waiting
JKA02551,Joglosemarkerto,KA770,Surabaya Gubeng,Surabaya Pasarturi,2025-07-16,08:05:00,14:35:00,Ekonomi,52374,Terlambat
JKA02294,Joglosemarkerto,KA317,Bandung,Surabaya Pasarturi,2024-09-18,16:30:00,14:20:00,Eksekutif,297543,Tepat Waktu
JKA00932,Kahuripan,KA944,Pasar Senen,Surabaya Pasarturi,2024-07-07,08:35:00,01:30:00,Eksekutif,77382,Tepat Waktu
JKA01738,Kaligung,KA756,Solo Balapan,Surabaya Pasarturi,2025-07-07,05:15:00,04:40:00,Eksekutif,79781,Waiting
JKA02035,Kertajaya,KA23,Bandung,Surabaya Pasarturi,2024-10-28,01:10:00,10:15:00,Bisnis,498652,Terlambat
JKA01473,Kahuripan,KA884,Semarang Tawang,Surabaya Pasarturi,2025-08-21,03:00:00,16:05:00,Ekonomi,746861,Waiting
JKA02705,Kahuripan,KA836,Madiun,Surabaya Pasarturi,2024-05-13,10:00:00,17:40:00,Bisnis,749059,Waiting
JKA01547,Kahuripan,KA337,Yogyakarta,Surabaya Pasarturi,2024-10-03,09:15:00,00:45:00,Eksekutif,396576,Waiting
JKA02432,Kahuripan,KA333,Yogyakarta,Surabaya Pasarturi,2024-03-13,03:30:00,09:35:00,Ekonomi,299063,Terlambat
JKA00715,Kahuripan,KA227,Yogyakarta,Surabaya Pasarturi,2024-03-22,05:40:00,23:35:00,Ekonomi,297747,Terlambat
JKA02079,Kahuripan,KA542,Kediri,Surabaya Pasarturi,2025-04-17,11:00:00,11:50:00,Bisnis,71105,Waiting
JKA01270,Kahuripan,KA853,Kediri,Surabaya Pasarturi,2025-06-10,04:05:00,00:00:00,Bisnis,153697,Tepat Waktu
JKA01645,Kaligung,KA441,Pasar Senen,Surabaya Pasarturi,2024-10-11,00:30:00,20:35:00,Ekonomi,398618,Tepat Waktu
JKA02696,Kaligung,UNKNOWN,Pasar Senen,Surabaya Pasarturi,2024-03-12,03:30:00,10:25:00,Eksekutif,46934,Waiting
JKA02876,Kaligung,KA32,Yogyakarta,Surabaya Pasarturi,2024-05-25,03:10:00,07:25:00,Ekonomi,97250,Terlambat
JKA02984,Kaligung,KA483,Solo Balapan,Surabaya Pasarturi,2025-02-02,01:55:00,17:55:00,Bisnis,402485,Tepat Waktu
JKA00516,Kaligung,KA556,Malang,Surabaya Pasarturi,2024-02-10,15:35:00,01:45:00,Ekonomi,300528,Tepat Waktu
JKA01397,Kaligung,KA558,Jakarta Kota,Surabaya Pasarturi,2024-03-17,00:40:00,16:15:00,Bisnis,152628,Waiting
JKA02721,Kaligung,KA161,Gambir,Surabaya Pasarturi,2024-07-25,10:15:00,14:15:00,Eksekutif,202098,Dibatalkan
JKA02305,Kertajaya,KA525,Madiun,Surabaya Pasarturi,2025-02-27,22:40:00,20:00:00,Bisnis,500071,Tepat Waktu
JKA01774,Kertajaya,KA138,Madiun,Surabaya Pasarturi,2024-05-10,13:40:00,15:15:00,Ekonomi,245993,Waiting
JKA01251,Kertajaya,KA19,Kediri,Surabaya Pasarturi,2024-09-11,21:00:00,00:45:00,Ekonomi,150126,Terlambat
JKA00145,Kertajaya,KA948,Jakarta Kota,Surabaya Pasarturi,2025-06-16,00:55:00,03:30:00,Bisnis,754632,Tepat Waktu
JKA00985,Kertajaya,KA466,Jember,Surabaya Pasarturi,2025-07-20,17:00:00,05:30:00,Bisnis,71825,Waiting
JKA00011,Kertajaya,KA544,Malang,Surabaya Pasarturi,2025-03-09,04:15:00,06:00:00,Bisnis,245936,Waiting
JKA02251,Kertajaya,KA770,Jakarta Kota,Surabaya Pasarturi,2024-04-20,03:20:00,05:40:00,Eksekutif,150491,Dibatalkan
JKA01011,Lodaya,KA917,Jakarta Kota,Surabaya Pasarturi,2024-03-11,08:50:00,18:30:00,Eksekutif,752792,Waiting
JKA01038,Lodaya,KA708,Semarang Tawang,Surabaya Pasarturi,2024-07-02,00:30:00,01:10:00,Eksekutif,103228,Waiting
JKA00495,Lodaya,KA242,Solo Balapan,Surabaya Pasarturi,2024-12-11,01:25:00,00:20:00,Eksekutif,503007,Waiting
JKA00593,Lodaya,KA65,Cirebon,Surabaya Pasarturi,2025-02-26,06:30:00,11:55:00,Ekonomi,49123,Tepat Waktu
JKA02641,Lodaya,KA265,Cirebon,Surabaya Pasarturi,2025-04-14,12:40:00,23:20:00,Ekonomi,299486,Dibatalkan
JKA02905,Lodaya,KA565,Solo Balapan,Surabaya Pasarturi,2024-10-11,11:40:00,12:20:00,Eksekutif,75378,Tepat Waktu
JKA01263,Lodaya,KA631,Pasar Senen,Surabaya Pasarturi,2024-07-21,01:35:00,03:05:00,Eksekutif,751932,Dibatalkan
JKA00955,Lodaya,KA870,Jember,Surabaya Pasarturi,2024-10-09,14:00:00,23:30:00,Ekonomi,400757,Tepat Waktu
JKA01757,Lodaya,KA107,Jakarta Kota,Surabaya Pasarturi,2025-08-17,00:30:00,10:50:00,Eksekutif,73492,Waiting
JKA02761,Malabar,KA667,Malang,Surabaya Pasarturi,2024-12-06,03:20:00,05:35:00,Bisnis,404756,Waiting
JKA02464,Malabar,KA633,Jember,Surabaya Pasarturi,2024-12-21,22:20:00,03:00:00,Ekonomi,103991,Terlambat
JKA00249,Malabar,KA819,Jakarta Kota,Surabaya Pasarturi,2024-01-15,19:10:00,21:35:00,Eksekutif,99280,Terlambat
JKA00466,Malabar,KA927,Solo Balapan,Surabaya Pasarturi,2024-07-24,01:10:00,17:55:00,Eksekutif,48860,Terlambat
JKA01979,Malabar,KA52,Purwokerto,Surabaya Pasarturi,2025-05-10,00:10:00,03:45:00,Eksekutif,397277,Tepat Waktu
JKA02046,Malabar,KA860,Yogyakarta,Surabaya Pasarturi,2025-03-25,03:05:00,14:40:00,Bisnis,403798,Tepat Waktu
JKA01425,Malabar,KA644,Jember,Surabaya Pasarturi,2024-04-14,07:35:00,16:35:00,Ekonomi,495191,Tepat Waktu
JKA00046,Matarmaja,KA671,Gambir,Surabaya Pasarturi,2025-05-19,03:15:00,12:35:00,Bisnis,501866,Tepat Waktu
JKA01678,Matarmaja,KA522,Kediri,Surabaya Pasarturi,2024-05-27,04:55:00,18:40:00,Eksekutif,95844,Terlambat
JKA00482,Matarmaja,KA603,Solo Balapan,Surabaya Pasarturi,2025-05-03,23:10:00,04:00:00,Bisnis,401215,Waiting
JKA02122,Matarmaja,KA240,Kediri,Surabaya Pasarturi,2024-09-26,06:25:00,09:05:00,Bisnis,398185,Waiting
JKA00896,Matarmaja,KA109,Jakarta Kota,Surabaya Pasarturi,2025-07-24,21:10:00,11:55:00,Ekonomi,500746,Tepat Waktu
JKA02113,Matarmaja,KA165,Cirebon,Surabaya Pasarturi,2024-04-01,04:25:00,19:25:00,Bisnis,295921,Dibatalkan
JKA00792,Matarmaja,KA769,Kediri,Surabaya Pasarturi,2024-03-06,17:20:00,07:50:00,Ekonomi,747855,Waiting
JKA01448,Matarmaja,KA52,Kediri,Surabaya Pasarturi,2024-06-30,01:20:00,02:50:00,Eksekutif,202469,Terlambat
JKA02114,Matarmaja,KA525,Jakarta Kota,Surabaya Pasarturi,2024-07-26,17:55:00,19:45:00,Eksekutif,752589,Terlambat
JKA01958,Matarmaja,KA471,Bandung,Surabaya Pasarturi,2025-04-29,11:45:00,13:40:00,Bisnis,399781,Dibatalkan
JKA02227,Matarmaja,KA792,Purwokerto,Surabaya Pasarturi,2025-05-18,13:00:00,17:10:00,Eksekutif,70997,Terlambat
JKA01054,Mutiara Selatan,KA931,Yogyakarta,Surabaya Pasarturi,2025-04-20,05:40:00,09:05:00,Bisnis,502526,Terlambat
JKA02424,Mutiara Selatan,KA384,Bandung,Surabaya Pasarturi,2025-06-11,05:05:00,19:55:00,Eksekutif,253090,Dibatalkan
JKA01392,Mutiara Selatan,KA88,Gambir,Surabaya Pasarturi,2025-01-02,20:35:00,05:25:00,Bisnis,499712,Terlambat
JKA02104,Mutiara Selatan,KA923,Madiun,Surabaya Pasarturi,2024-07-20,04:20:00,13:10:00,Bisnis,78150,Waiting
JKA02726,Mutiara Selatan,KA66,Purwokerto,Surabaya Pasarturi,2024-10-10,08:25:00,21:10:00,UNKNOWN,397193,Waiting
JKA01255,Mutiara Selatan,KA232,Kediri,Surabaya Pasarturi,2025-07-22,08:40:00,06:55:00,Bisnis,398845,Tepat Waktu
JKA02996,Mutiara Selatan,KA590,Malang,Surabaya Pasarturi,2025-08-13,17:25:00,09:35:00,Eksekutif,396756,Terlambat
JKA01262,Mutiara Selatan,KA944,Cirebon,Surabaya Pasarturi,2025-07-28,20:50:00,16:20:00,Eksekutif,49037,Waiting
JKA00837,Mutiara Selatan,KA347,Gambir,Surabaya Pasarturi,2024-07-31,01:10:00,17:25:00,Bisnis,104160,Tepat Waktu
JKA00577,Mutiara Selatan,KA39,Cirebon,Surabaya Pasarturi,2024-04-21,12:15:00,17:35:00,Bisnis,495584,Terlambat
JKA00752,Pasundan,KA249,Jember,Surabaya Pasarturi,2024-06-04,14:00:00,17:25:00,Eksekutif,97618,Waiting
JKA02845,Pasundan,KA553,Bandung,Surabaya Pasarturi,2024-05-05,12:55:00,15:25:00,Eksekutif,54273,Dibatalkan
JKA02452,Pasundan,KA996,Jakarta Kota,Surabaya Pasarturi,2024-10-06,18:05:00,17:25:00,Eksekutif,75620,Waiting
JKA01731,Pasundan,KA139,Cirebon,Surabaya Pasarturi,2025-01-12,02:50:00,07:55:00,Ekonomi,49166,Tepat Waktu
JKA01061,Pasundan,KA684,Gambir,Surabaya Pasarturi,2024-04-04,23:40:00,14:45:00,Bisnis,246667,Dibatalkan
JKA02636,Pasundan,KA641,Madiun,Surabaya Pasarturi,2024-11-09,13:30:00,04:25:00,Bisnis,498093,Waiting
JKA01999,Pasundan,KA652,Yogyakarta,Surabaya Pasarturi,2024-08-29,01:50:00,18:05:00,Ekonomi,147650,Tepat Waktu
JKA00201,Progo,KA931,Pasar Senen,Surabaya Pasarturi,2025-07-15,04:55:00,18:45:00,Bisnis,752126,Dibatalkan
JKA01632,Progo,KA715,Yogyakarta,Surabaya Pasarturi,2025-04-28,12:25:00,14:05:00,Eksekutif,204440,Dibatalkan
JKA02012,Progo,KA291,Gambir,Surabaya Pasarturi,2024-09-19,01:50:00,14:10:00,Bisnis,74807,Tepat Waktu
JKA00628,Progo,KA69,Madiun,Surabaya Pasarturi,2025-08-04,17:25:00,08:45:00,Ekonomi,76169,Tepat Waktu
JKA01133,Progo,KA616,Gambir,Surabaya Pasarturi,2024-04-23,14:30:00,21:20:00,Bisnis,76137,Tepat Waktu
JKA01894,Progo,KA332,Pasar Senen,Surabaya Pasarturi,2024-05-18,22:10:00,06:30:00,Eksekutif,745406,Dibatalkan
JKA00067,Progo,KA834,Semarang Tawang,Surabaya Pasarturi,2024-01-17,02:25:00,23:50:00,Eksekutif,750447,Dibatalkan
JKA00189,Progo,KA840,Bandung,Surabaya Pasarturi,2024-08-15,02:45:00,23:30:00,Ekonomi,499693,Waiting
JKA00952,Progo,KA354,Yogyakarta,Surabaya Pasarturi,2024-07-06,05:20:00,14:20:00,Eksekutif,196274,Dibatalkan
JKA01215,Sembrani,KA297,Jember,Surabaya Pasarturi,2025-06-30,18:20:00,23:15:00,Ekonomi,75643,Waiting
JKA02684,Sancaka,KA558,Solo Balapan,Surabaya Pasarturi,2024-06-18,00:20:00,08:35:00,Bisnis,399795,Waiting
JKA01070,Sancaka,UNKNOWN,Gambir,Surabaya Pasarturi,2024-03-30,14:40:00,03:25:00,Ekonomi,101653,Waiting
JKA01207,Sancaka,KA166,Gambir,Surabaya Pasarturi,2025-07-12,17:00:00,03:40:00,Eksekutif,748643,Waiting
JKA02015,Sancaka,KA977,Bandung,Surabaya Pasarturi,2024-07-31,19:15:00,03:00:00,Eksekutif,,Dibatalkan
JKA00755,Sancaka,KA412,Kediri,Surabaya Pasarturi,2025-05-22,08:05:00,13:25:00,Eksekutif,149737,Tepat Waktu
JKA02093,Sancaka,KA690,Purwokerto,Surabaya Pasarturi,2024-11-29,00:20:00,02:05:00,Eksekutif,251437,Terlambat
JKA00588,Sancaka,KA280,Jember,Surabaya Pasarturi,2025-06-16,15:25:00,01:50:00,Bisnis,199310,Tepat Waktu
JKA02226,Sancaka,KA991,Gambir,Surabaya Pasarturi,2024-03-18,05:30:00,09:15:00,Bisnis,54371,Dibatalkan
JKA02542,Sancaka,KA39,Madiun,Surabaya Pasarturi,2024-01-14,11:50:00,22:40:00,Eksekutif,98750,Waiting
JKA02536,Sembrani,KA237,Madiun,Surabaya Pasarturi,2025-08-21,22:50:00,09:25:00,Eksekutif,201893,Terlambat
JKA00178,Sembrani,KA447,Purwokerto,Surabaya Pasarturi,2025-08-21,18:45:00,10:30:00,Eksekutif,249033,Waiting
JKA00768,Sembrani,KA927,Yogyakarta,Surabaya Pasarturi,2024-08-22,07:20:00,01:55:00,Ekonomi,76493,Terlambat
JKA00807,Sembrani,KA655,Semarang Tawang,Surabaya Pasarturi,2024-06-03,21:40:00,17:55:00,Ekonomi,746607,Terlambat
JKA02165,Sembrani,KA347,Purwokerto,Surabaya Pasarturi,2025-05-21,07:05:00,19:05:00,Ekonomi,254751,Tepat Waktu
JKA00427,Sembrani,KA616,Solo Balapan,Surabaya Pasarturi,2025-06-17,14:10:00,20:45:00,Eksekutif,148074,Terlambat
JKA00170,Sembrani,KA192,Madiun,Surabaya Pasarturi,2024-07-26,07:50:00,18:40:00,Eksekutif,149819,Tepat Waktu
JKA00669,Serayu,KA248,Bandung,Surabaya Pasarturi,2025-01-14,22:05:00,21:40:00,Bisnis,295332,Tepat Waktu
JKA02914,Serayu,KA5,Jember,Surabaya Pasarturi,2024-07-25,00:35:00,18:05:00,Ekonomi,401792,Terlambat
JKA02041,Serayu,KA131,Semarang Tawang,Surabaya Pasarturi,2024-01-01,07:20:00,03:20:00,Eksekutif,152400,Waiting
JKA00191,Serayu,KA823,Jakarta Kota,Surabaya Pasarturi,2024-08-19,14:30:00,08:10:00,Ekonomi,79152,Tepat Waktu
JKA01829,Serayu,KA940,Madiun,Surabaya Pasarturi,2024-09-20,17:45:00,08:40:00,Bisnis,201823,Tepat Waktu
JKA02552,Serayu,KA772,Purwokerto,Surabaya Pasarturi,2024-04-18,16:10:00,08:25:00,Ekonomi,251741,Waiting
JKA02524,Taksaka,KA232,Madiun,Surabaya Pasarturi,2024-11-24,08:55:00,21:40:00,Eksekutif,399861,Tepat Waktu
JKA02608,Taksaka,KA290,Surabaya Gubeng,Surabaya Pasarturi,2024-02-09,03:50:00,20:25:00,Eksekutif,400178,Waiting
JKA00597,Taksaka,KA627,Cirebon,Surabaya Pasarturi,2024-05-24,16:35:00,13:35:00,Ekonomi,100547,Tepat Waktu
JKA00231,Taksaka,KA645,Bandung,Surabaya Pasarturi,2025-04-27,03:55:00,10:40:00,Ekonomi,148425,Waiting
JKA01385,Taksaka,KA833,Purwokerto,Surabaya Pasarturi,2024-05-31,22:10:00,00:35:00,Ekonomi,296371,Terlambat
JKA02700,Tawang Jaya,KA194,Jember,Surabaya Pasarturi,2024-09-20,11:15:00,13:00:00,Eksekutif,203449,Waiting
JKA00270,Tawang Jaya,KA169,Pasar Senen,Surabaya Pasarturi,2025-04-07,21:55:00,06:35:00,Eksekutif,297929,Tepat Waktu
JKA02895,Tawang Jaya,KA42,Kediri,Surabaya Pasarturi,2025-07-11,10:55:00,10:35:00,Bisnis,199831,Terlambat
JKA02961,Tawang Jaya,KA864,Semarang Tawang,Surabaya Pasarturi,2024-03-03,18:30:00,03:20:00,Eksekutif,497890,Waiting
JKA02594,Tawang Jaya,KA173,Malang,Surabaya Pasarturi,2025-05-04,12:55:00,15:35:00,Eksekutif,99999,Dibatalkan
JKA00619,Tawang Jaya,KA795,Malang,Surabaya Pasarturi,2024-06-15,09:45:00,13:05:00,Eksekutif,73262,Tepat Waktu
JKA01777,Tawang Jaya,KA230,Kediri,Surabaya Pasarturi,2024-01-10,01:05:00,20:35:00,Ekonomi,748976,Tepat Waktu
JKA02741,Tawang Jaya,KA542,Gambir,Surabaya Pasarturi,2025-03-14,02:00:00,01:30:00,Ekonomi,253312,Tepat Waktu
JKA00904,Tawang Jaya,UNKNOWN,Yogyakarta,Surabaya Pasarturi,2024-01-17,22:40:00,22:40:00,Bisnis,153410,Waiting
JKA00463,Turangga,KA369,Purwokerto,Surabaya Pasarturi,2024-08-18,23:10:00,16:15:00,Ekonomi,46576,Tepat Waktu
JKA01587,Turangga,KA766,Pasar Senen,Surabaya Pasarturi,2024-02-23,15:10:00,16:15:00,Eksekutif,95984,Waiting
JKA01590,Turangga,KA999,Malang,Surabaya Pasarturi,2024-04-12,11:45:00,19:20:00,Ekonomi,49599,Waiting
JKA00675,Turangga,KA112,Kediri,Surabaya Pasarturi,2025-03-18,22:05:00,15:30:00,Bisnis,245575,Tepat Waktu
JKA01877,Turangga,KA938,Jakarta Kota,Surabaya Pasarturi,2024-10-02,18:45:00,03:15:00,Eksekutif,79158,Tepat Waktu
JKA02612,UNKNOWN,KA520,Jakarta Kota,Yogyakarta,2024-02-23,12:25:00,20:35:00,UNKNOWN,74864,Tepat Waktu
JKA01128,UNKNOWN,KA228,Jember,Yogyakarta,2025-01-05,05:00:00,21:55:00,Eksekutif,303568,Tepat Waktu
JKA02943,UNKNOWN,KA148,Pasar Senen,Yogyakarta,2024-10-17,12:55:00,14:25:00,Bisnis,253606,Waiting
JKA01062,UNKNOWN,KA18,Cirebon,Yogyakarta,2024-01-08,09:05:00,15:40:00,Ekonomi,403588,Terlambat
JKA01108,UNKNOWN,KA145,Cirebon,Yogyakarta,2024-09-25,19:55:00,16:35:00,Ekonomi,395815,Waiting
JKA00879,UNKNOWN,KA476,Semarang Tawang,Yogyakarta,2025-07-27,13:45:00,07:25:00,Bisnis,253267,Waiting
JKA00596,Gajayana,KA512,Malang,Yogyakarta,2024-10-04,06:00:00,12:10:00,Eksekutif,499549,Waiting
JKA00729,Gaya Baru Malam,KA917,Cirebon,Yogyakarta,2025-03-26,05:00:00,07:50:00,Eksekutif,503154,Waiting
JKA01709,Jayabaya,UNKNOWN,Malang,Yogyakarta,2025-03-02,19:35:00,05:45:00,Ekonomi,254625,Tepat Waktu
JKA01232,Jayabaya,KA495,Surabaya Pasarturi,Yogyakarta,2024-10-27,18:30:00,20:00:00,Ekonomi,195155,Dibatalkan
JKA01305,Kaligung,UNKNOWN,Bandung,Yogyakarta,2025-03-07,09:20:00,22:30:00,Ekonomi,750309,Tepat Waktu
JKA02030,Kertajaya,KA411,Jakarta Kota,Yogyakarta,2025-06-19,13:25:00,18:10:00,Bisnis,504629,Waiting
JKA01922,Kertajaya,KA397,Madiun,Yogyakarta,2024-10-27,22:25:00,19:35:00,Ekonomi,74806,Waiting
JKA01612,Kertajaya,KA297,Kediri,Yogyakarta,2024-06-26,00:30:00,11:30:00,Bisnis,253033,Waiting
JKA00498,Progo,KA480,Solo Balapan,Yogyakarta,2024-06-02,02:00:00,22:15:00,Bisnis,78810,Terlambat
JKA02179,Progo,KA680,Kediri,Yogyakarta,2024-11-30,09:45:00,10:25:00,Bisnis,197567,Terlambat
JKA01702,Progo,KA161,Purwokerto,Yogyakarta,2025-08-10,06:55:00,06:10:00,Ekonomi,748195,Tepat Waktu
JKA01016,Tawang Jaya,KA320,Solo Balapan,Yogyakarta,2024-08-06,11:05:00,14:40:00,Ekonomi,101250,Terlambat
JKA00132,Argo Bromo Anggrek,KA455,Surabaya Gubeng,Yogyakarta,2024-07-21,11:50:00,18:45:00,Eksekutif,70357,Waiting
JKA00535,Argo Bromo Anggrek,KA219,Malang,Yogyakarta,2024-07-02,13:50:00,03:35:00,Bisnis,497992,Terlambat
JKA01874,Argo Bromo Anggrek,KA652,Jember,Yogyakarta,2024-05-19,04:15:00,13:35:00,Eksekutif,46040,Terlambat
JKA00730,Argo Bromo Anggrek,KA963,Bandung,Yogyakarta,2025-01-08,23:55:00,17:15:00,Eksekutif,49346,Waiting
JKA00284,Argo Bromo Anggrek,KA855,Surabaya Pasarturi,Yogyakarta,2025-07-04,23:05:00,16:55:00,Ekonomi,748033,Terlambat
JKA00204,Argo Bromo Anggrek,KA475,Surabaya Pasarturi,Yogyakarta,2025-03-24,07:05:00,00:35:00,Ekonomi,300104,Dibatalkan
JKA02908,Argo Bromo Anggrek,KA139,Bandung,Yogyakarta,2024-11-13,13:10:00,13:45:00,Eksekutif,101089,Waiting
JKA01321,Argo Bromo Anggrek,KA541,Solo Balapan,Yogyakarta,2025-04-09,21:05:00,08:30:00,Ekonomi,745445,Waiting
JKA01923,Argo Bromo Anggrek,KA410,Kediri,Yogyakarta,2025-03-03,11:15:00,16:40:00,Eksekutif,204961,Terlambat
JKA02020,Argo Bromo Anggrek,KA466,Pasar Senen,Yogyakarta,2024-09-14,16:45:00,20:25:00,Bisnis,148129,Dibatalkan
JKA02149,Argo Parahyangan,KA428,Jakarta Kota,Yogyakarta,2025-05-13,17:25:00,12:10:00,Eksekutif,,Tepat Waktu
JKA01013,Argo Parahyangan,UNKNOWN,Gambir,Yogyakarta,2024-09-13,04:50:00,07:05:00,Ekonomi,747292,Waiting
JKA00872,Argo Parahyangan,KA321,Pasar Senen,Yogyakarta,2025-07-24,11:10:00,17:35:00,Eksekutif,204090,Tepat Waktu
JKA00511,Argo Parahyangan,KA209,Kediri,Yogyakarta,2024-12-20,12:10:00,00:50:00,Bisnis,99936,Waiting
JKA01525,Argo Parahyangan,KA934,Malang,Yogyakarta,2024-09-11,13:45:00,21:30:00,Eksekutif,103219,Terlambat
JKA01114,Argo Parahyangan,KA777,Cirebon,Yogyakarta,2025-06-28,12:35:00,23:00:00,Eksekutif,149593,Terlambat
JKA02167,Argo Parahyangan,KA871,Surabaya Pasarturi,Yogyakarta,2025-01-10,19:35:00,12:20:00,Eksekutif,76523,Dibatalkan
JKA02910,Argo Parahyangan,KA535,Purwokerto,Yogyakarta,2025-04-05,19:05:00,03:20:00,Eksekutif,96789,Dibatalkan
JKA01405,Argo Parahyangan,KA750,Bandung,Yogyakarta,2024-06-20,07:45:00,08:40:00,Eksekutif,49748,Dibatalkan
JKA02345,Argo Parahyangan,KA792,Semarang Tawang,Yogyakarta,2024-10-08,21:30:00,20:55:00,Eksekutif,201251,Tepat Waktu
JKA02556,Bengawan,KA719,Pasar Senen,Yogyakarta,2025-02-23,01:05:00,13:05:00,Eksekutif,302197,Tepat Waktu
JKA00135,Bengawan,KA958,Surabaya Gubeng,Yogyakarta,2024-04-12,21:15:00,17:55:00,Eksekutif,154432,Dibatalkan
JKA01277,Bengawan,KA874,Gambir,Yogyakarta,2024-11-23,21:45:00,14:15:00,Eksekutif,748204,Tepat Waktu
JKA00064,Bengawan,KA396,Kediri,Yogyakarta,2024-10-06,16:10:00,02:15:00,Ekonomi,51797,Waiting
JKA00928,Bengawan,KA429,Surabaya Gubeng,Yogyakarta,2024-02-28,11:15:00,00:25:00,Bisnis,504895,Terlambat
JKA02453,Bengawan,KA983,Surabaya Pasarturi,Yogyakarta,2024-08-17,04:10:00,05:35:00,Bisnis,75633,Waiting
JKA02883,Bengawan,KA990,Purwokerto,Yogyakarta,2024-02-26,07:55:00,12:25:00,Bisnis,98885,Waiting
JKA01862,Bengawan,KA17,Solo Balapan,Yogyakarta,2025-04-02,16:10:00,00:00:00,Eksekutif,249216,Dibatalkan
JKA02049,Bengawan,KA194,Cirebon,Yogyakarta,2024-12-07,17:25:00,06:25:00,Ekonomi,495903,Terlambat
JKA02853,Bengawan,KA178,Pasar Senen,Yogyakarta,2025-01-07,23:10:00,06:35:00,Eksekutif,395181,Tepat Waktu
JKA00457,Bengawan,KA533,Malang,Yogyakarta,2024-08-16,09:50:00,23:00:00,Ekonomi,146879,Tepat Waktu
JKA02458,Bengawan,KA592,Jakarta Kota,Yogyakarta,2024-10-24,14:50:00,02:35:00,Eksekutif,301421,Waiting
JKA00749,Bengawan,KA307,Jember,Yogyakarta,2024-03-04,08:40:00,13:35:00,Eksekutif,72946,Tepat Waktu
JKA02206,Bima,KA86,Semarang Tawang,Yogyakarta,2025-06-14,05:40:00,12:30:00,Eksekutif,77987,Terlambat
JKA02663,Bima,KA881,Surabaya Pasarturi,Yogyakarta,2024-04-05,23:10:00,08:50:00,Eksekutif,749197,Dibatalkan
JKA01930,Bima,KA894,Madiun,Yogyakarta,2025-05-06,02:00:00,08:35:00,UNKNOWN,399542,Tepat Waktu
JKA02002,Bima,KA616,Cirebon,Yogyakarta,2024-06-18,05:40:00,06:40:00,Bisnis,500331,Waiting
JKA02119,Gajayana,KA143,Malang,Yogyakarta,2024-08-21,13:05:00,23:00:00,Eksekutif,78176,Terlambat
JKA00013,Gajayana,KA107,Surabaya Pasarturi,Yogyakarta,2024-12-23,07:25:00,05:35:00,Ekonomi,495128,Waiting
JKA00734,Gajayana,KA765,Pasar Senen,Yogyakarta,2024-02-12,19:55:00,14:10:00,Bisnis,502170,Terlambat
JKA01643,Gajayana,KA156,Solo Balapan,Yogyakarta,2024-05-27,11:25:00,02:20:00,Ekonomi,252433,Tepat Waktu
JKA00103,Gaya Baru Malam,KA758,Solo Balapan,Yogyakarta,2025-08-22,02:45:00,07:55:00,Eksekutif,197526,Terlambat
JKA01867,Gaya Baru Malam,KA664,Surabaya Pasarturi,Yogyakarta,2024-01-03,15:00:00,10:55:00,Ekonomi,99589,Terlambat
JKA01219,Gaya Baru Malam,KA248,Bandung,Yogyakarta,2025-07-21,05:10:00,13:40:00,Ekonomi,147686,Waiting
JKA00460,Gaya Baru Malam,KA733,Gambir,Yogyakarta,2025-01-01,11:55:00,16:05:00,Bisnis,100764,Tepat Waktu
JKA00997,Gaya Baru Malam,KA703,Purwokerto,Yogyakarta,2024-09-21,14:35:00,19:55:00,Bisnis,500540,Terlambat
JKA00789,Gaya Baru Malam,KA139,Madiun,Yogyakarta,2024-06-21,12:55:00,07:25:00,Bisnis,72902,Waiting
JKA00315,Gaya Baru Malam,KA9,Bandung,Yogyakarta,2024-06-05,15:35:00,14:45:00,Bisnis,204329,Dibatalkan
JKA00720,Gaya Baru Malam,KA325,Jakarta Kota,Yogyakarta,2024-05-21,22:25:00,23:50:00,Ekonomi,254639,Waiting
JKA00980,Harina,KA353,Purwokerto,Yogyakarta,2025-07-05,02:20:00,12:15:00,Eksekutif,746202,Tepat Waktu
JKA00529,Harina,KA653,Madiun,Yogyakarta,2025-08-04,15:55:00,21:20:00,UNKNOWN,97400,Dibatalkan
JKA00057,Harina,KA773,Jakarta Kota,Yogyakarta,2024-08-29,04:20:00,05:45:00,Eksekutif,72902,Tepat Waktu
JKA01819,Harina,KA638,Semarang Tawang,Yogyakarta,2024-09-15,02:05:00,17:40:00,Bisnis,245220,Waiting
JKA02585,Jayabaya,KA912,Gambir,Yogyakarta,2024-11-01,22:05:00,21:55:00,UNKNOWN,496533,Terlambat
JKA02716,Jayabaya,UNKNOWN,Semarang Tawang,Yogyakarta,2024-07-09,12:55:00,14:10:00,Ekonomi,,Dibatalkan
JKA02503,Jayabaya,KA531,Surabaya Gubeng,Yogyakarta,2024-06-14,07:25:00,05:10:00,UNKNOWN,201480,Terlambat
JKA00039,Jayabaya,KA481,Gambir,Yogyakarta,2025-05-29,03:35:00,16:35:00,Bisnis,101717,Tepat Waktu
JKA00954,Jayabaya,KA269,Surabaya Pasarturi,Yogyakarta,2024-04-03,23:20:00,10:45:00,Eksekutif,54528,Tepat Waktu
JKA00386,Joglosemarkerto,KA36,Bandung,Yogyakarta,2024-07-03,17:35:00,03:00:00,Ekonomi,147641,Waiting
JKA02083,Joglosemarkerto,KA808,Malang,Yogyakarta,2024-12-25,03:50:00,18:50:00,Eksekutif,397083,Dibatalkan
JKA01961,Joglosemarkerto,KA548,Solo Balapan,Yogyakarta,2025-08-16,13:10:00,10:55:00,Eksekutif,,Terlambat
JKA01307,Joglosemarkerto,KA704,Bandung,Yogyakarta,2025-06-10,04:40:00,04:30:00,Eksekutif,747233,Tepat Waktu
JKA00505,Joglosemarkerto,KA478,Bandung,Yogyakarta,2025-03-30,08:45:00,22:40:00,Bisnis,50098,Dibatalkan
JKA01485,Joglosemarkerto,KA607,Pasar Senen,Yogyakarta,2024-10-17,04:25:00,05:30:00,Ekonomi,77157,Terlambat
JKA00425,Joglosemarkerto,KA851,Purwokerto,Yogyakarta,2024-03-26,02:20:00,02:20:00,Eksekutif,303597,Terlambat
JKA02440,Joglosemarkerto,KA538,Pasar Senen,Yogyakarta,2024-08-21,15:10:00,09:20:00,Ekonomi,76421,Terlambat
JKA02240,Kahuripan,KA658,Jember,Yogyakarta,2024-03-11,10:10:00,16:45:00,Bisnis,504441,Waiting
JKA01309,Kahuripan,KA570,Pasar Senen,Yogyakarta,2024-09-25,17:50:00,07:25:00,Eksekutif,295295,Waiting
JKA01927,Kahuripan,KA122,Madiun,Yogyakarta,2024-05-15,19:30:00,06:35:00,Ekonomi,302727,Terlambat
JKA00407,Kahuripan,KA194,Solo Balapan,Yogyakarta,2025-04-01,23:55:00,11:10:00,Eksekutif,397973,Terlambat
JKA02568,Kahuripan,KA671,Semarang Tawang,Yogyakarta,2024-12-03,03:35:00,10:30:00,Eksekutif,204862,Terlambat
JKA02324,Kahuripan,KA403,Purwokerto,Yogyakarta,2025-07-26,02:30:00,04:10:00,Bisnis,246767,Terlambat
JKA02295,Kahuripan,KA594,Gambir,Yogyakarta,2025-06-10,02:15:00,00:40:00,Bisnis,154584,Tepat Waktu
JKA00081,Kahuripan,KA209,Malang,Yogyakarta,2025-06-20,04:50:00,01:45:00,Bisnis,52225,Waiting
JKA01042,Kahuripan,KA370,Surabaya Pasarturi,Yogyakarta,2024-02-25,07:30:00,20:50:00,Bisnis,149533,Waiting
JKA01228,Kahuripan,KA489,Jember,Yogyakarta,2025-07-16,04:15:00,22:10:00,Eksekutif,49401,Waiting
JKA02758,Kaligung,KA990,Jakarta Kota,Yogyakarta,2025-01-25,05:15:00,01:35:00,Eksekutif,403426,Terlambat
JKA02048,Kaligung,KA434,Solo Balapan,Yogyakarta,2024-03-18,05:20:00,18:50:00,Bisnis,203094,Terlambat
JKA00907,Kaligung,KA333,Pasar Senen,Yogyakarta,2025-08-04,02:25:00,04:00:00,Ekonomi,245188,Waiting
JKA02649,Kaligung,KA952,Pasar Senen,Yogyakarta,2024-11-24,07:25:00,20:55:00,Eksekutif,249427,Tepat Waktu
JKA02886,Kaligung,KA867,Jakarta Kota,Yogyakarta,2024-08-31,03:30:00,02:00:00,Bisnis,498388,Waiting
JKA02890,Kaligung,KA217,Malang,Yogyakarta,2024-06-04,15:25:00,16:15:00,Bisnis,746948,Waiting
JKA01779,Kaligung,KA544,Semarang Tawang,Yogyakarta,2025-01-04,00:20:00,09:30:00,Bisnis,252266,Terlambat
JKA00908,Kaligung,KA762,Purwokerto,Yogyakarta,2024-05-27,13:15:00,12:00:00,Ekonomi,75454,Waiting
JKA02529,Kaligung,KA456,Cirebon,Yogyakarta,2025-06-03,02:00:00,11:35:00,Ekonomi,70173,Terlambat
JKA02844,Kaligung,KA450,Bandung,Yogyakarta,2025-05-30,10:00:00,12:35:00,Bisnis,745900,Tepat Waktu
JKA01848,Kertajaya,KA42,Solo Balapan,Yogyakarta,2024-09-18,04:30:00,14:10:00,Eksekutif,404934,Tepat Waktu
JKA02554,Kertajaya,KA334,Gambir,Yogyakarta,2025-02-17,22:25:00,09:35:00,Bisnis,204882,Waiting
JKA01827,Kertajaya,KA499,Purwokerto,Yogyakarta,2025-06-01,13:40:00,00:00:00,Eksekutif,303260,Terlambat
JKA01341,Kertajaya,KA837,Semarang Tawang,Yogyakarta,2024-07-11,18:05:00,16:10:00,Bisnis,148148,Waiting
JKA02374,Kertajaya,KA762,Surabaya Gubeng,Yogyakarta,2025-07-19,11:35:00,03:55:00,Bisnis,204402,Waiting
JKA02437,Kertajaya,KA633,Gambir,Yogyakarta,2025-07-24,08:00:00,14:40:00,Eksekutif,101201,Dibatalkan
JKA00998,Lodaya,KA337,Surabaya Pasarturi,Yogyakarta,2024-08-05,15:50:00,19:45:00,Ekonomi,52917,Tepat Waktu
JKA02913,Lodaya,KA284,Pasar Senen,Yogyakarta,2024-01-18,21:00:00,07:45:00,Eksekutif,199005,Terlambat
JKA02985,Lodaya,KA545,Madiun,Yogyakarta,2025-05-09,09:45:00,09:50:00,Ekonomi,251818,Terlambat
JKA02708,Lodaya,KA992,Malang,Yogyakarta,2025-08-15,03:40:00,09:00:00,Eksekutif,202326,Terlambat
JKA02045,Lodaya,KA635,Jakarta Kota,Yogyakarta,2024-10-14,04:45:00,17:00:00,Bisnis,303446,Waiting
JKA00313,Malabar,KA489,Kediri,Yogyakarta,2024-08-04,02:55:00,21:05:00,Ekonomi,45095,Waiting
JKA01857,Malabar,KA743,Gambir,Yogyakarta,2025-02-05,10:35:00,22:20:00,Ekonomi,301468,Terlambat
JKA00602,Malabar,KA644,Surabaya Pasarturi,Yogyakarta,2025-08-23,10:00:00,01:25:00,Ekonomi,100165,Tepat Waktu
JKA01142,Malabar,KA213,Pasar Senen,Yogyakarta,2024-04-18,22:15:00,01:05:00,Bisnis,754801,Waiting
JKA02573,Malabar,KA631,Jakarta Kota,Yogyakarta,2024-01-15,22:50:00,11:40:00,Bisnis,148656,Tepat Waktu
JKA02301,Malabar,KA185,Jakarta Kota,Yogyakarta,2024-09-05,13:15:00,12:35:00,Eksekutif,47340,Terlambat
JKA01146,Malabar,KA67,Gambir,Yogyakarta,2024-10-13,11:00:00,14:30:00,Bisnis,71933,Waiting
JKA00584,Malabar,KA753,Kediri,Yogyakarta,2025-02-15,04:30:00,14:15:00,Eksekutif,400180,Terlambat
JKA02990,Malabar,KA668,Purwokerto,Yogyakarta,2024-07-29,23:35:00,16:05:00,Bisnis,74493,Waiting
JKA00557,Malabar,KA789,Cirebon,Yogyakarta,2025-05-13,07:40:00,02:55:00,Bisnis,402085,Waiting
JKA01319,Malabar,KA919,Pasar Senen,Yogyakarta,2024-03-23,13:05:00,05:35:00,Ekonomi,49447,Waiting
JKA01795,Matarmaja,KA486,Surabaya Pasarturi,Yogyakarta,2024-08-10,06:40:00,23:35:00,Eksekutif,197605,Terlambat
JKA01766,Matarmaja,KA382,Bandung,Yogyakarta,2025-08-19,02:15:00,03:05:00,Bisnis,145831,Terlambat
JKA01409,Matarmaja,KA809,Surabaya Pasarturi,Yogyakarta,2024-05-01,12:55:00,14:40:00,Eksekutif,50028,Terlambat
JKA00583,Matarmaja,KA394,Solo Balapan,Yogyakarta,2025-04-26,17:50:00,09:45:00,Eksekutif,148558,Waiting
JKA00426,Matarmaja,KA761,Kediri,Yogyakarta,2025-03-23,22:45:00,00:40:00,Eksekutif,747369,Waiting
JKA02667,Matarmaja,KA815,Jember,Yogyakarta,2024-08-25,07:25:00,02:15:00,Bisnis,97828,Waiting
JKA02595,Matarmaja,KA862,Bandung,Yogyakarta,2025-05-31,13:05:00,08:55:00,Eksekutif,754293,Waiting
JKA01417,Matarmaja,KA754,Gambir,Yogyakarta,2025-01-26,04:35:00,15:50:00,Eksekutif,254740,Dibatalkan
JKA00056,Matarmaja,KA342,Semarang Tawang,Yogyakarta,2025-04-16,02:30:00,07:30:00,Ekonomi,76484,Terlambat
JKA02121,Mutiara Selatan,KA731,Surabaya Pasarturi,Yogyakarta,2025-01-26,06:15:00,20:40:00,Bisnis,300613,Terlambat
JKA01127,Mutiara Selatan,KA769,Madiun,Yogyakarta,2024-09-02,17:40:00,01:05:00,Eksekutif,497165,Waiting
JKA00272,Mutiara Selatan,KA293,Surabaya Pasarturi,Yogyakarta,2024-09-23,15:25:00,01:10:00,Ekonomi,397725,Terlambat
JKA00368,Mutiara Selatan,UNKNOWN,Madiun,Yogyakarta,2024-09-20,14:20:00,09:30:00,Eksekutif,247238,Terlambat
JKA01873,Mutiara Selatan,KA898,Jember,Yogyakarta,2025-06-15,05:25:00,16:35:00,Ekonomi,,Tepat Waktu
JKA00271,Mutiara Selatan,KA672,Pasar Senen,Yogyakarta,2025-04-30,13:35:00,09:15:00,Eksekutif,153513,Dibatalkan
JKA00124,Mutiara Selatan,KA465,Kediri,Yogyakarta,2025-07-03,12:45:00,09:55:00,Bisnis,145948,Tepat Waktu
JKA02423,Pasundan,KA265,Bandung,Yogyakarta,2024-04-02,11:25:00,01:05:00,Ekonomi,149136,Waiting
JKA00612,Pasundan,KA786,Jember,Yogyakarta,2025-01-17,23:40:00,10:55:00,Eksekutif,104506,Dibatalkan
JKA02154,Pasundan,KA216,Pasar Senen,Yogyakarta,2025-03-27,11:20:00,05:20:00,Bisnis,245024,Waiting
JKA02925,Pasundan,KA565,Semarang Tawang,Yogyakarta,2024-04-10,11:15:00,18:20:00,Eksekutif,195159,Dibatalkan
JKA00415,Pasundan,KA740,Semarang Tawang,Yogyakarta,2024-03-21,02:00:00,04:10:00,Bisnis,103641,Tepat Waktu
JKA00475,Pasundan,KA701,Malang,Yogyakarta,2024-09-21,08:35:00,07:50:00,Bisnis,745812,Terlambat
JKA00514,Progo,KA132,Solo Balapan,Yogyakarta,2024-06-16,21:40:00,14:05:00,Bisnis,76626,Dibatalkan
JKA01696,Progo,KA486,Purwokerto,Yogyakarta,2025-06-06,13:05:00,15:20:00,Eksekutif,304899,Dibatalkan
JKA00141,Progo,KA99,Purwokerto,Yogyakarta,2025-03-20,01:05:00,06:15:00,Bisnis,503849,Terlambat
JKA00401,Progo,KA761,Solo Balapan,Yogyakarta,2024-09-15,11:25:00,03:05:00,Bisnis,497134,Dibatalkan
JKA02366,Progo,KA713,Kediri,Yogyakarta,2024-10-27,18:30:00,08:15:00,UNKNOWN,49106,Waiting
JKA00940,Progo,KA78,Surabaya Pasarturi,Yogyakarta,2024-03-08,12:10:00,20:05:00,Eksekutif,246602,Tepat Waktu
JKA02145,Progo,KA101,Pasar Senen,Yogyakarta,2024-08-01,03:20:00,05:20:00,Bisnis,395204,Waiting
JKA00746,Progo,KA170,Jakarta Kota,Yogyakarta,2024-11-26,05:15:00,18:45:00,Ekonomi,395240,Dibatalkan
JKA00380,Progo,KA830,Surabaya Pasarturi,Yogyakarta,2024-02-05,09:40:00,08:55:00,Bisnis,153110,Tepat Waktu
JKA01933,Serayu,KA464,Surabaya Gubeng,Yogyakarta,2025-02-23,09:50:00,09:00:00,Eksekutif,301000,Tepat Waktu
JKA01630,Sancaka,KA482,Jember,Yogyakarta,2024-01-05,03:25:00,17:05:00,Eksekutif,148657,Waiting
JKA00230,Sancaka,KA768,Gambir,Yogyakarta,2024-02-03,10:05:00,03:30:00,Bisnis,204747,Tepat Waktu
JKA00798,Sancaka,UNKNOWN,Gambir,Yogyakarta,2024-07-12,22:10:00,20:45:00,Eksekutif,253592,Tepat Waktu
JKA01834,Sancaka,KA735,Malang,Yogyakarta,2024-05-18,15:45:00,01:30:00,Eksekutif,249256,Tepat Waktu
JKA00862,Sancaka,KA533,Gambir,Yogyakarta,2025-02-12,14:00:00,12:20:00,Eksekutif,497935,Dibatalkan
JKA00656,Sancaka,KA874,Solo Balapan,Yogyakarta,2025-03-12,23:10:00,03:20:00,Ekonomi,496123,Tepat Waktu
JKA00824,Sancaka,KA315,Kediri,Yogyakarta,2024-01-19,05:30:00,21:00:00,Ekonomi,396574,Terlambat
JKA00571,Sancaka,KA193,Cirebon,Yogyakarta,2024-12-11,21:40:00,14:05:00,Ekonomi,150991,Tepat Waktu
JKA02383,Sancaka,KA579,Jakarta Kota,Yogyakarta,2024-12-30,20:05:00,20:55:00,Eksekutif,98203,Tepat Waktu
JKA02951,Sembrani,KA443,Madiun,Yogyakarta,2025-04-19,21:05:00,02:00:00,Ekonomi,103543,Waiting
JKA02805,Sembrani,KA253,Surabaya Pasarturi,Yogyakarta,2024-10-25,03:50:00,21:30:00,Ekonomi,96195,Waiting
JKA01864,Sembrani,KA65,Purwokerto,Yogyakarta,2024-08-09,11:45:00,20:15:00,Ekonomi,73648,Terlambat
JKA02419,Sembrani,KA276,Solo Balapan,Yogyakarta,2024-03-14,22:30:00,21:35:00,Ekonomi,153280,Dibatalkan
JKA01287,Sembrani,KA21,Jakarta Kota,Yogyakarta,2025-04-19,22:40:00,12:00:00,Eksekutif,399527,Terlambat
JKA01806,Sembrani,KA765,Jember,Yogyakarta,2025-02-15,23:40:00,10:00:00,Ekonomi,196497,Dibatalkan
JKA02534,Serayu,KA700,Pasar Senen,Yogyakarta,2025-01-30,05:10:00,09:05:00,Bisnis,150269,Terlambat
JKA01209,Serayu,KA747,Jember,Yogyakarta,2025-08-16,14:00:00,08:10:00,UNKNOWN,146097,Tepat Waktu
JKA01239,Serayu,KA30,Malang,Yogyakarta,2024-02-26,07:25:00,10:05:00,Eksekutif,99072,Waiting
JKA02131,Serayu,KA986,Pasar Senen,Yogyakarta,2025-05-15,13:10:00,06:15:00,Ekonomi,750695,Dibatalkan
JKA00983,Serayu,KA57,Semarang Tawang,Yogyakarta,2024-12-12,12:20:00,22:45:00,Eksekutif,148878,Terlambat
JKA00622,Serayu,KA943,Surabaya Pasarturi,Yogyakarta,2025-02-04,11:00:00,03:40:00,Ekonomi,495145,Dibatalkan
JKA02548,Serayu,KA389,Jakarta Kota,Yogyakarta,2024-07-23,04:10:00,01:20:00,Bisnis,102813,Terlambat
JKA01976,Taksaka,KA485,Purwokerto,Yogyakarta,2024-02-13,14:45:00,08:25:00,Ekonomi,71163,Tepat Waktu
JKA01594,Taksaka,KA695,Kediri,Yogyakarta,2024-06-10,18:50:00,19:20:00,Ekonomi,98424,Dibatalkan
JKA02668,Taksaka,KA449,Jakarta Kota,Yogyakarta,2024-10-11,01:35:00,01:40:00,Ekonomi,74544,Dibatalkan
JKA02557,Taksaka,KA409,Madiun,Yogyakarta,2024-01-25,10:15:00,14:55:00,Ekonomi,404800,Tepat Waktu
JKA00693,Taksaka,KA188,Solo Balapan,Yogyakarta,2025-04-11,10:55:00,03:10:00,Ekonomi,250829,Terlambat
JKA01987,Taksaka,KA714,Semarang Tawang,Yogyakarta,2024-03-09,18:55:00,20:00:00,Bisnis,72198,Dibatalkan
JKA01327,Tawang Jaya,KA449,Malang,Yogyakarta,2025-06-25,23:30:00,23:15:00,Eksekutif,502915,Waiting
JKA02388,Tawang Jaya,KA707,Madiun,Yogyakarta,2025-07-31,17:50:00,20:35:00,Ekonomi,198016,Terlambat
JKA00926,Tawang Jaya,KA460,Gambir,Yogyakarta,2025-07-30,10:20:00,21:40:00,Bisnis,398046,Waiting
JKA02100,Tawang Jaya,KA955,Pasar Senen,Yogyakarta,2024-04-14,11:15:00,10:00:00,Eksekutif,754477,Terlambat
JKA01831,Tawang Jaya,KA80,Bandung,Yogyakarta,2025-03-04,00:20:00,10:25:00,Ekonomi,73849,Waiting
JKA00147,Tawang Jaya,KA778,Surabaya Gubeng,Yogyakarta,2024-11-03,10:20:00,19:50:00,Bisnis,398463,Tepat Waktu
JKA02647,Tawang Jaya,KA305,Bandung,Yogyakarta,2024-04-21,04:10:00,18:20:00,Ekonomi,,Terlambat
JKA02706,Tawang Jaya,KA881,Cirebon,Yogyakarta,2025-08-22,15:55:00,08:25:00,Eksekutif,251875,Tepat Waktu
JKA00970,Tawang Jaya,KA237,Jember,Yogyakarta,2024-05-01,22:45:00,15:15:00,Ekonomi,301735,Terlambat
JKA02385,Turangga,KA503,Surabaya Gubeng,Yogyakarta,2024-06-23,01:40:00,20:35:00,Bisnis,45205,Tepat Waktu
JKA01549,Turangga,KA652,Jakarta Kota,Yogyakarta,2024-09-29,14:55:00,04:05:00,Eksekutif,73402,Terlambat
JKA02164,Turangga,KA359,Gambir,Yogyakarta,2025-01-24,07:35:00,11:00:00,Eksekutif,399830,Waiting
JKA02185,Turangga,KA140,Gambir,Yogyakarta,2024-04-12,07:30:00,10:45:00,Ekonomi,154078,Terlambat
JKA02089,Turangga,KA897,Surabaya Pasarturi,Yogyakarta,2025-07-07,01:05:00,12:55:00,Bisnis,502376,Waiting
JKA02695,Turangga,KA149,Gambir,Yogyakarta,2024-11-01,23:10:00,21:50:00,Ekonomi,245042,Tepat Waktu
JKA02505,Turangga,KA417,Gambir,Yogyakarta,2024-04-09,21:55:00,07:40:00,Eksekutif,301807,Terlambat
JKA02974,Turangga,KA713,Solo Balapan,Yogyakarta,2024-05-29,07:45:00,12:20:00,Ekonomi,249382,Waiting
JKA01856,Turangga,KA471,Malang,Yogyakarta,2024-01-20,11:45:00,08:20:00,Eksekutif,296264,Waiting
JKA01148,Turangga,KA615,Surabaya Pasarturi,Yogyakarta,2025-08-14,01:50:00,07:35:00,Bisnis,302090,Tepat Waktu
