id_jadwal,nama_kereta,nomor_kereta,stasiun_asal,stasiun_tujuan,tanggal_berangkat,jam_berangkat,jam_tiba,kelas,harga_tiket,status
JKA02526,Argo Parahyangan,KA296,Bandung,Cirebon,22-10-2024,13.05,17:05,Bisnis ,70191,TERLAMBAT
JKA01563,Malabar,KA234,Purwokerto,Pasar Senen,2025-01-03,16.30,13:05,Bisnis ,199474,TERLAMBAT
JKA01099,BRANTAS,KA347,Kediri,Gambir,2024-05-24,17:30,02:20:00, Eksekutif,Rp50.236,
JKA00575,Sembrani,KA936,Jakarta Kota,Surabaya Gubeng,15 Jan 2025,1:10,19.15,eksekutif,750074,-
jka01310,Bengawan,KA231,Malang,Jakarta Kota,15-04-2024,05:00:00,14:50,Bisnis ,52721,Terlambat
JKA02494,Serayu,KA844,Cirebon,Jakarta Kota,2025-01-25,02:25,02:35,Bisnis ,502182,Tepat Waktu
JKA00447,Serayu,KA723,Cirebon,Madiun,18 Feb 2025,12:05,23.55,eksekutif,147802,Dibatalkan
JKA02298,Tawang Jaya,KA216,Surabaya Gubeng,Malang,24/02/2025,05.30,19:20,Bisnis ,247107,TERLAMBAT
JKA00430,Turangga,KA925,Semarang Tawang,Kediri,20 Apr 2025,20:55:00,0:25,EKONOMI,199384,
JKA02263,Matarmaja,KA266,Gambir,Purwokerto,09-06-2024,09:10:00,01:00:00,Bisnis,504423,TERLAMBAT
JKA01772,  Joglosemarkerto  ,KA987,Solo Balapan,Purwokerto,2025-05-20,20:50:00,06:15,Eksekutif,746131,Tepat Waktu
JKA00269,Serayu,KA434,Kediri,Surabaya Gubeng,21-05-2024,07:40,20:35, Eksekutif,150250,-
JKA01418,Malabar,,Semarang Tawang,Jakarta Kota,01-09-2024,14.20,20:00,Ekonomi,50972,TERLAMBAT
JKA02192,Sembrani,KA667,Cirebon,Malang,14-06-2024,10:45:00,18:40,Bisnis,200568,
JKA02414,Kahuripan,KA696,Jakarta Kota,Bandung,19 Mar 2024,01.55,21:35,EKONOMI,97375,Dibatalkan
JKA01453,Argo Parahyangan,KA992,Yogyakarta,Malang,15/10/2024,02:10:00,13.30,eksekutif,47875,tepat waktu
JKA00453,Bima,KA255,Jakarta Kota,Jember,28/07/2025,02.55,4:55,eksekutif,Rp746.322,Dibatalkan
JKA02037,Gajayana,KA729,Pasar Senen,Madiun,10/11/2024,11:00:00,9:15,Eksekutif,154745,-
JKA01527,Gaya Baru Malam,KA469,Purwokerto,Pasar Senen,05-03-2025,17:25:00,08:45, Eksekutif,70894,tepat waktu
JKA02852,Lodaya,KA279,Kediri,Malang,28/04/2025,10.40,01:00, Eksekutif,Rp298.063,
JKA01980,Serayu,KA256,Solo Balapan,Surabaya Gubeng,25/02/2024,10:35,21:40,EKONOMI,70930,tepat waktu
JKA01103,Brantas,KA144,Jakarta Kota,Cirebon,19 Mar 2025,06:45:00,19.40,Bisnis,79137,Dibatalkan
JKA00150,Argo Bromo Anggrek,KA990,Surabaya Pasarturi,Madiun,08 Oct 2024,12:25:00,08:15:00,Ekonomi,Rp501.506,-
JKA00313,Malabar,KA489,Kediri,Yogyakarta,04/08/2024,02.55,21:05:00,EKONOMI,Rp45.095,-
JKA01954,  Turangga  ,KA832,Cirebon,Jakarta Kota,11/07/2025,00:35,0:00,eksekutif,400726,Terlambat
JKA01832,Bima,KA446,Surabaya Pasarturi,Madiun,15/09/2024,06:05:00,17:10:00,Bisnis,50764,tepat waktu
JKA02456,TURANGGA,KA751,Surabaya Gubeng,Kediri,2024-01-03,02:00,01:35:00,EKONOMI,146915,Terlambat
JKA00240,Bima,KA175,Pasar Senen,Semarang Tawang,05/02/2025,22.50,10:35:00,Eksekutif,77787,
JKA02119,Gajayana,KA143,Malang,Yogyakarta,21-08-2024,13.05,23.00,Eksekutif,78176,Terlambat
JKA00744,Argo Parahyangan,KA725,Malang,Bandung,2024-09-15,00.55,18:15, Eksekutif,749416,
JKA02062,,KA510,Bandung,Pasar Senen,02/08/2025,11:15,20:00,EKONOMI,746205,tepat waktu
JKA00889,Kaligung,KA381,Yogyakarta,Gambir,01-10-2024,02:00,22:55:00,Bisnis ,749458,Dibatalkan
JKA02684,Sancaka,KA558,Solo Balapan,Surabaya Pasarturi,18-06-2024,00:20:00,08:35,Bisnis ,399795,
JKA01641,SERAYU,KA568,Yogyakarta,Jakarta Kota,05 Jan 2025,05.40,12:35,eksekutif,146278,
JKA00678,Sembrani,KA433,Surabaya Pasarturi,Semarang Tawang,16/07/2025,05:00:00,15:15, Eksekutif,146464,Tepat Waktu
JKA00874,Mutiara Selatan,KA115,Yogyakarta,Cirebon,12-08-2025,12:50:00,08:25,N/A,Rp754.422,Tepat Waktu
JKA01540,LODAYA,KA365,Bandung,Pasar Senen,24-04-2024,21:00:00,11.20,Ekonomi,503161,Dibatalkan
JKA01057,Progo,KA109,Madiun,Malang,20-08-2025,16.40,13.30,EKONOMI,754795,Dibatalkan
JKA02556,Bengawan,KA719,Pasar Senen,Yogyakarta,23 Feb 2025,1:05,13:05,eksekutif,302197,Tepat Waktu
JKA00555,Taksaka,KA915,Yogyakarta,Malang,13/06/2024,12:10:00,12:45,Bisnis,246155,Terlambat
JKA01715,Turangga,KA830,Surabaya Gubeng,Gambir,25 Apr 2025,7:45,13:30:00,Eksekutif,753184,
JKA01224,MUTIARA SELATAN,KA962,Surabaya Gubeng,Kediri,2024-07-06,15:00,10:05,none,502989,Terlambat
JKA01949,Matarmaja,KA770,Gambir,Malang,09/08/2025,11:10:00,10.30,Bisnis,53908,
JKA00190,Turangga,KA416,Jember,Madiun,25/08/2024,21.00,07:50,Bisnis,74520,tepat waktu
JKA00914,Tawang Jaya,KA108,Madiun,Jember,2025-03-10,7:35,03:55:00,Eksekutif,48319,Terlambat
JKA01706,Bengawan,KA570,Malang,Semarang Tawang,16-02-2025,11.00,17:05,Ekonomi,495172,-
JKA02246,,KA944,Purwokerto,Pasar Senen,2025-07-19,07:15,19:40,Eksekutif,201061,TERLAMBAT
JKA02863,Gajayana,KA454,Surabaya Pasarturi,Solo Balapan,09 Mar 2025,11.30,17:20,Ekonomi,104490,
JKA02574,Kertajaya,KA154,Malang,Surabaya Gubeng,22-06-2024,02.55,03:25:00,Eksekutif,398111,Terlambat
JKA00646,Joglosemarkerto,KA603,Solo Balapan,Jakarta Kota,18/03/2025,13:35,10:25,Ekonomi,152971,tepat waktu
JKA02379,Bima,,Jakarta Kota,Jember,13 Oct 2024,11:45,08:20:00,Ekonomi,77254,Dibatalkan
JKA02954,Serayu,,Gambir,Madiun,24/02/2025,19:50,18.55,Bisnis ,296498,
JKA01327,Tawang Jaya,KA449,Malang,Yogyakarta,25 Jun 2025,23:30,23:15,Eksekutif,502915,
JKA01963,Pasundan,KA357,Jember,Surabaya Gubeng,05 Nov 2024,0:45,18:25,eksekutif,Rp104.177,Dibatalkan
JKA00437,Kaligung,KA260,Solo Balapan,Cirebon,05-10-2024,19:05:00,13.15,Ekonomi,Rp77.363,TERLAMBAT
JKA02584,Bima,KA847,Yogyakarta,Madiun,01-01-2025,20:55,09:05:00,Bisnis,399509,-
JKA00948,MUTIARA SELATAN,KA96,Surabaya Gubeng,Cirebon,2024-03-17,23:05,7:25,EKONOMI,747910,NULL
JKA01102,Bengawan,KA76,Yogyakarta,Purwokerto,2025-03-15,11.45,14.55, Eksekutif,395061,Terlambat
JKA01375,  Taksaka  ,KA175,Yogyakarta,Madiun,23/04/2025,12:50:00,7:50,Ekonomi,302556,Terlambat
JKA00857,Bengawan,KA536,Kediri,Madiun,21 Jan 2024,15:35:00,03:50,eksekutif,254535,TERLAMBAT
JKA01756,Bima,KA401,Solo Balapan,Pasar Senen,07-06-2025,12:00,16.45,Eksekutif,247438,tepat waktu
JKA01054,Mutiara Selatan,KA931,Yogyakarta,Surabaya Pasarturi,2025-04-20,05:40,09:05,Bisnis,502526,Terlambat
JKA01956,JAYABAYA,KA849,Pasar Senen,Madiun,11 Jun 2025,22:05,05:25,Ekonomi,198795,-
JKA02499,Argo Bromo Anggrek,KA899,Gambir,Malang,25-02-2025,15:05:00,22.10,Bisnis,303983,Dibatalkan
JKA02916,Gajayana,KA371,Semarang Tawang,Purwokerto,02 Feb 2024,15:10,16:40,eksekutif,300737,tepat waktu
JKA00848,Kahuripan,KA783,Madiun,Cirebon,15/02/2025,13:15:00,21:55,Bisnis ,297823,-
JKA02752,Malabar,KA944,Semarang Tawang,Surabaya Gubeng,07 Mar 2025,18:15,13:15,Ekonomi,252289,Tepat Waktu
JKA02729,Gaya Baru Malam,KA198,Madiun,Jakarta Kota,2024-03-14,07:35:00,14:15,Eksekutif,47785,
JKA02149,Argo Parahyangan,KA428,Jakarta Kota,Yogyakarta,13 May 2025,17.25,12:10,Eksekutif,,Tepat Waktu
JKA02388,Tawang Jaya,KA707,Madiun,Yogyakarta,31 Jul 2025,17:50:00,20:35,Ekonomi,198016,TERLAMBAT
JKA02250,Mutiara Selatan,KA945,Semarang Tawang,Surabaya Gubeng,12/02/2025,15:35:00,13.25,EKONOMI,745746,Dibatalkan
JKA01161,Argo Bromo Anggrek,KA456,Malang,Solo Balapan,21 Apr 2025,17.35,0:20,Eksekutif,401901,TERLAMBAT
JKA01260,Malabar,KA92,Cirebon,Pasar Senen,21 Jun 2025,0:45,07:45,Bisnis ,151441,Dibatalkan
JKA02869,Progo,KA664,Cirebon,Jember,2024-08-15,17.35,19:45,Ekonomi,503674,
JKA00759,Bengawan,KA49,Cirebon,Gambir,23 Jan 2025,00:00,19.50, Eksekutif,99894,Terlambat
JKA00926,Tawang Jaya,KA460,Gambir,Yogyakarta,30/07/2025,10:20:00,21:40:00,Bisnis,398046,
JKA00357,Argo Parahyangan,KA583,Pasar Senen,Malang,21-12-2024,12:45,13:15,EKONOMI,302501,
JKA02562,Jayabaya,KA566,Pasar Senen,Purwokerto,2025-04-25,15:35:00,3:40,Ekonomi,296124,N/A
JKA02231,Serayu,KA588,Purwokerto,Madiun,22 Aug 2024,02:40,19.00,Bisnis ,752173,
JKA00135,Bengawan,KA958,Surabaya Gubeng,Yogyakarta,12/04/2024,21.15,17:55, Eksekutif,154432,Dibatalkan
JKA00046,Matarmaja,KA671,Gambir,Surabaya Pasarturi,2025-05-19,3:15,12.35,Bisnis ,501866,tepat waktu
JKA01055,Bengawan,KA592,Jakarta Kota,Solo Balapan,2024-07-11,07:40,01:50:00,Ekonomi,746821,
JKA01318,Bengawan,,Pasar Senen,Kediri,2025-07-15,22:45,02:20:00,Bisnis ,204975,Dibatalkan
JKA01169,Matarmaja,KA908,Bandung,Semarang Tawang,03-08-2024,20:10,15.40,Ekonomi,745948,-
JKA00957,,KA451,Solo Balapan,Gambir,2024-12-11,7:55,14:20:00,EKONOMI,499024,-
JKA01824,Malabar,KA797,Surabaya Gubeng,Jakarta Kota,15/08/2024,03:50:00,00.10,Eksekutif,747515,Tepat Waktu
JKA00132,Argo Bromo Anggrek,KA455,Surabaya Gubeng,Yogyakarta,21 Jul 2024,11:50,18.45, Eksekutif,70357,-
JKA01350,Tawang Jaya,KA23,Solo Balapan,Jember,2025-01-25,03:20:00,00:15:00,Eksekutif,78460,-
JKA00367,Lodaya,KA840,Purwokerto,Surabaya Gubeng,05 Oct 2024,02:25:00,12:10:00,eksekutif,303278,Terlambat
JKA00086,Gaya Baru Malam,KA810,Malang,Pasar Senen,17 May 2024,08:15,10:10:00,Bisnis ,,Dibatalkan
JKA01295,Serayu,KA653,Surabaya Pasarturi,Jakarta Kota,11-08-2024,21:00:00,22:15,eksekutif,77634,
JKA02423,PASUNDAN,KA265,Bandung,Yogyakarta,02/04/2024,11:25,1:05,Ekonomi,149136,-
JKA01152,SERAYU,KA441,Kediri,Cirebon,14-12-2024,04:40:00,06.20,Bisnis ,751585,tepat waktu
JKA01381,Sembrani,KA126,Surabaya Pasarturi,Solo Balapan,2025-03-13,09:45,06:35:00,Ekonomi,399525,TERLAMBAT
JKA00302,Jayabaya,KA539,Malang,Surabaya Gubeng,25/09/2024,01:30:00,19:20,Eksekutif,247787,-
JKA02872,Argo Bromo Anggrek,KA246,Gambir,Surabaya Pasarturi,31-08-2024,14:40,9:05,eksekutif,395391,Dibatalkan
JKA01717,Mutiara Selatan,KA806,Solo Balapan,Malang,2024-05-03,14.35,06:45:00,Bisnis,200172,TERLAMBAT
JKA02836,Pasundan,KA373,Pasar Senen,Cirebon,07/01/2025,14:10,14.35,Eksekutif,504138,tepat waktu
JKA01078,Turangga,KA893,Bandung,Kediri,2024-10-08,12:25,22:30:00,Ekonomi,102062,Terlambat
JKA02068,Joglosemarkerto,KA24,Jakarta Kota,Bandung,2024-05-14,12.30,16:05,Eksekutif,71053,-
JKA02629,Gajayana,KA845,Pasar Senen,Jember,08-04-2025,17:25,02:25:00,Ekonomi,295182,Terlambat
jka00423,Gajayana,KA940,Solo Balapan,Jakarta Kota,15/03/2024,12:35,11:35:00,Bisnis ,502616,Tepat Waktu
JKA01009,Brantas,KA148,Solo Balapan,Semarang Tawang,18-09-2024,3:10,08.20,Eksekutif,504645,Tepat Waktu
JKA00299,Argo Bromo Anggrek,KA964,Pasar Senen,Surabaya Pasarturi,2024-11-04,7:20,05.35, Eksekutif,295555,
JKA00101,Kahuripan,,Pasar Senen,Jember,13/02/2024,06:55:00,08:00,Bisnis ,Rp203.897,
JKA00752,Pasundan,KA249,Jember,Surabaya Pasarturi,2024-06-04,14:00,17:25,eksekutif,97618,
jka00509,Matarmaja,KA409,Pasar Senen,Bandung,10-07-2024,09:10:00,17:10,eksekutif,752478,-
JKA01013,Argo Parahyangan,,Gambir,Yogyakarta,13-09-2024,04:50,07.05,EKONOMI,747292,
JKA00441,Argo Parahyangan,KA175,Malang,Jakarta Kota,04-05-2024,19:05,07:00,Bisnis,75289,Terlambat
JKA02256,Gajayana,KA360,Surabaya Gubeng,Malang,23/12/2024,00.05,12:45,Ekonomi,296788,Tepat Waktu
JKA02199,SEMBRANI,KA758,Solo Balapan,Madiun,2024-05-08,16:00:00,22:55,Bisnis ,151698,Dibatalkan
JKA02044,,KA797,Jakarta Kota,Malang,04-03-2024,07.40,23:10:00,Eksekutif,253482,-
JKA00384,Tawang Jaya,KA231,Bandung,Kediri,19 Apr 2025,08:50:00,11:00,Eksekutif,71999,TERLAMBAT
JKA01176,Joglosemarkerto,KA261,Gambir,Madiun,25/07/2024,04:00,20:50:00, Eksekutif,204156,Terlambat
JKA00183,Tawang Jaya,KA165,Solo Balapan,Kediri,2024-12-04,15:50:00,15:15,Bisnis ,295367,TERLAMBAT
JKA01070,Sancaka,,Gambir,Surabaya Pasarturi,30 Mar 2024,14:40,3:25,EKONOMI,101653,
JKA00630,Brantas,KA363,Purwokerto,Cirebon,2024-03-02,03.25,9:30,Bisnis,154890,TERLAMBAT
JKA01144,Joglosemarkerto,KA710,Kediri,Pasar Senen,05 Apr 2024,12:40,2:15,N/A,398147,tepat waktu
JKA01528,Kahuripan,KA612,Semarang Tawang,Surabaya Gubeng,10 Apr 2025,1:05,8:45, Eksekutif,77064,-
JKA02195,Progo,KA577,Bandung,Madiun,2024-04-29,14:25,15:15,Ekonomi,498213,
JKA01459,Brantas,KA97,Surabaya Gubeng,Pasar Senen,01 Aug 2025,02.35,12:40,eksekutif,Rp304.914,TERLAMBAT
JKA00382,Joglosemarkerto,,Gambir,Jakarta Kota,07 Nov 2024,20:10,14:55:00,Ekonomi,98436,-
JKA02059,Mutiara Selatan,KA299,Solo Balapan,Gambir,2025-08-06,02:30,03.05, Eksekutif,,tepat waktu
JKA00872,Argo Parahyangan,KA321,Pasar Senen,Yogyakarta,2025-07-24,11:10:00,17:35,Eksekutif,204090,Tepat Waktu
JKA01972,Jayabaya,KA172,Surabaya Gubeng,Gambir,2025-04-10,01:40,13:45,Bisnis,154671,tepat waktu
JKA02832,Progo,KA168,Surabaya Gubeng,Malang,31/07/2024,12.55,6:35,Ekonomi,199488,Tepat Waktu
JKA02989,Taksaka,KA559,Gambir,Jakarta Kota,2024-06-23,11:15,16.00,Eksekutif,102520,tepat waktu
JKA01351,Sancaka,KA868,Surabaya Gubeng,Solo Balapan,02-06-2025,07:35:00,02:20,Bisnis,199467,N/A
JKA01615,Pasundan,KA975,Purwokerto,Solo Balapan,10 Mar 2025,12:15:00,20.55,eksekutif,103308,N/A
JKA01789,Kahuripan,KA510,Kediri,Gambir,05/04/2025,15:55:00,4:40,eksekutif,304368,TERLAMBAT
JKA02478,Gajayana,KA589,Kediri,Malang,2024-02-15,14.35,09:30,EKONOMI,149849,
JKA00627,Malabar,KA898,Purwokerto,Surabaya Gubeng,22-05-2024,06.50,22.40,Bisnis,404531,-
JKA01357,Tawang Jaya,KA641,Semarang Tawang,Malang,2025-02-18,23:55,01.20,EKONOMI,196472,Terlambat
JKA00017,Taksaka,KA447,Purwokerto,Jember,13-02-2025,00.05,05.45,Eksekutif,79774,Dibatalkan
JKA01914,Argo Bromo Anggrek,KA558,Pasar Senen,Jakarta Kota,2024-06-11,17:15:00,04:20:00,Ekonomi,500402,tepat waktu
JKA01780,Brantas,KA450,Solo Balapan,Semarang Tawang,30-06-2024,01:40,11.45,EKONOMI,50050,Tepat Waktu
JKA01403,Gajayana,KA649,Surabaya Gubeng,Jakarta Kota,05-09-2024,18:35,19:30:00,Eksekutif,70412,
JKA00041,Harina,KA262,Solo Balapan,Cirebon,03/07/2024,05:05:00,19:50,eksekutif,747344,tepat waktu
JKA00741,Sembrani,KA977,Surabaya Gubeng,Jember,13 Feb 2024,14:05,1:35,Ekonomi,70783,TERLAMBAT
JKA00760,Serayu,KA585,Solo Balapan,Gambir,30 Nov 2024,08:10,09:25:00, Eksekutif,253028,Tepat Waktu
JKA02553,Tawang Jaya,KA623,Jakarta Kota,Kediri,25-07-2024,07:35,05.05,eksekutif,145868,Tepat Waktu
JKA00728,Serayu,KA511,Bandung,Malang,19 Apr 2025,07:10:00,09:15,EKONOMI,249276,
JKA01182,,KA735,Purwokerto,Jember,27-02-2025,12:55,18.10, Eksekutif,498040,Terlambat
JKA00712,Pasundan,KA866,Bandung,Cirebon,06 Mar 2024,15:45:00,12:40, Eksekutif,754414,-
JKA00169,Mutiara Selatan,KA713,Gambir,Madiun,29/10/2024,17.00,14:05,Bisnis ,501371,
JKA02102,Bengawan,KA794,Yogyakarta,Purwokerto,04 Jan 2024,04:15,18:55,EKONOMI,201547,Tepat Waktu
JKA01601,  Malabar  ,KA161,Yogyakarta,Kediri,2025-03-08,12.35,22.05,Bisnis ,74865,tepat waktu
JKA00316,Kaligung,KA911,Malang,Solo Balapan,12 May 2025,07:55,16:00:00,EKONOMI,254064,tepat waktu
JKA00800,Kertajaya,KA56,Pasar Senen,Cirebon,06/05/2025,16.20,09:00,EKONOMI,97754,Tepat Waktu
JKA00972,Kahuripan,,Semarang Tawang,Solo Balapan,07/06/2024,06:25:00,12:40:00,Bisnis ,402388,
JKA02983,Mutiara Selatan,KA168,Bandung,Jember,2025-06-07,21:50:00,21.45,Eksekutif,146380,null
JKA01908,Sancaka,KA463,Surabaya Pasarturi,Madiun,2025-01-21,17:35,13:15,Ekonomi,748197,Terlambat
JKA02977,Brantas,KA580,Gambir,Semarang Tawang,26 Aug 2024,15:55:00,14:35,Bisnis ,152877,tepat waktu
JKA00925,Turangga,KA17,Bandung,Semarang Tawang,28-01-2025,20:35,15:50,Bisnis,77973,TERLAMBAT
JKA00535,Argo Bromo Anggrek,KA219,Malang,Yogyakarta,2024-07-02,13.50,03.35,Bisnis ,497992,Terlambat
JKA00431,Bima,KA440,Jember,Jakarta Kota,21-11-2024,05:45:00,07:40:00,Bisnis,751444,TERLAMBAT
JKA01840,Gaya Baru Malam,KA871,Surabaya Pasarturi,Surabaya Gubeng,13-11-2024,21.30,04.30,Eksekutif,248153,-
JKA02690,Joglosemarkerto,KA711,Surabaya Pasarturi,Gambir,29-01-2024,16.55,05:20,Ekonomi,149601,-
JKA01398,Bengawan,KA532,Malang,Cirebon,2025-08-02,16:05,01:50:00,Bisnis,197664,tepat waktu
JKA01083,Kertajaya,KA51,Solo Balapan,Surabaya Gubeng,20/02/2025,21:10:00,06:00,Eksekutif,,
JKA02346,Sancaka,KA183,Gambir,Pasar Senen,2024-01-14,06.35,06.35,eksekutif,70282,
JKA01637,Sancaka,KA194,Purwokerto,Malang,26/01/2024,21.40,20:20:00,EKONOMI,398037,
JKA02269,Gajayana,KA330,Yogyakarta,Solo Balapan,24/08/2024,13:55,03.20,Ekonomi,152779,Dibatalkan
JKA01803,Serayu,KA643,Kediri,Gambir,06-11-2024,01.05,23:15,Bisnis ,79374,
JKA00821,,KA108,Semarang Tawang,Purwokerto,20 Feb 2024,07:50:00,07:05,EKONOMI,49449,Dibatalkan
JKA00612,Pasundan,KA786,Jember,Yogyakarta,17-01-2025,23:40,10.55,eksekutif,104506,Dibatalkan
JKA01277,Bengawan,KA874,Gambir,Yogyakarta,23-11-2024,21:45:00,14:15:00, Eksekutif,748204,tepat waktu
JKA02862,Joglosemarkerto,KA773,Jember,Malang,30 Apr 2025,1:05,03:00:00,Bisnis,200956,Dibatalkan
JKA01088,Pasundan,KA819,Kediri,Pasar Senen,15 Apr 2024,19:40,15:55,eksekutif,71748,tepat waktu
JKA00405,Serayu,KA648,Jember,Surabaya Gubeng,2024-10-25,20.10,04:20,Bisnis ,Rp148.440,Dibatalkan
JKA01655,Matarmaja,KA236,Bandung,Malang,18/11/2024,08:50,7:25,eksekutif,299384,TERLAMBAT
JKA00864,Kaligung,KA865,Bandung,Cirebon,30/12/2024,00:25:00,09.05, Eksekutif,748138,-
JKA01925,Sancaka,KA852,Surabaya Gubeng,Pasar Senen,23-01-2024,09:15,21:10, Eksekutif,149500,
JKA01573,Bengawan,KA707,Pasar Senen,Gambir,27 Mar 2024,5:35,14:50:00,Bisnis,Rp103.986,
JKA00545,Taksaka,KA520,Cirebon,Madiun,2025-06-12,05:15,15.55,-,251801,
JKA02287,Mutiara Selatan,KA980,Madiun,Bandung,10 Jul 2024,08.50,09:15:00,eksekutif,303350,TERLAMBAT
JKA02111,Bima,KA707,Jember,Solo Balapan,22/06/2024,02:45,20:30:00,EKONOMI,400136,
JKA02607,Progo,KA393,Cirebon,Pasar Senen,02 Apr 2024,22.50,19:35, Eksekutif,752386,-
JKA01520,Kahuripan,KA200,Kediri,Pasar Senen,17/12/2024,15.05,11:35,Eksekutif,50834,
JKA02765,Progo,KA154,Jember,Surabaya Gubeng,2024-09-06,0:05,12.10,Eksekutif,498128,-
JKA02590,Bengawan,KA262,Kediri,Surabaya Pasarturi,22 Jul 2024,18.30,22:50:00,Bisnis ,398489,Terlambat
JKA01813,Sembrani,KA881,Cirebon,Bandung,2024-11-21,12:35:00,02:30:00,Bisnis,751649,TERLAMBAT
JKA01401,Bengawan,KA406,Yogyakarta,Gambir,28-04-2025,6:05,22.30,EKONOMI,146683,
JKA02224,Joglosemarkerto,KA617,Surabaya Pasarturi,Solo Balapan,14-12-2024,23:45,21:40:00,EKONOMI,204847,
jka02887,Matarmaja,KA854,Cirebon,Malang,11-06-2025,18:35,9:50,Bisnis ,54529,tepat waktu
JKA01804,Tawang Jaya,KA174,Kediri,Malang,11 May 2025,13.00,08.40,eksekutif,Rp100.190,Dibatalkan
JKA01531,Kaligung,KA653,Semarang Tawang,Pasar Senen,17/05/2025,13:50,22:15,Bisnis,196198,
JKA02917,Brantas,KA97,Bandung,Malang,18 May 2024,14:25,21.45,Ekonomi,146533,tepat waktu
JKA01346,Mutiara Selatan,KA505,Kediri,Solo Balapan,11 Dec 2024,9:20,19:50,Bisnis,Rp400.489,TERLAMBAT
JKA00751,Serayu,KA949,Surabaya Pasarturi,Purwokerto,20/07/2025,10:55:00,11:05:00,EKONOMI,Rp297.977,TERLAMBAT
JKA01545,,KA94,Solo Balapan,Surabaya Gubeng,29/08/2024,21:25,16.10,Bisnis,101279,TERLAMBAT
JKA01377,Turangga,KA725,Cirebon,Semarang Tawang,2024-10-13,15:30,19:50,EKONOMI,153120,
jka00442,Tawang Jaya,KA883,Kediri,Gambir,2024-04-23,09.05,10:55:00,Ekonomi,97257,Dibatalkan
JKA01011,Lodaya,KA917,Jakarta Kota,Surabaya Pasarturi,11/03/2024,08:50,18:30, Eksekutif,752792,
JKA02210,Harina,KA559,Semarang Tawang,Bandung,31-07-2024,21.30,01:40:00,Ekonomi,304218,Terlambat
JKA00718,Matarmaja,KA37,Jember,Bandung,31 Aug 2024,14:25,00.45, Eksekutif,96787,Tepat Waktu
JKA00635,Joglosemarkerto,KA320,Yogyakarta,Bandung,2025-07-20,08.05,14.10,Bisnis,299563,tepat waktu
JKA02536,Sembrani,KA237,Madiun,Surabaya Pasarturi,2025-08-21,22:50,09.25,eksekutif,201893,Terlambat
JKA00435,Argo Parahyangan,KA374,Semarang Tawang,Malang,2025-07-13,05.40,03:15,EKONOMI,53486,
JKA00422,Gajayana,KA44,Semarang Tawang,Jakarta Kota,20 Oct 2024,13:45,14.25,Ekonomi,76769,-
JKA02223,Taksaka,KA869,Malang,Gambir,2025-05-16,0:10,20:35:00, Eksekutif,99532,NaN
JKA00411,Taksaka,KA678,Yogyakarta,Solo Balapan,27-06-2025,19:10:00,04.50,EKONOMI,200707,tepat waktu
JKA00651,Gaya Baru Malam,KA152,Madiun,Jakarta Kota,27 Nov 2024,04:25:00,21:25,Eksekutif,99105,Dibatalkan
JKA02893,TAWANG JAYA,KA114,Madiun,Bandung,21 Mar 2025,08:30:00,16:00, Eksekutif,304089,Dibatalkan
JKA01825,Gaya Baru Malam,KA199,Yogyakarta,Solo Balapan,13/02/2024,14:25:00,23:40:00,eksekutif,151771,tepat waktu
JKA00326,Taksaka,KA706,Malang,Surabaya Gubeng,2025-04-01,11:50:00,18:40:00, Eksekutif,204573,tepat waktu
JKA02669,Gajayana,KA755,Surabaya Gubeng,Kediri,2024-07-17,02.30,22:20:00,eksekutif,252351,Dibatalkan
JKA01694,Progo,KA160,Surabaya Pasarturi,Pasar Senen,07 Feb 2025,11:55,19:20, Eksekutif,50657,tepat waktu
JKA00486,Taksaka,KA690,Pasar Senen,Gambir,2025-03-19,22.40,06:40,Bisnis ,49029,Terlambat
JKA02547,Jayabaya,KA446,Purwokerto,Jember,2025-07-02,15:15,15.05,eksekutif,150712,Dibatalkan
JKA01945,Sancaka,KA414,Surabaya Gubeng,Cirebon,01/04/2025,00:50,17:45:00, Eksekutif,254642,Dibatalkan
JKA02305,Kertajaya,KA525,Madiun,Surabaya Pasarturi,27-02-2025,22:40,20:00:00,Bisnis,500071,Tepat Waktu
JKA02095,Harina,KA200,Purwokerto,Surabaya Pasarturi,07/01/2025,13:30,15:45,Bisnis,195780,
JKA00008,Turangga,KA647,Purwokerto,Semarang Tawang,24 Mar 2025,3:15,02:25,EKONOMI,Rp498.770,
JKA02100,Tawang Jaya,KA955,Pasar Senen,Yogyakarta,14-04-2024,11:15,10:00,eksekutif,754477,TERLAMBAT
JKA00915,MALABAR,KA776,Surabaya Pasarturi,Pasar Senen,2025-05-01,07:05:00,23:05:00, Eksekutif,501798,-
JKA02225,KERTAJAYA,KA147,Purwokerto,Surabaya Gubeng,26-04-2025,11:55:00,17.25,Ekonomi,401332,NaN
JKA00699,PASUNDAN,KA75,Kediri,Jakarta Kota,30 May 2024,18:25,13.50,Eksekutif,501265,-
JKA02530,Argo Bromo Anggrek,KA969,Jakarta Kota,Surabaya Pasarturi,27-05-2024,01:25:00,06:05,eksekutif,101943,Tepat Waktu
JKA01711,Malabar,KA162,Kediri,Madiun,2025-02-03,13.15,05:25:00,Ekonomi,402810,-
JKA00844,Gajayana,KA116,Yogyakarta,Pasar Senen,19 May 2025,23:20,07:40:00,Bisnis,95351,Terlambat
JKA02072,Bima,KA394,Kediri,Jember,06/05/2025,18:40,21:10,Bisnis,746246,Terlambat
JKA01616,Argo Parahyangan,KA130,Cirebon,Surabaya Pasarturi,01/02/2024,15:25,11:50,Bisnis ,73291,Dibatalkan
JKA01722,Argo Bromo Anggrek,KA804,Madiun,Jakarta Kota,2025-06-29,00.50,10:40:00,Bisnis,150613,Dibatalkan
JKA01768,Turangga,KA191,Surabaya Gubeng,Malang,13-01-2024,17:35,15:45,Eksekutif,146828,TERLAMBAT
JKA01816,Argo Parahyangan,KA290,Jakarta Kota,Purwokerto,2025-02-28,22:40:00,01.30,EKONOMI,152705,Dibatalkan
JKA01456,Matarmaja,KA768,Pasar Senen,Malang,18-08-2025,06:10,22:40,Eksekutif,99446,tepat waktu
JKA01156,Argo Parahyangan,KA779,Jakarta Kota,Purwokerto,03-09-2024,22:35:00,23:10:00, Eksekutif,203424,tepat waktu
JKA01809,Gaya Baru Malam,KA998,Gambir,Kediri,21 May 2025,00:05:00,11:05,Eksekutif,402753,Dibatalkan
JKA01236,Argo Bromo Anggrek,KA333,Purwokerto,Gambir,18-03-2025,14:30,20.20,Bisnis,403245,-
JKA00066,Taksaka,KA999,Cirebon,Jember,17/01/2024,22.10,13.00,Bisnis,751825,TERLAMBAT
JKA00912,Argo Bromo Anggrek,KA240,Surabaya Pasarturi,Kediri,2024-10-16,03:05:00,06:40,EKONOMI,102595,tepat waktu
JKA01989,Gajayana,KA940,Madiun,Surabaya Pasarturi,01/12/2024,06.10,22:40,Bisnis ,99734,Tepat Waktu
JKA02485,Bengawan,KA314,Surabaya Gubeng,Semarang Tawang,21/06/2025,17.50,02.35,Bisnis ,95891,Tepat Waktu
JKA02413,Matarmaja,KA781,Solo Balapan,Semarang Tawang,18 Apr 2025,12.25,06.45,EKONOMI,104078,Terlambat
JKA00763,Serayu,KA904,Gambir,Kediri,2025-07-03,03:35:00,15:55:00,EKONOMI,98209,null
JKA02756,Matarmaja,KA329,Jakarta Kota,Kediri,05 Feb 2024,14:20:00,14:20,Bisnis,195106,Tepat Waktu
JKA01554,Sembrani,KA189,Solo Balapan,Bandung,05/05/2025,17.50,14:50,Bisnis,199492,Terlambat
JKA01383,Lodaya,KA877,Gambir,Kediri,27/01/2024,18:25:00,06:40,Eksekutif,46123,Dibatalkan
JKA02713,Sembrani,KA242,Madiun,Pasar Senen,08/04/2025,18:05,19:40:00,eksekutif,149070,-
JKA02157,Kahuripan,KA422,Bandung,Jember,2024-05-05,19.45,05:40,eksekutif,498852,Tepat Waktu
JKA01630,Sancaka,KA482,Jember,Yogyakarta,05 Jan 2024,03.25,17.05,Eksekutif,148657,
JKA01007,Gaya Baru Malam,KA428,Kediri,Solo Balapan,16/07/2024,00:45:00,04:15:00, Eksekutif,70830,
JKA02098,Malabar,KA88,Madiun,Pasar Senen,08/05/2024,23:55,12:55,Bisnis,195487,TERLAMBAT
JKA00826,Pasundan,KA593,Semarang Tawang,Surabaya Gubeng,31-07-2024,06:05,20.30,Ekonomi,145505,
JKA00960,Kertajaya,KA860,Solo Balapan,Surabaya Gubeng,2024-07-10,2:30,18:50,eksekutif,154506,TERLAMBAT
JKA02740,Turangga,KA617,Surabaya Gubeng,Gambir,06-02-2024,21:15:00,04:25:00,EKONOMI,75457,-
JKA02042,Sembrani,KA992,Purwokerto,Solo Balapan,05-05-2025,12:10:00,11.20,Bisnis ,195227,-
JKA01817,Lodaya,KA919,Yogyakarta,Malang,2025-06-26,05:35:00,08:25,Bisnis,45782,Tepat Waktu
JKA00018,Argo Bromo Anggrek,KA714,Purwokerto,Madiun,20-07-2024,13.05,19:25,Bisnis ,203308,tepat waktu
JKA02871,Gaya Baru Malam,KA630,Gambir,Jember,10/05/2024,12:05:00,07:20,Ekonomi,201385,Dibatalkan
JKA01541,Malabar,KA936,Jember,Surabaya Gubeng,2024-11-20,14:45,20:40:00,Bisnis ,73957,tepat waktu
JKA01728,Serayu,KA395,Pasar Senen,Gambir,23-08-2024,12:45,21:10,Ekonomi,46657,tepat waktu
JKA02628,Malabar,KA519,Kediri,Madiun,04-05-2024,8:20,21:15,Ekonomi,195679,NaN
JKA00201,Progo,KA931,Pasar Senen,Surabaya Pasarturi,15 Jul 2025,4:55,18:45:00,Bisnis ,752126,Dibatalkan
JKA02951,Sembrani,KA443,Madiun,Yogyakarta,19 Apr 2025,21.05,02.00,Ekonomi,103543,-
JKA01965,Pasundan,KA658,Kediri,Bandung,26/02/2025,02.35,02:35,Bisnis,247352,NULL
JKA01082,  Gaya Baru Malam  ,KA711,Surabaya Gubeng,Purwokerto,26/06/2025,02:20:00,17:50, Eksekutif,148163,Terlambat
JKA02166,Gaya Baru Malam,KA365,Solo Balapan,Malang,28/01/2025,05:30:00,12:05:00,Ekonomi,,
JKA00567,Bengawan,KA200,Jember,Purwokerto,23-08-2025,00:45,22:25, Eksekutif,71042,-
JKA00261,  Taksaka  ,KA626,Yogyakarta,Pasar Senen,01-04-2024,13:55:00,22:10,Bisnis,203570,Terlambat
JKA02819,Lodaya,KA987,Jember,Bandung,15-11-2024,20:15,21:20, Eksekutif,148322,Terlambat
JKA02612,,KA520,Jakarta Kota,Yogyakarta,2024-02-23,12:25:00,20.35,-,74864,Tepat Waktu
JKA01026,Progo,KA378,Yogyakarta,Cirebon,30 May 2024,07:05:00,17:55,Bisnis ,47239,TERLAMBAT
JKA02837,Kaligung,KA566,Madiun,Surabaya Gubeng,25/06/2025,16:40,12:35,Eksekutif,752456,
JKA00301,Joglosemarkerto,KA898,Jakarta Kota,Cirebon,24-02-2025,14:35,08.10, Eksekutif,198254,NULL
JKA00680,Harina,KA79,Kediri,Pasar Senen,31-05-2025,9:20,2:40,EKONOMI,753847,
JKA00131,Brantas,KA876,Cirebon,Gambir,08-08-2024,4:05,11:30,Bisnis ,199262,tepat waktu
JKA02642,ARGO PARAHYANGAN,KA645,Malang,Bandung,25 Jan 2025,04.15,20.10,Bisnis,46980,NULL
JKA01750,Kertajaya,KA377,Solo Balapan,Semarang Tawang,2025-03-09,5:20,06:25:00,eksekutif,399711,Tepat Waktu
JKA01633,Gaya Baru Malam,KA839,Surabaya Pasarturi,Purwokerto,14/06/2025,10:10:00,20:45,Bisnis ,78529,Tepat Waktu
JKA00311,Jayabaya,KA862,Semarang Tawang,Malang,17/08/2024,15:40,09:35:00,Eksekutif,399921,Dibatalkan
JKA00756,Bengawan,KA108,Jember,Cirebon,2025-07-13,17:40,12:35,Eksekutif,196304,
JKA02775,,KA535,Kediri,Pasar Senen,2024-08-02,13:55:00,01.05,Eksekutif,49942,TERLAMBAT
JKA02860,Malabar,,Jember,Semarang Tawang,2024-11-16,01:40:00,14:05:00,Ekonomi,301191,tepat waktu
JKA01546,Joglosemarkerto,KA615,Purwokerto,Surabaya Pasarturi,2024-06-12,04.20,06:25,eksekutif,,-
JKA01946,Matarmaja,KA566,Madiun,Solo Balapan,2025-04-23,06:10:00,03:40:00,Ekonomi,502405,
JKA00175,Argo Bromo Anggrek,KA391,Gambir,Purwokerto,2024-03-05,22.05,16.05, Eksekutif,204937,tepat waktu
JKA02086,Turangga,KA407,Madiun,Gambir,08-03-2025,01:30:00,20.05,EKONOMI,499152,Terlambat
JKA00122,Mutiara Selatan,KA654,Jakarta Kota,Purwokerto,04/11/2024,16:45,23.30,Bisnis ,48921,tepat waktu
JKA01198,  Gaya Baru Malam  ,KA472,Cirebon,Jakarta Kota,2025-02-01,00:05:00,11:45,Bisnis ,Rp46.718,tepat waktu
JKA00610,Progo,KA443,Madiun,Surabaya Gubeng,11-04-2025,08:00:00,2:55,Bisnis,Rp76.513,tepat waktu
JKA01555,Bengawan,KA528,Bandung,Semarang Tawang,30 Oct 2024,23.15,03.35,eksekutif,150137,
JKA00424,Pasundan,KA959,Malang,Bandung,12 Oct 2024,1:40,15:10,Ekonomi,745513,Tepat Waktu
JKA02685,BIMA,KA24,Bandung,Solo Balapan,2024-02-08,05.50,22:05,Eksekutif,295864,Tepat Waktu
JKA00978,Harina,KA195,Kediri,Cirebon,2024-07-02,04.55,19:55,EKONOMI,153448,Tepat Waktu
JKA00522,Sancaka,KA585,Solo Balapan,Kediri,24-01-2024,17:55:00,7:30,eksekutif,747023,Tepat Waktu
JKA00065,Bima,KA114,Jakarta Kota,Malang,22 May 2024,14:45,02.00,Bisnis,103991,tepat waktu
JKA02777,Tawang Jaya,KA329,Malang,Jakarta Kota,14/03/2024,14.45,08:55,Eksekutif,145356,Terlambat
JKA00258,Argo Bromo Anggrek,KA501,Kediri,Madiun,13 Feb 2024,03:15:00,21:40,Bisnis ,Rp748.817,Terlambat
JKA00221,KERTAJAYA,KA919,Purwokerto,Semarang Tawang,29-12-2024,07.40,01.50,eksekutif,54092,Dibatalkan
JKA01639,TAKSAKA,KA10,Pasar Senen,Surabaya Gubeng,21 Dec 2024,7:00,5:40,eksekutif,398125,TERLAMBAT
JKA01076,Bengawan,KA251,Semarang Tawang,Solo Balapan,13 Aug 2024,02.05,04.45,Bisnis,,-
JKA00035,Sembrani,KA845,Semarang Tawang,Solo Balapan,22-05-2025,21:30,14.05,Ekonomi,246899,TERLAMBAT
JKA00006,Malabar,KA166,Surabaya Pasarturi,Solo Balapan,10 Jun 2024,00.55,16:10, Eksekutif,203317,null
JKA01486,Tawang Jaya,KA437,Semarang Tawang,Madiun,08/07/2024,17:50,17:10,eksekutif,147726,-
JKA01369,Joglosemarkerto,KA276,Purwokerto,Jember,10/06/2025,17.20,12:50,Bisnis,252976,Tepat Waktu
JKA01060,Progo,KA159,Malang,Solo Balapan,21/06/2024,16:55,3:25,Bisnis,147340,TERLAMBAT
JKA01469,Brantas,KA820,Malang,Surabaya Pasarturi,2025-05-06,3:10,12:45,Ekonomi,247002,Terlambat
JKA02952,Pasundan,KA80,Gambir,Semarang Tawang,21-04-2024,09:55:00,8:05,eksekutif,104163,Terlambat
JKA02978,Gajayana,KA758,Cirebon,Surabaya Pasarturi,17-02-2025,1:05,06:25:00,EKONOMI,97856,TERLAMBAT
JKA02945,Progo,KA375,Cirebon,Solo Balapan,10/09/2024,03:20,18.30,Bisnis,196011,tepat waktu
JKA02488,Joglosemarkerto,KA516,Semarang Tawang,Kediri,2024-02-14,18:45,08:00:00,Bisnis ,45898,tepat waktu
JKA01674,Turangga,KA925,Bandung,Solo Balapan,10 Oct 2024,2:25,22.30,Bisnis,97312,Dibatalkan
JKA01889,Turangga,KA318,Semarang Tawang,Jakarta Kota,2025-05-31,22:00,17:20,NULL,Rp101.179,-
JKA01532,Malabar,KA254,Jakarta Kota,Malang,2025-03-27,23:35,13:00,eksekutif,201182,Terlambat
JKA02186,Bengawan,KA116,Kediri,Jember,01-03-2025,15.50,9:45,Bisnis ,48622,Tepat Waktu
JKA02717,Argo Bromo Anggrek,KA822,Malang,Bandung,02 Oct 2024,08:25,00:45:00,Eksekutif,299380,Tepat Waktu
JKA02758,Kaligung,KA990,Jakarta Kota,Yogyakarta,25/01/2025,05:15,01.35,eksekutif,403426,Terlambat
JKA01936,Jayabaya,KA232,Surabaya Pasarturi,Madiun,28 May 2024,13:40:00,2:50,eksekutif,404349,Terlambat
JKA02496,Mutiara Selatan,KA852,Madiun,Gambir,14/05/2024,05:35,01:55:00, Eksekutif,147064,N/A
jka01675,Malabar,KA664,Cirebon,Madiun,2025-03-29,19.40,01.40,Bisnis,399948,
JKA01822,Turangga,KA992,Surabaya Pasarturi,Cirebon,29/03/2024,20:25,18:15:00,eksekutif,749704,Terlambat
JKA02952,Pasundan,KA80,Gambir,Semarang Tawang,21-04-2024,09:55:00,8:05,eksekutif,104163,Terlambat
JKA02442,Gaya Baru Malam,KA895,Madiun,Purwokerto,2024-07-01,08.25,09:20:00,Bisnis,,Tepat Waktu
JKA02995,Argo Parahyangan,KA586,Gambir,Solo Balapan,2024-05-01,22:10:00,15:20:00, Eksekutif,Rp752.694,Dibatalkan
JKA00162,Gaya Baru Malam,,Semarang Tawang,Gambir,21/06/2025,21:25,13:50,eksekutif,251305,TERLAMBAT
JKA02048,Kaligung,KA434,Solo Balapan,Yogyakarta,18/03/2024,05:20:00,18:50,Bisnis,203094,TERLAMBAT
JKA01941,Sembrani,KA451,Semarang Tawang,Bandung,2024-05-14,12:45,21:50:00,Eksekutif,75714,
JKA01253,Harina,KA791,Jakarta Kota,Bandung,07-07-2024,02.50,16:45, Eksekutif,196675,
JKA02183,Matarmaja,KA835,Semarang Tawang,Jakarta Kota,20-09-2024,20.40,23:20:00,Ekonomi,402566,-
JKA00303,Turangga,KA298,Surabaya Pasarturi,Madiun,21 May 2025,4:30,19.15,Bisnis ,151853,Tepat Waktu
JKA01106,Sembrani,KA379,Semarang Tawang,Cirebon,03 May 2025,14:10:00,10:45:00,eksekutif,195408,TERLAMBAT
JKA02392,Joglosemarkerto,KA272,Cirebon,Jember,2024-02-29,03:00:00,7:40,Bisnis,199446,
JKA01847,Kertajaya,KA29,Purwokerto,Jember,21-03-2024,08:20:00,17:40, Eksekutif,402466,
JKA00268,  Jayabaya  ,KA373,Purwokerto,Bandung,29-01-2025,16.00,13:20, Eksekutif,75500,-
JKA01857,Malabar,KA743,Gambir,Yogyakarta,05-02-2025,10:35:00,22:20:00,Ekonomi,301468,Terlambat
JKA01163,Sancaka,KA316,Yogyakarta,Solo Balapan,2025-03-16,20:50,01:20:00,Eksekutif,746289,
JKA02651,ARGO BROMO ANGGREK,KA245,Solo Balapan,Surabaya Gubeng,09-08-2025,16.20,08:25,Bisnis ,247963,Dibatalkan
JKA00471,Bengawan,KA848,Surabaya Gubeng,Bandung,16/01/2025,01:15:00,20:35,-,395553,Dibatalkan
JKA02057,  Argo Bromo Anggrek  ,KA506,Semarang Tawang,Purwokerto,03 Oct 2024,16:00,22:15, Eksekutif,198460,Dibatalkan
JKA00960,Kertajaya,KA860,Solo Balapan,Surabaya Gubeng,2024-07-10,2:30,18:50,eksekutif,154506,TERLAMBAT
JKA01513,Serayu,KA749,Surabaya Pasarturi,Purwokerto,2025-01-23,18:05,03.00,Eksekutif,397574,Dibatalkan
JKA01771,Sembrani,KA789,Madiun,Pasar Senen,01-07-2025,15:35,10:40:00,Bisnis ,248591,tepat waktu
JKA01335,Tawang Jaya,KA679,Madiun,Purwokerto,25 Mar 2024,03.20,9:05,EKONOMI,247628,
JKA01556,Tawang Jaya,KA279,Cirebon,Solo Balapan,01 Dec 2024,0:00,22:15:00,Bisnis ,247514,-
JKA01880,Bengawan,KA31,Jember,Bandung,2024-04-03,14.05,19:55,Bisnis,295420,TERLAMBAT
JKA02144,Matarmaja,KA91,Cirebon,Jakarta Kota,08-06-2025,18:55,07:55:00,Bisnis ,503159,TERLAMBAT
JKA02384,  Kahuripan  ,KA525,Semarang Tawang,Bandung,2024-01-24,21:10,15:45, Eksekutif,252595,
JKA02825,SANCAKA,KA830,Gambir,Jakarta Kota,20-01-2024,15:55,18:20,eksekutif,252099,Tepat Waktu
JKA00893,Gaya Baru Malam,KA508,Gambir,Purwokerto,07/04/2025,05:05,06:40:00,EKONOMI,53344,tepat waktu
JKA01474,Bengawan,KA166,Bandung,Semarang Tawang,2025-05-26,06:20:00,11:30,Bisnis ,76750,-
JKA00064,Bengawan,KA396,Kediri,Yogyakarta,06 Oct 2024,16:10:00,02:15:00,Ekonomi,51797,
JKA01521,Pasundan,KA164,Malang,Jakarta Kota,2024-08-21,04:45:00,06:20,Bisnis ,203473,
JKA00907,Kaligung,KA333,Pasar Senen,Yogyakarta,04 Aug 2025,02:25,04.00,EKONOMI,245188,
JKA00601,Bengawan,KA458,Solo Balapan,Madiun,12-01-2024,8:15,09:00,Bisnis ,296289,Terlambat
JKA01473,Kahuripan,KA884,Semarang Tawang,Surabaya Pasarturi,21/08/2025,03:00,16:05:00,EKONOMI,746861,
JKA00665,Mutiara Selatan,KA657,Pasar Senen,Bandung,06-03-2025,20:45:00,00:05:00,EKONOMI,149144,
jka01477,Sancaka,KA125,Malang,Semarang Tawang,2025-02-12,12:40,19:25:00,Ekonomi,78663,Dibatalkan
JKA01511,Progo,KA485,Madiun,Purwokerto,2025-06-04,18:50:00,06.25, Eksekutif,197154,-
JKA00015,Bima,KA417,Cirebon,Jember,31 May 2024,04.00,11.00,Bisnis,146684,
JKA01560,Mutiara Selatan,KA807,Pasar Senen,Purwokerto,05-01-2024,06:40:00,16.10,Bisnis ,53673,Dibatalkan
JKA02296,LODAYA,KA585,Semarang Tawang,Gambir,10-04-2025,18:25,9:20, Eksekutif,102225,
JKA02771,Brantas,KA830,Surabaya Gubeng,Gambir,2025-01-27,00.40,10:50:00,Eksekutif,196985,Tepat Waktu
JKA00244,Harina,KA241,Cirebon,Jember,17/02/2025,09.00,17:00,Bisnis ,500885,Tepat Waktu
JKA01906,Sembrani,,Solo Balapan,Jakarta Kota,08 Nov 2024,06:05,12.40,EKONOMI,101627,-
JKA01519,Gaya Baru Malam,KA170,Madiun,Malang,16/06/2025,19:30,02:25,Eksekutif,47260,
JKA00974,Mutiara Selatan,KA554,Jakarta Kota,Gambir,2024-10-18,06:20,00:15:00,Ekonomi,Rp103.905,TERLAMBAT
JKA01964,Sancaka,KA943,Purwokerto,Kediri,27 Jul 2025,12:30,08.00, Eksekutif,77247,Dibatalkan
JKA01843,Jayabaya,,Gambir,Surabaya Pasarturi,28 Apr 2025,04:20:00,23:20:00,Bisnis,498458,TERLAMBAT
JKA02242,Matarmaja,KA231,Bandung,Cirebon,10 Jul 2024,20.00,08:40:00,Ekonomi,502732,Terlambat
JKA02956,,KA63,Jakarta Kota,Semarang Tawang,12-04-2025,19:55,18:25,EKONOMI,495474,
JKA00574,Bengawan,KA47,Purwokerto,Madiun,15/02/2024,3:35,07.55,N/A,153114,Tepat Waktu
JKA01548,Lodaya,KA961,Surabaya Pasarturi,Malang,2025-02-11,14:10:00,11:35,Ekonomi,250078,tepat waktu
JKA02950,Brantas,KA652,Semarang Tawang,Solo Balapan,2025-02-26,19:00,16.40, Eksekutif,196124,
JKA01561,Bima,KA697,Yogyakarta,Semarang Tawang,03/04/2025,15.15,22:30,eksekutif,49431,-
JKA01915,Gaya Baru Malam,KA562,Madiun,Solo Balapan,11-07-2024,20:05,13:40,eksekutif,252774,TERLAMBAT
JKA00854,Turangga,KA863,Bandung,Gambir,2024-11-25,10.10,7:40,EKONOMI,50820,tepat waktu
JKA02290,Kahuripan,KA541,Surabaya Pasarturi,Kediri,2024-03-27,18:30:00,02.50,EKONOMI,98112,tepat waktu
JKA00544,Lodaya,KA214,Yogyakarta,Solo Balapan,04/10/2024,06:25,04:35, Eksekutif,295416,-
JKA02614,Sembrani,KA720,Solo Balapan,Kediri,2025-01-08,23:55,13:50:00,Ekonomi,496667,tepat waktu
JKA00198,Gajayana,KA980,Cirebon,Surabaya Gubeng,13/08/2025,09.25,21:40:00, Eksekutif,396284,-
JKA02540,Argo Bromo Anggrek,KA744,Bandung,Kediri,2025-03-07,03:55,17:55, Eksekutif,77230,TERLAMBAT
JKA02116,Harina,KA125,Cirebon,Jember,10/12/2024,19:20:00,07:00:00,Bisnis ,103528,Dibatalkan
JKA00343,Bengawan,KA598,Madiun,Cirebon,31/03/2025,07:10,01.10,EKONOMI,303407,Dibatalkan
JKA02845,Pasundan,KA553,Bandung,Surabaya Pasarturi,05-05-2024,12:55,15:25:00,Eksekutif,54273,Dibatalkan
JKA01918,Pasundan,KA521,Jember,Pasar Senen,14 Mar 2024,03:55,07:35:00,Bisnis,104651,
JKA00615,,KA975,Yogyakarta,Jakarta Kota,2024-07-11,16:05:00,04.05,Bisnis,299962,
JKA02490,Sancaka,KA228,Solo Balapan,Gambir,29/12/2024,06:40,08:45:00,Eksekutif,197975,-
JKA02972,Jayabaya,KA147,Semarang Tawang,Bandung,11 Aug 2025,06:50,20:00,NULL,753475,Tepat Waktu
JKA01709,  Jayabaya  ,,Malang,Yogyakarta,2025-03-02,19:35:00,05:45,Ekonomi,254625,tepat waktu
JKA02630,Joglosemarkerto,KA813,Malang,Kediri,21/03/2025,11:15,08:35, Eksekutif,70189,Tepat Waktu
JKA01261,Sancaka,KA417,Semarang Tawang,Surabaya Gubeng,2024-03-07,11:35:00,07:05,Eksekutif,53746,null
JKA00003,Argo Parahyangan,KA664,Bandung,Jakarta Kota,2024-08-26,12:20:00,20:25,Ekonomi,248432,-
JKA00682,Argo Parahyangan,KA472,Kediri,Cirebon,2025-01-19,17:55,20:35,eksekutif,148938,
JKA01725,Jayabaya,KA100,Pasar Senen,Purwokerto,18 Aug 2024,6:40,12:20:00,Bisnis,99987,-
JKA00335,Bima,KA17,Pasar Senen,Solo Balapan,03-08-2024,21.25,22.35,NULL,250597,Dibatalkan
JKA02838,Progo,KA97,Bandung,Cirebon,08 Jul 2025,5:50,01:50:00,Ekonomi,252755,-
JKA02707,Kertajaya,KA356,Cirebon,Jakarta Kota,2024-11-14,20:10:00,09.25,EKONOMI,102546,-
JKA01795,Matarmaja,KA486,Surabaya Pasarturi,Yogyakarta,10-08-2024,6:40,23.35, Eksekutif,197605,Terlambat
JKA02278,Malabar,KA589,Madiun,Solo Balapan,12 Aug 2024,8:05,05.30,eksekutif,100247,-
JKA01752,Bengawan,KA420,Surabaya Pasarturi,Solo Balapan,26/03/2025,2:50,14:05:00, Eksekutif,196514,-
JKA01686,Malabar,,Yogyakarta,Kediri,2024-02-22,02:50,9:00,EKONOMI,199045,Terlambat
JKA00372,  Progo  ,KA462,Bandung,Kediri,03 Mar 2025,20:20:00,05.10,Bisnis,98244,Tepat Waktu
JKA02528,Progo,KA142,Jember,Surabaya Gubeng,2024-02-05,19.20,3:00,Ekonomi,199102,Dibatalkan
JKA01305,  Kaligung  ,,Bandung,Yogyakarta,2025-03-07,09:20:00,22.30,EKONOMI,750309,tepat waktu
JKA01345,Kertajaya,KA508,Solo Balapan,Purwokerto,08/09/2024,07:15:00,01:00:00,Eksekutif,253567,TERLAMBAT
JKA00928,Bengawan,KA429,Surabaya Gubeng,Yogyakarta,28-02-2024,11.15,00:25,Bisnis ,504895,TERLAMBAT
JKA02054,Kertajaya,KA151,Yogyakarta,Kediri,26 Feb 2025,6:45,20:00:00, Eksekutif,49501,Dibatalkan
JKA01493,Argo Bromo Anggrek,KA428,Yogyakarta,Surabaya Gubeng,25 Feb 2024,23.25,21:00,Bisnis,Rp496.565,-
JKA00232,Matarmaja,KA2,Jember,Cirebon,28/12/2024,19:45:00,16:55:00,eksekutif,104984,Terlambat
JKA00072,Pasundan,KA913,Malang,Surabaya Gubeng,05/05/2024,2:35,22:35, Eksekutif,250692,Dibatalkan
JKA02524,Taksaka,KA232,Madiun,Surabaya Pasarturi,24 Nov 2024,08:55,21.40,Eksekutif,399861,Tepat Waktu
JKA02924,Taksaka,KA722,Surabaya Pasarturi,Solo Balapan,27-09-2024,11.35,07:05,Eksekutif,101720,TERLAMBAT
JKA02376,Lodaya,KA472,Semarang Tawang,Cirebon,05/05/2024,23.15,06.05,Bisnis,252074,
JKA02710,Jayabaya,KA465,Pasar Senen,Semarang Tawang,09/03/2025,12:25,16:15:00,Eksekutif,202515,NaN
JKA01692,Harina,KA24,Cirebon,Pasar Senen,20 May 2025,18:05:00,17:50, Eksekutif,95333,Tepat Waktu
JKA01700,Malabar,KA253,Jakarta Kota,Madiun,26-02-2024,16:05,06.55, Eksekutif,152805,-
JKA01229,Harina,KA987,Bandung,Solo Balapan,04 Aug 2024,2:20,00.35, Eksekutif,399959,
JKA02453,Bengawan,KA983,Surabaya Pasarturi,Yogyakarta,2024-08-17,04:10:00,05.35,Bisnis,75633,
JKA01993,Sancaka,KA485,Pasar Senen,Madiun,03/01/2025,01:30,03:15,Eksekutif,200989,Terlambat
JKA01924,Bengawan,KA761,Jember,Gambir,2024-10-22,09:50,6:30,Ekonomi,502289,
JKA01006,Sembrani,KA614,Surabaya Pasarturi,Bandung,2025-02-01,12:55,23.15,EKONOMI,251566,none
JKA01831,Tawang Jaya,KA80,Bandung,Yogyakarta,04 Mar 2025,00:20,10:25:00,EKONOMI,73849,-
JKA01207,Sancaka,KA166,Gambir,Surabaya Pasarturi,12 Jul 2025,17.00,03:40:00, Eksekutif,748643,-
JKA02466,Progo,KA186,Cirebon,Solo Balapan,28 Mar 2025,16:15,14:25,eksekutif,,none
JKA01800,Taksaka,KA710,Bandung,Madiun,27-11-2024,11:30:00,7:05,eksekutif,45758,-
JKA01592,Mutiara Selatan,KA162,Pasar Senen,Kediri,13-05-2024,11.45,01.40, Eksekutif,748836,Dibatalkan
JKA00875,Brantas,KA962,Madiun,Bandung,07 Jul 2025,21.40,09.10,eksekutif,203431,
JKA01118,Jayabaya,KA426,Bandung,Malang,07-11-2024,11:25,22:35, Eksekutif,297223,Tepat Waktu
JKA01557,Sembrani,KA315,Semarang Tawang,Malang,12/01/2025,14:50,07:35:00,eksekutif,49473,tepat waktu
JKA02794,Kahuripan,KA404,Pasar Senen,Purwokerto,2025-05-04,17:15,16:50,eksekutif,48622,
JKA01874,Argo Bromo Anggrek,KA652,Jember,Yogyakarta,19 May 2024,04:15,13.35, Eksekutif,46040,Terlambat
JKA00709,Sancaka,KA667,Semarang Tawang,Purwokerto,2024-06-12,12.50,00:25:00,Eksekutif,201634,TERLAMBAT
JKA01913,Gaya Baru Malam,KA504,Jember,Solo Balapan,2024-04-11,10:30,07:00:00,eksekutif,495481,tepat waktu
JKA00325,Kaligung,KA597,Pasar Senen,Purwokerto,30/06/2025,11.20,21:55,Bisnis ,303514,TERLAMBAT
JKA02511,Gajayana,KA707,Surabaya Gubeng,Pasar Senen,29/04/2025,10:50,19:00,Eksekutif,76402,tepat waktu
JKA01743,  Progo  ,KA962,Yogyakarta,Purwokerto,18 Oct 2024,09.40,20:35,Eksekutif,147756,Dibatalkan
JKA01003,Serayu,KA678,Cirebon,Kediri,20-03-2024,19:55:00,01.45, Eksekutif,245232,
JKA02385,Turangga,KA503,Surabaya Gubeng,Yogyakarta,23-06-2024,01:40,20:35:00,Bisnis ,45205,Tepat Waktu
JKA02681,  Progo  ,KA636,Jember,Pasar Senen,26 Mar 2025,01.05,21.10,Bisnis ,99382,Terlambat
JKA00853,,KA764,Cirebon,Madiun,2025-06-23,20:10,03:55,Eksekutif,Rp152.077,
JKA01037,Argo Bromo Anggrek,KA417,Jember,Malang,2024-04-09,19:50:00,20.40,eksekutif,197111,
JKA02487,Argo Bromo Anggrek,KA218,Solo Balapan,Surabaya Pasarturi,10 Mar 2025,11:00,16.00,Bisnis ,196394,
JKA01668,Bengawan,KA719,Purwokerto,Surabaya Gubeng,2025-03-22,12:55,10.55,Eksekutif,101436,Tepat Waktu
JKA01661,Serayu,KA23,Surabaya Gubeng,Malang,2024-08-20,22:20,14:30,Eksekutif,500257,tepat waktu
JKA02370,Lodaya,KA375,Jember,Solo Balapan,2024-12-06,01.35,08.15,Bisnis,245023,
JKA00906,Jayabaya,KA56,Semarang Tawang,Cirebon,19-01-2024,21:30,01:00:00,EKONOMI,98589,Tepat Waktu
JKA01454,Bima,KA866,Pasar Senen,Gambir,04 Sep 2024,20:35,04.35,Eksekutif,45126,-
JKA01238,Progo,KA318,Malang,Surabaya Gubeng,2024-09-11,07:15,15.15,Ekonomi,148411,tepat waktu
JKA02852,Lodaya,KA279,Kediri,Malang,28/04/2025,10.40,01:00, Eksekutif,Rp298.063,
JKA01828,SEMBRANI,KA9,Jember,Kediri,17 Mar 2024,19:10,20:20,Bisnis ,754988,tepat waktu
JKA00947,Malabar,KA914,Yogyakarta,Cirebon,2024-01-12,19:55:00,12:10:00,Eksekutif,101715,
JKA01985,Gaya Baru Malam,KA533,Gambir,Jakarta Kota,20 Apr 2024,14:55:00,09:15:00,Eksekutif,Rp203.937,TERLAMBAT
JKA01796,Argo Bromo Anggrek,KA203,Jakarta Kota,Malang,01/05/2025,21:05:00,18:15,eksekutif,100861,Dibatalkan
JKA00212,Sancaka,KA454,Madiun,Bandung,13-08-2025,21:35:00,3:10,EKONOMI,303268,TERLAMBAT
JKA01765,Kahuripan,KA187,Kediri,Semarang Tawang,2024-08-19,18.25,22:55:00,eksekutif,754943,
JKA01791,Pasundan,KA399,Solo Balapan,Semarang Tawang,17 Aug 2024,15.35,04:20:00,Eksekutif,299717,none
JKA02747,Matarmaja,KA600,Gambir,Jember,2024-07-03,06.55,23:50,Bisnis ,96251,TERLAMBAT
JKA00653,Joglosemarkerto,KA937,Malang,Madiun,14-07-2025,17:35,09:25,eksekutif,746028,tepat waktu
JKA00708,,KA151,Kediri,Madiun,11 Jul 2025,12:50,14:35,eksekutif,398865,
JKA02679,Kahuripan,KA126,Surabaya Gubeng,Malang,27/11/2024,15.20,22:00,Eksekutif,304186,TERLAMBAT
JKA00378,Serayu,KA229,Kediri,Madiun,06/12/2024,18:45,20:25:00,Bisnis ,304206,Terlambat
JKA00004,Jayabaya,KA470,Semarang Tawang,Jakarta Kota,27/02/2024,01:25:00,8:05,EKONOMI,248483,-
JKA01978,Joglosemarkerto,KA2,Malang,Semarang Tawang,30/05/2024,10.25,20:30,Bisnis ,499399,Tepat Waktu
JKA02486,Sancaka,KA312,Yogyakarta,Malang,10/11/2024,17:15,22:30, Eksekutif,100526,Terlambat
JKA00178,Sembrani,KA447,Purwokerto,Surabaya Pasarturi,21/08/2025,18.45,10:30,Eksekutif,249033,-
JKA02127,,KA187,Purwokerto,Gambir,01-07-2024,18:30:00,16:45,Bisnis,500934,-
JKA00129,Argo Parahyangan,KA607,Surabaya Pasarturi,Bandung,14/02/2024,16.30,14:55,EKONOMI,78280,Tepat Waktu
JKA00611,Joglosemarkerto,KA573,Madiun,Malang,26-07-2024,00.50,06:15:00, Eksekutif,45722,tepat waktu
JKA01823,Tawang Jaya,KA491,Surabaya Pasarturi,Semarang Tawang,2025-03-06,11.00,03:20:00,Bisnis ,146766,TERLAMBAT
JKA02318,Lodaya,KA822,Surabaya Pasarturi,Solo Balapan,27-05-2025,07:10,23.00,Ekonomi,751341,tepat waktu
JKA01571,Argo Bromo Anggrek,KA288,Cirebon,Surabaya Pasarturi,26 Mar 2024,21:25,20.00,Bisnis ,50914,TERLAMBAT
JKA00833,Harina,KA229,Yogyakarta,Jakarta Kota,2024-05-08,07:00,09:20:00, Eksekutif,201250,TERLAMBAT
JKA00436,Malabar,KA288,Bandung,Semarang Tawang,18-07-2025,14:55:00,13:40:00,Bisnis,197833,-
JKA00158,Matarmaja,KA303,Madiun,Cirebon,30-04-2024,03:05:00,6:45, Eksekutif,203571,tepat waktu
JKA02237,Gajayana,KA951,Jakarta Kota,Bandung,2024-06-07,15:25,01:00:00,EKONOMI,746325,Dibatalkan
JKA00174,Gajayana,KA73,Pasar Senen,Madiun,2025-03-21,23:50,00.35,Eksekutif,71200,TERLAMBAT
JKA01376,Taksaka,KA424,Kediri,Bandung,2025-08-17,01:45,09:40:00,eksekutif,52247,Terlambat
JKA02773,Sancaka,KA491,Yogyakarta,Bandung,2024-10-02,12:05,22.05,Bisnis,,TERLAMBAT
JKA01688,Gajayana,KA729,Pasar Senen,Semarang Tawang,2024-07-10,03.20,13:00,Bisnis ,298106,tepat waktu
JKA00025,Kaligung,KA477,Semarang Tawang,Surabaya Gubeng,2024-03-11,0:15,0:45,Bisnis,102758,Terlambat
JKA00692,Harina,KA967,Semarang Tawang,Surabaya Gubeng,19 May 2025,13:30,16:55,Eksekutif,Rp101.988,Tepat Waktu
JKA02158,Turangga,KA201,Surabaya Pasarturi,Cirebon,2025-04-09,19:35,20.00,Eksekutif,748534,NULL
JKA01805,Kaligung,KA392,Bandung,Kediri,18-05-2025,8:05,15:35, Eksekutif,74916,
JKA02608,Taksaka,KA290,Surabaya Gubeng,Surabaya Pasarturi,09 Feb 2024,03:50:00,20:25,Eksekutif,400178,
JKA02674,Serayu,KA600,Yogyakarta,Purwokerto,12-06-2025,14.45,01.05,Ekonomi,76024,
JKA02326,Bengawan,KA215,Malang,Purwokerto,16/10/2024,00:25,21:25:00,EKONOMI,201609,tepat waktu
JKA02588,Kertajaya,KA906,Kediri,Jakarta Kota,28/05/2025,12:15,04.00,EKONOMI,76659,Tepat Waktu
JKA01565,Bima,KA610,Surabaya Gubeng,Jakarta Kota,08/02/2025,21.05,0:45,Eksekutif,102946,
JKA02452,Pasundan,KA996,Jakarta Kota,Surabaya Pasarturi,06-10-2024,18:05,17:25,Eksekutif,75620,NULL
JKA00795,Gajayana,KA860,Cirebon,Gambir,10/07/2024,07.15,10:05,Eksekutif,54360,
JKA02342,Argo Bromo Anggrek,KA44,Jakarta Kota,Bandung,04 Jun 2025,00:50,0:00,Bisnis,95902,Terlambat
JKA01871,Harina,KA698,Pasar Senen,Surabaya Gubeng,26-04-2025,0:40,19:35,Eksekutif,400236,Terlambat
JKA00519,Mutiara Selatan,KA292,Kediri,Surabaya Gubeng,20-02-2024,18:35,13:20,Ekonomi,495749,
JKA01719,Matarmaja,KA230,Bandung,Kediri,2024-05-11,10:30,17:35, Eksekutif,102921,Dibatalkan
JKA01788,Sembrani,KA420,Purwokerto,Surabaya Gubeng,17-05-2025,08.55,11.25,null,401395,-
JKA01549,Turangga,KA652,Jakarta Kota,Yogyakarta,29/09/2024,14:55,04.05,Eksekutif,73402,Terlambat
JKA01763,Kertajaya,KA509,Gambir,Jakarta Kota,07-08-2024,13:05:00,05:55:00,Bisnis ,74279,Terlambat
JKA02655,Turangga,KA991,Kediri,Surabaya Gubeng,16/03/2024,21:05,17:05,Bisnis ,48553,-
JKA01302,Bima,KA213,Semarang Tawang,Purwokerto,24 Jan 2024,03:35,13:50:00,Eksekutif,75583,-
JKA00902,Progo,KA326,Gambir,Pasar Senen,11-06-2025,21:15,13:05,Bisnis ,152301,Tepat Waktu
JKA00119,Matarmaja,KA774,Yogyakarta,Pasar Senen,05/11/2024,08.05,08.05,Bisnis ,95848,-
JKA00381,Argo Parahyangan,KA745,Jakarta Kota,Malang,05-02-2025,21:10,17.30,eksekutif,400706,TERLAMBAT
JKA01079,Lodaya,KA822,Malang,Jakarta Kota,09 Jan 2025,10:30:00,13:20:00,EKONOMI,204644,-
JKA01502,Kaligung,KA705,Bandung,Kediri,2024-02-02,14:10,08.00,eksekutif,72044,null
JKA00959,Tawang Jaya,KA467,Jakarta Kota,Jember,08 May 2025,00.55,20:25, Eksekutif,204355,-
JKA01320,Pasundan,KA949,Jember,Malang,26-04-2025,09.20,16:20:00, Eksekutif,Rp196.134,TERLAMBAT
JKA01166,  Lodaya  ,KA260,Yogyakarta,Cirebon,09 Jul 2024,13:20,10:20:00,Bisnis ,153765,Tepat Waktu
JKA00850,Gajayana,KA60,Jakarta Kota,Solo Balapan,10 Jul 2025,17:35:00,09:00, Eksekutif,746797,TERLAMBAT
JKA02174,Joglosemarkerto,KA104,Madiun,Kediri,20-06-2025,01:05,14:05,Eksekutif,,tepat waktu
JKA01120,  Lodaya  ,KA937,Jakarta Kota,Surabaya Gubeng,2024-12-10,13:55:00,01.20,Eksekutif,254669,Terlambat
JKA00507,Mutiara Selatan,KA445,Bandung,Malang,29-12-2024,11:50:00,20:50,Eksekutif,751318,-
JKA00314,Pasundan,KA149,Madiun,Purwokerto,08-02-2025,2:10,00:15, Eksekutif,48083,-
JKA00829,Jayabaya,KA165,Cirebon,Madiun,24/01/2025,10:15,22:25:00,Bisnis ,47936,TERLAMBAT
JKA02438,Argo Parahyangan,KA133,Bandung,Semarang Tawang,28 Aug 2024,20:45,12:50,none,295345,
JKA01317,,KA679,Malang,Madiun,22-07-2024,22:40,1:10,Bisnis ,299336,tepat waktu
JKA01475,Argo Bromo Anggrek,KA456,Jakarta Kota,Surabaya Gubeng,15-12-2024,12:45,4:50,EKONOMI,195064,
JKA00211,Taksaka,KA104,Semarang Tawang,Jember,01-03-2025,22.00,16:00, Eksekutif,196276,Tepat Waktu
JKA01658,Progo,KA731,Jember,Pasar Senen,2025-08-17,01:40,09:05:00,Ekonomi,Rp299.553,
JKA02951,Sembrani,KA443,Madiun,Yogyakarta,19 Apr 2025,21.05,02.00,Ekonomi,103543,-
JKA00014,Pasundan,KA166,Purwokerto,Jakarta Kota,27 Sep 2024,08:00,20.30,Eksekutif,50464,NULL
JKA02087,Brantas,KA128,Solo Balapan,Malang,2025-02-17,09:00:00,4:15,Eksekutif,246963,Dibatalkan
JKA00581,Gaya Baru Malam,KA421,Malang,Jember,03/01/2025,4:20,12:20,Ekonomi,52073,tepat waktu
JKA00943,Gaya Baru Malam,KA310,Madiun,Surabaya Pasarturi,14/05/2024,2:40,22.20,Bisnis ,496793,
jka02407,Bengawan,KA200,Jakarta Kota,Madiun,08-12-2024,15:20,04:25,Bisnis,78924,-
JKA01588,Pasundan,KA229,Malang,Jember,24/09/2024,01:00,09.05, Eksekutif,Rp197.235,tepat waktu
JKA02973,Mutiara Selatan,KA59,Cirebon,Jember,15 Jul 2025,02.00,08.40,Eksekutif,199029,Tepat Waktu
JKA01976,Taksaka,KA485,Purwokerto,Yogyakarta,13/02/2024,14:45,08.25,EKONOMI,71163,Tepat Waktu
JKA00182,Kertajaya,KA451,Purwokerto,Pasar Senen,20-03-2024,12:15:00,11:25:00, Eksekutif,,Terlambat
JKA00778,Lodaya,KA378,Yogyakarta,Solo Balapan,02 Jan 2025,20:40,12.00,Eksekutif,495095,TERLAMBAT
JKA00517,Gajayana,KA706,Madiun,Solo Balapan,11/09/2024,02:40,4:55,Bisnis ,402063,tepat waktu
JKA02693,Bima,KA300,Gambir,Surabaya Pasarturi,08/08/2025,10:45,01:25, Eksekutif,754184,
JKA02666,Malabar,KA364,Cirebon,Bandung,2024-09-12,02:00,11:10,Bisnis ,78702,TERLAMBAT
JKA01230,Kertajaya,KA809,Jember,Pasar Senen,12/07/2025,22:05,09:50:00,Bisnis ,398860,-
JKA02736,Gaya Baru Malam,KA135,Yogyakarta,Madiun,10 Feb 2024,21:30,11:50,Bisnis ,500340,
JKA01053,Turangga,KA905,Gambir,Madiun,2025-05-04,15:45,06:40:00,Eksekutif,75307,-
JKA02842,Argo Bromo Anggrek,KA98,Jakarta Kota,Pasar Senen,2025-07-28,2:50,5:05,Ekonomi,151804,
JKA02632,Kertajaya,KA123,Jakarta Kota,Kediri,2024-01-15,15.50,16:20,Ekonomi,99403,tepat waktu
JKA01929,Pasundan,KA625,Malang,Jember,10/03/2025,18.05,3:40,Ekonomi,745625,Dibatalkan
JKA01742,Brantas,KA27,Gambir,Malang,19 Aug 2024,06:00:00,2:20,EKONOMI,48195,Terlambat
JKA02034,Mutiara Selatan,KA903,Solo Balapan,Semarang Tawang,19/07/2025,18.15,08:55,Bisnis ,Rp199.826,Terlambat
JKA02412,TAWANG JAYA,KA809,Jember,Jakarta Kota,01/01/2025,15:50,4:35, Eksekutif,Rp747.992,Dibatalkan
JKA00766,Kaligung,KA783,Pasar Senen,Bandung,24/04/2024,06:10:00,09:40:00,Bisnis ,746390,tepat waktu
JKA02639,Kahuripan,KA344,Solo Balapan,Surabaya Gubeng,05/07/2024,16.25,13:15,eksekutif,295080,Terlambat
JKA00964,Joglosemarkerto,KA423,Bandung,Solo Balapan,15/09/2024,20:40,10:00,eksekutif,46874,Terlambat
JKA00180,Progo,KA184,Solo Balapan,Surabaya Gubeng,24/10/2024,14:40,12:25,Bisnis ,147717,Terlambat
JKA02649,Kaligung,KA952,Pasar Senen,Yogyakarta,24-11-2024,07.25,20.55,Eksekutif,249427,tepat waktu
JKA02764,Kahuripan,KA871,Purwokerto,Solo Balapan,28/03/2025,18:45,15:40,eksekutif,53092,-
JKA00946,Kertajaya,KA779,Yogyakarta,Jakarta Kota,2024-12-24,3:40,11:55:00,Bisnis,202327,
JKA00134,,KA398,Pasar Senen,Kediri,22/06/2025,20:40,12.55,eksekutif,502940,null
JKA02170,Mutiara Selatan,KA336,Purwokerto,Gambir,06/11/2024,12:40,15:25:00,EKONOMI,204587,TERLAMBAT
JKA00385,Sancaka,KA543,Madiun,Solo Balapan,01/11/2024,03:25,22:40,eksekutif,51451,
JKA02622,Bengawan,KA159,Bandung,Kediri,2025-04-07,16:35,6:25,EKONOMI,202247,Dibatalkan
JKA01533,Brantas,KA502,Surabaya Pasarturi,Surabaya Gubeng,31 Jan 2025,02:50:00,07:40:00,eksekutif,96299,-
JKA01234,Taksaka,KA280,Semarang Tawang,Solo Balapan,2025-08-08,00:50,16:20,EKONOMI,148562,-
JKA01226,Lodaya,KA408,Malang,Jember,15-12-2024,23:40,06.00,EKONOMI,397322,Terlambat
JKA02190,Lodaya,KA443,Surabaya Pasarturi,Surabaya Gubeng,2024-03-22,14:25,19:40:00,Eksekutif,196782,-
JKA00738,Matarmaja,KA34,Solo Balapan,Surabaya Gubeng,13/05/2024,09:40,10.25, Eksekutif,95124,Dibatalkan
JKA00397,Turangga,KA131,Solo Balapan,Madiun,2024-12-05,5:50,15.50,Eksekutif,303012,-
JKA01937,Serayu,KA315,Malang,Solo Balapan,2025-01-22,13:55,18.55,Eksekutif,299609,TERLAMBAT
JKA01736,Kahuripan,KA988,Surabaya Pasarturi,Cirebon,2024-07-17,06:30:00,11:50:00,Bisnis,301698,TERLAMBAT
JKA01727,Matarmaja,KA510,Semarang Tawang,Bandung,2024-11-04,21:45:00,03:55:00,Eksekutif,754495,Tepat Waktu
JKA00055,Joglosemarkerto,,Semarang Tawang,Bandung,08 Jan 2024,23:30,4:30,EKONOMI,500802,Tepat Waktu
JKA02202,Gaya Baru Malam,,Solo Balapan,Jakarta Kota,27 Feb 2024,01.10,00:35:00,eksekutif,295730,-
JKA01025,Jayabaya,KA327,Surabaya Pasarturi,Solo Balapan,29-04-2025,00:15:00,23.30, Eksekutif,46087,TERLAMBAT
JKA01109,Jayabaya,KA216,Gambir,Malang,08/10/2024,18:00:00,21.50,Bisnis,97655,
JKA02282,Sembrani,KA610,Gambir,Surabaya Gubeng,09-07-2024,12:45:00,08.35,Eksekutif,148864,Tepat Waktu
JKA01960,Harina,KA988,Cirebon,Solo Balapan,15/08/2024,07.00,15:35,Ekonomi,751857,-
JKA02270,Argo Parahyangan,KA425,Purwokerto,Bandung,2024-12-27,06:10:00,17:20,Bisnis,101442,Dibatalkan
JKA02014,Malabar,KA236,Bandung,Semarang Tawang,2025-02-16,18:25,8:55,eksekutif,395847,
JKA00462,Joglosemarkerto,KA31,Surabaya Gubeng,Bandung,27 Jun 2024,13:05,19:20,Eksekutif,77234,
JKA00062,Bima,KA693,Kediri,Bandung,2025-06-03,21:25,19:30,Bisnis,Rp97.712,Dibatalkan
JKA01406,Gaya Baru Malam,KA876,Surabaya Pasarturi,Gambir,2025-04-15,07:30:00,13:25:00,Eksekutif,52361,Terlambat
JKA00518,Argo Parahyangan,KA669,Yogyakarta,Cirebon,13 Apr 2024,16:55,10.50,eksekutif,295366,-
JKA00652,Sancaka,KA518,Purwokerto,Semarang Tawang,17-12-2024,10:00,15:40,Bisnis,100447,-
JKA01199,Bengawan,KA499,Solo Balapan,Pasar Senen,2024-06-08,23:25,21:40:00,eksekutif,299095,tepat waktu
JKA00989,Lodaya,KA845,Yogyakarta,Gambir,25-09-2024,5:55,14:25:00,Bisnis ,751007,
JKA01693,Argo Parahyangan,KA272,Semarang Tawang,Malang,27-11-2024,03:20,18:55:00,eksekutif,Rp70.229,-
JKA02850,Sancaka,KA924,Kediri,Surabaya Gubeng,2024-12-18,18:55,22:15,Bisnis,199984,Dibatalkan
JKA01196,Harina,KA754,Jakarta Kota,Malang,2025-01-05,20:30:00,01.10,Bisnis ,73168,NULL
JKA00707,Sancaka,KA869,Jember,Pasar Senen,05/03/2025,18.40,23:35:00,Bisnis,298795,Tepat Waktu
JKA01002,Kertajaya,KA536,Semarang Tawang,Purwokerto,17-02-2025,13:55,09:45:00,Ekonomi,254748,Tepat Waktu
JKA01056,Tawang Jaya,KA331,Surabaya Gubeng,Semarang Tawang,22 Feb 2024,19:50:00,21:10:00,none,303976,Terlambat
JKA01285,Mutiara Selatan,KA251,Semarang Tawang,Jakarta Kota,19 Jan 2024,19:45:00,3:55,Eksekutif,247661,-
JKA01580,Gaya Baru Malam,KA61,Yogyakarta,Malang,11-09-2024,07.15,0:30,Eksekutif,76734,
JKA01470,Argo Bromo Anggrek,KA308,Surabaya Pasarturi,Purwokerto,25-03-2025,20:50,10:25:00,Bisnis ,402905,tepat waktu
JKA01853,Kertajaya,KA91,Madiun,Jember,23/04/2025,22.35,21:30,Bisnis,303447,Terlambat
JKA02841,Jayabaya,KA42,Jember,Surabaya Gubeng,10/03/2025,13:40,04:15,Ekonomi,147433,Tepat Waktu
JKA01023,Bengawan,KA316,Pasar Senen,Madiun,15-08-2024,22.20,01.20,EKONOMI,498428,Tepat Waktu
JKA02694,Harina,KA340,Kediri,Gambir,07-02-2024,14:40,08:05,EKONOMI,53158,TERLAMBAT
JKA01283,,KA745,Kediri,Cirebon,2024-05-24,19:05:00,22:30,Eksekutif,301984,null
JKA02975,Argo Parahyangan,KA41,Semarang Tawang,Malang,30 Mar 2024,05:50,15:35,eksekutif,747107,Terlambat
JKA02308,Jayabaya,KA430,Malang,Gambir,09 Jan 2025,02:10:00,10.30,eksekutif,196652,tepat waktu
JKA02454,,KA718,Solo Balapan,Jakarta Kota,27/08/2024,13:35:00,11:45:00,Bisnis,402221,TERLAMBAT
JKA00387,  Brantas  ,KA552,Surabaya Pasarturi,Gambir,15-06-2025,21:40:00,04:45:00,Bisnis ,253563,TERLAMBAT
JKA01522,Argo Bromo Anggrek,KA356,Madiun,Gambir,2024-01-01,15:10,00:40:00,Eksekutif,96986,Dibatalkan
JKA01080,Matarmaja,KA720,Solo Balapan,Semarang Tawang,27-01-2025,03:10,13:10:00,eksekutif,397938,Dibatalkan
JKA02935,Malabar,KA88,Yogyakarta,Solo Balapan,07 Jan 2025,01:00:00,06:10, Eksekutif,102406,Terlambat
JKA00534,Jayabaya,KA282,Gambir,Surabaya Pasarturi,20-02-2025,15:50,10:40:00,EKONOMI,199909,Dibatalkan
JKA01510,Serayu,KA755,Cirebon,Jakarta Kota,2024-11-14,5:15,06.25,EKONOMI,150698,-
JKA00463,Turangga,KA369,Purwokerto,Surabaya Pasarturi,18/08/2024,23:10:00,16:15,EKONOMI,46576,Tepat Waktu
JKA02748,Turangga,KA843,Cirebon,Purwokerto,05/03/2024,16:50,20:50:00, Eksekutif,,
JKA00984,Argo Parahyangan,KA645,Malang,Gambir,01 Jun 2025,1:45,01:50,EKONOMI,746518,-
JKA01313,Bima,KA697,Cirebon,Kediri,21/09/2024,01:20,12:20,Ekonomi,152222,
JKA01608,Brantas,KA322,Solo Balapan,Jember,19-08-2025,1:45,13:55,eksekutif,201673,Dibatalkan
JKA02188,Argo Parahyangan,KA850,Surabaya Gubeng,Pasar Senen,04-04-2025,00:25:00,23:45,Eksekutif,246054,TERLAMBAT
jka02257,Pasundan,KA368,Purwokerto,Malang,2025-06-02,00:45,15.05,eksekutif,74900,TERLAMBAT
JKA01218,Bima,KA604,Malang,Gambir,29 Mar 2025,14.35,14:00,EKONOMI,751656,tepat waktu
JKA01052,Argo Parahyangan,KA265,Pasar Senen,Solo Balapan,2025-03-03,12:40,23:05,Bisnis,197365,Terlambat
JKA02471,Serayu,KA656,Solo Balapan,Madiun,2025-03-05,19.30,02:05:00,Ekonomi,202778,tepat waktu
JKA02240,Kahuripan,KA658,Jember,Yogyakarta,11-03-2024,10:10:00,16:45:00,Bisnis,504441,
JKA02124,Argo Parahyangan,KA367,Pasar Senen,Jember,24/07/2025,12:45:00,0:50, Eksekutif,252368,
JKA01038,Lodaya,KA708,Semarang Tawang,Surabaya Pasarturi,02/07/2024,00:30,1:10,Eksekutif,103228,
JKA02443,Malabar,KA276,Yogyakarta,Purwokerto,17 Dec 2024,6:00,15.20,Bisnis ,53596,
JKA00420,Tawang Jaya,KA982,Jember,Madiun,19-06-2025,14.10,09:25:00,Eksekutif,298917,Tepat Waktu
JKA01309,Kahuripan,KA570,Pasar Senen,Yogyakarta,25/09/2024,17.50,07.25,Eksekutif,295295,none
JKA01252,Matarmaja,KA414,Kediri,Solo Balapan,05 Jun 2024,22.15,03:40:00,Bisnis,100518,-
JKA01669,Argo Parahyangan,KA285,Solo Balapan,Malang,21 Mar 2025,10:20,10:15,Ekonomi,96866,TERLAMBAT
JKA00281,Bengawan,KA912,Pasar Senen,Jember,2025-06-22,13:35,03:10,eksekutif,250104,tepat waktu
JKA00350,Argo Parahyangan,KA924,Solo Balapan,Malang,23 Apr 2025,13:25:00,10:20:00,Eksekutif,102236,Dibatalkan
JKA00843,Bengawan,KA995,Madiun,Jember,2025-03-01,21:05:00,01.35,Bisnis ,48695,TERLAMBAT
JKA01014,Brantas,KA535,Solo Balapan,Malang,06-01-2025,03.50,02:40:00,Bisnis ,203563,TERLAMBAT
JKA01774,Kertajaya,KA138,Madiun,Surabaya Pasarturi,10-05-2024,13.40,15:15,Ekonomi,245993,
JKA01210,Kahuripan,KA197,Jember,Madiun,06 Jun 2025,11:20,4:45,Bisnis,253933,Dibatalkan
JKA02328,Gajayana,KA270,Madiun,Semarang Tawang,03/08/2025,19:30:00,01.05,Ekonomi,98014,Terlambat
JKA01235,Joglosemarkerto,KA309,Solo Balapan,Purwokerto,01 Mar 2025,15.05,07:45, Eksekutif,97722,none
JKA02898,Sancaka,KA548,Gambir,Jakarta Kota,06-08-2025,11:25,13:10:00,Eksekutif,497022,TERLAMBAT
JKA00394,Joglosemarkerto,KA121,Bandung,Semarang Tawang,16-05-2024,01:30:00,12.10,Eksekutif,249092,none
JKA01744,Sancaka,KA615,Gambir,Bandung,30/10/2024,17.50,15.25,Bisnis,78288,Dibatalkan
JKA02555,Bengawan,KA760,Kediri,Gambir,04/08/2024,08:45:00,8:35,Ekonomi,150504,Tepat Waktu
JKA01691,Sembrani,KA500,Madiun,Bandung,27-04-2024,23:35,07.50,Bisnis ,46431,tepat waktu
JKA00469,Kahuripan,KA133,Jakarta Kota,Madiun,2024-09-12,2:00,14.10,Eksekutif,250728,Dibatalkan
JKA01100,Argo Parahyangan,KA241,Surabaya Gubeng,Semarang Tawang,06/03/2025,12:45,00:05,Eksekutif,54655,null
JKA01628,Kahuripan,KA397,Semarang Tawang,Cirebon,2025-04-04,23:50,04:15:00,Bisnis ,302671,-
JKA00801,Bima,KA11,Surabaya Pasarturi,Bandung,11-10-2024,15:20,23:10,Eksekutif,300896,-
JKA01115,Kahuripan,KA714,Pasar Senen,Semarang Tawang,05/01/2024,17:00,13.10,EKONOMI,246801,-
JKA00673,Malabar,KA91,Purwokerto,Kediri,2024-09-03,15.55,17:10, Eksekutif,398544,none
JKA02455,Sembrani,KA775,Pasar Senen,Kediri,03 Mar 2024,17.15,22:50:00, Eksekutif,753256,Dibatalkan
JKA01600,Argo Parahyangan,KA319,Cirebon,Semarang Tawang,15/01/2025,7:00,6:55,Bisnis,73371,Tepat Waktu
JKA00883,Brantas,KA303,Jakarta Kota,Jember,02 Sep 2024,15:10:00,00:10:00, Eksekutif,,Terlambat
JKA01020,,KA665,Cirebon,Gambir,2024-12-07,17:40,04:45:00, Eksekutif,78368,Tepat Waktu
JKA00559,Gajayana,KA833,Kediri,Surabaya Gubeng,04 Jan 2025,12:55,11:50:00, Eksekutif,Rp404.393,tepat waktu
JKA02220,Mutiara Selatan,KA507,Kediri,Jember,09 Aug 2025,12:10,15.35,Bisnis ,Rp104.989,Tepat Waktu
JKA02759,Kertajaya,KA516,Yogyakarta,Solo Balapan,20-08-2024,01:05,09:45:00, Eksekutif,399196,
JKA00990,Gaya Baru Malam,KA231,Malang,Pasar Senen,29-10-2024,8:20,01.25,Bisnis ,504911,
JKA00131,Brantas,KA876,Cirebon,Gambir,08-08-2024,4:05,11:30,Bisnis ,199262,tepat waktu
JKA00090,Bima,KA62,Gambir,Jember,18-04-2025,23:00:00,8:00,EKONOMI,70742,-
JKA01389,Gajayana,KA812,Madiun,Solo Balapan,20 Apr 2024,17.00,11.00,Bisnis,Rp71.066,Terlambat
JKA01745,Kaligung,KA553,Surabaya Gubeng,Solo Balapan,24/02/2025,15.25,20.50,Bisnis ,49589,Terlambat
JKA00538,Kaligung,KA676,Jember,Malang,2024-10-07,2:15,10:55:00,Bisnis ,752698,
JKA00689,Matarmaja,,Jember,Pasar Senen,2024-01-09,05:15,00:45,Ekonomi,296835,TERLAMBAT
JKA02040,Taksaka,KA338,Bandung,Cirebon,21-01-2025,00:55,1:55,Ekonomi,303368,-
JKA00241,Gajayana,KA711,Kediri,Surabaya Pasarturi,29 Jun 2025,12:45:00,7:45,EKONOMI,102903,
JKA01479,Jayabaya,KA721,Yogyakarta,Cirebon,19-08-2025,16.05,03:20, Eksekutif,73545,-
JKA01539,Brantas,KA888,Kediri,Purwokerto,2024-10-09,01:30:00,04:20:00, Eksekutif,298312,
JKA02200,Kertajaya,KA204,Gambir,Jakarta Kota,26/03/2025,19:40:00,02.50,EKONOMI,200264,
JKA00386,Joglosemarkerto,KA36,Bandung,Yogyakarta,2024-07-03,17.35,3:00,EKONOMI,147641,
JKA02350,Serayu,KA874,Jember,Pasar Senen,2024-11-23,3:50,20:40,Bisnis,501010,Dibatalkan
JKA02107,Jayabaya,KA151,Surabaya Pasarturi,Jakarta Kota,04/08/2024,20:50,10:20,eksekutif,303921,-
JKA01251,Kertajaya,KA19,Kediri,Surabaya Pasarturi,11/09/2024,21:00,00:45,Ekonomi,150126,Terlambat
JKA00817,Progo,KA2,Madiun,Semarang Tawang,26/12/2024,7:10,04:50:00,Bisnis,748114,Terlambat
JKA01183,Argo Parahyangan,KA492,Semarang Tawang,Solo Balapan,02-07-2025,21:30:00,13:50:00,EKONOMI,51540,Terlambat
JKA00768,Sembrani,KA927,Yogyakarta,Surabaya Pasarturi,22-08-2024,07:20,01:55,EKONOMI,76493,TERLAMBAT
JKA02097,Serayu,KA647,Malang,Kediri,30-03-2024,04:50,06.35,eksekutif,103172,Terlambat
JKA00495,Lodaya,KA242,Solo Balapan,Surabaya Pasarturi,11/12/2024,01:25:00,0:20, Eksekutif,503007,-
JKA02479,Bima,KA464,Jakarta Kota,Semarang Tawang,19-08-2024,19:35:00,05:05:00,Ekonomi,70488,Terlambat
JKA02146,Joglosemarkerto,KA734,Jakarta Kota,Jember,11/03/2024,21:10,23:00,Bisnis,50001,
JKA02551,Joglosemarkerto,KA770,Surabaya Gubeng,Surabaya Pasarturi,2025-07-16,08.05,14:35,EKONOMI,52374,Terlambat
JKA02281,Lodaya,KA564,Purwokerto,Jakarta Kota,24/12/2024,07:35:00,00:40:00,Eksekutif,198861,Dibatalkan
JKA02620,Harina,KA873,Cirebon,Purwokerto,10/07/2024,5:20,22.20, Eksekutif,195448,Tepat Waktu
JKA02397,Bengawan,KA224,Solo Balapan,Jember,2025-07-15,00:35:00,22:50,Bisnis,Rp46.325,
JKA00564,Pasundan,KA374,Jember,Cirebon,15 Jul 2024,05:40:00,20:45:00,Bisnis ,200963,Dibatalkan
JKA02378,  Progo  ,KA743,Jember,Solo Balapan,18 Oct 2024,7:10,6:10,Ekonomi,102090,TERLAMBAT
JKA00649,Lodaya,KA153,Jakarta Kota,Semarang Tawang,15 Jun 2024,14.25,09:50:00,eksekutif,150067,tepat waktu
JKA00626,Pasundan,KA929,Malang,Semarang Tawang,03 Apr 2024,10:40,08.50,Ekonomi,204739,Dibatalkan
JKA01170,Harina,KA94,Jakarta Kota,Bandung,20 Jan 2025,11:45,6:40, Eksekutif,79627,
JKA01636,Jayabaya,KA524,Jember,Gambir,26/07/2024,8:50,14:05:00,Eksekutif,501384,-
JKA01921,Argo Bromo Anggrek,KA900,Jakarta Kota,Pasar Senen,11-12-2024,15.15,03:00:00,Eksekutif,52071,tepat waktu
JKA00305,  Argo Parahyangan  ,KA899,Jember,Cirebon,25-01-2025,12.50,04:40,EKONOMI,99264,Dibatalkan
JKA00438,Argo Bromo Anggrek,KA12,Solo Balapan,Kediri,09-07-2024,7:05,21.25,Bisnis,,-
JKA02230,Pasundan,KA548,Pasar Senen,Surabaya Gubeng,23/10/2024,19.45,01:40:00,eksekutif,97527,Terlambat
JKA02276,Bima,KA103,Gambir,Jember,12-07-2025,17:30:00,19.15, Eksekutif,499905,Terlambat
JKA01770,Mutiara Selatan,KA798,Gambir,Malang,2025-05-14,0:25,11:25, Eksekutif,149322,Tepat Waktu
JKA01950,Sancaka,KA823,Cirebon,Pasar Senen,2024-02-17,15:20,23:30:00,Bisnis ,198453,Tepat Waktu
JKA01444,Taksaka,KA642,Solo Balapan,Jakarta Kota,10-08-2024,07.05,10:30:00,Ekonomi,Rp98.211,Terlambat
JKA00009,Progo,KA56,Pasar Senen,Cirebon,13 Aug 2025,07:35:00,06:05,Bisnis ,300804,-
JKA00733,Taksaka,KA420,Bandung,Cirebon,27/04/2024,12:00,23:10,Bisnis,96934,tepat waktu
JKA02598,Bima,KA608,Yogyakarta,Purwokerto,02/09/2024,12:10:00,00.30, Eksekutif,154171,TERLAMBAT
JKA00059,Gaya Baru Malam,KA352,Madiun,Pasar Senen,12 Feb 2024,18:50,10:45:00,EKONOMI,96013,none
JKA02069,Jayabaya,KA499,Surabaya Gubeng,Jember,15 Jul 2024,16:20,09.15,Ekonomi,297783,-
JKA02381,Serayu,KA853,Purwokerto,Malang,29 Jan 2024,13.10,22:00,Bisnis ,297839,-
JKA02003,Argo Parahyangan,KA844,Surabaya Pasarturi,Bandung,24-06-2024,10:10,18.10, Eksekutif,Rp251.354,-
JKA00860,Malabar,KA573,Cirebon,Solo Balapan,09-03-2025,02:35:00,15:00,EKONOMI,752492,Dibatalkan
JKA00083,Progo,KA672,Pasar Senen,Kediri,07-10-2024,03:45:00,12:25,Ekonomi,49712,tepat waktu
JKA00514,Progo,KA132,Solo Balapan,Yogyakarta,16 Jun 2024,21:40,14.05,Bisnis ,Rp76.626,Dibatalkan
JKA01364,Sancaka,KA523,Jakarta Kota,Malang,20-10-2024,10.30,14:10:00,eksekutif,300905,TERLAMBAT
JKA01110,PROGO,KA26,Yogyakarta,Kediri,24/09/2024,12:50:00,04:20:00,Ekonomi,152693,Dibatalkan
JKA00142,Mutiara Selatan,KA658,Malang,Surabaya Gubeng,2024-04-09,06.10,02:35,Ekonomi,302715,Tepat Waktu
JKA01334,Bima,KA352,Yogyakarta,Jember,2025-04-16,10.30,19.30,eksekutif,749846,TERLAMBAT
JKA01667,Bima,KA280,Pasar Senen,Malang,05/02/2024,23.25,07:05:00,Bisnis ,154413,tepat waktu
JKA02434,Malabar,KA45,Jember,Gambir,2024-07-09,05.20,22:40,Ekonomi,Rp395.143,tepat waktu
JKA02811,Kahuripan,KA866,Cirebon,Surabaya Gubeng,2024-04-10,11:40:00,12:40:00, Eksekutif,749210,Dibatalkan
JKA02502,KALIGUNG,KA468,Purwokerto,Jember,19/09/2024,10.35,8:10,eksekutif,150531,
JKA00490,Argo Parahyangan,KA786,Cirebon,Pasar Senen,19/06/2024,20.05,04:45,Bisnis ,51212,
JKA01606,Mutiara Selatan,KA500,Pasar Senen,Madiun,03 Feb 2024,07:20:00,1:50,Eksekutif,296601,-
JKA01801,PROGO,KA176,Bandung,Madiun,31/03/2025,14:15,19:35,Eksekutif,46600,TERLAMBAT
JKA00657,Sancaka,KA826,Bandung,Jember,01 Jul 2025,16:05:00,21.45, Eksekutif,75836,tepat waktu
JKA02534,Serayu,KA700,Pasar Senen,Yogyakarta,30/01/2025,05.10,9:05,Bisnis,150269,Terlambat
JKA02754,Argo Bromo Anggrek,KA278,Semarang Tawang,Jakarta Kota,26/12/2024,05.45,00.45,Ekonomi,,-
JKA00493,Argo Bromo Anggrek,KA251,Bandung,Surabaya Pasarturi,13 Aug 2025,12:20:00,02:15:00,EKONOMI,202919,TERLAMBAT
JKA00695,Kaligung,KA613,Semarang Tawang,Malang,2024-01-19,16:25,9:20,Eksekutif,399181,
JKA01463,MALABAR,KA822,Jember,Bandung,2025-04-23,1:15,15:55:00,Bisnis ,,
JKA01188,Kertajaya,KA877,Bandung,Pasar Senen,20-12-2024,08:20:00,0:25,EKONOMI,101438,tepat waktu
JKA02671,Mutiara Selatan,KA744,Cirebon,Solo Balapan,2024-11-20,12.20,03:40, Eksekutif,Rp249.392,Dibatalkan
JKA02451,Kertajaya,KA70,Purwokerto,Gambir,05/03/2025,00:20:00,14:40:00,Bisnis,48646,TERLAMBAT
JKA00732,Turangga,KA889,Pasar Senen,Jakarta Kota,2024-04-05,4:50,23.45,-,46515,-
JKA02299,Gajayana,KA909,Surabaya Pasarturi,Madiun,20 Mar 2025,16:20:00,3:15,Bisnis ,745961,Tepat Waktu
JKA02015,Sancaka,KA977,Bandung,Surabaya Pasarturi,31-07-2024,19.15,03:00:00,Eksekutif,,Dibatalkan
JKA02293,,KA161,Kediri,Madiun,25/04/2025,17:50:00,19:10:00,EKONOMI,401390,
JKA00473,Argo Parahyangan,KA974,Madiun,Pasar Senen,21 Oct 2024,13.45,05:30:00,Bisnis ,147160,-
JKA02028,Lodaya,KA816,Gambir,Jember,04/06/2024,08:05:00,00:45,EKONOMI,400693,
JKA01881,Turangga,KA78,Kediri,Bandung,22/07/2024,13:55:00,15:30, Eksekutif,498664,TERLAMBAT
JKA00958,Bima,KA847,Solo Balapan,Pasar Senen,01-05-2025,02:45,16:35:00,Ekonomi,153231,
JKA02217,Joglosemarkerto,KA455,Bandung,Gambir,06-07-2025,20:50,22:45:00,Eksekutif,200199,TERLAMBAT
JKA02959,Mutiara Selatan,KA815,Kediri,Pasar Senen,2024-03-19,01.15,15:50,Ekonomi,498718,-
JKA00813,Bengawan,KA757,Yogyakarta,Pasar Senen,2024-05-03,11:55:00,02.40,Ekonomi,98426,Dibatalkan
JKA02348,Argo Bromo Anggrek,KA88,Jakarta Kota,Bandung,26 Jun 2025,05.50,15:45,EKONOMI,148376,TERLAMBAT
JKA01807,Argo Bromo Anggrek,KA45,Semarang Tawang,Jakarta Kota,2024-02-14,10:05,14:50:00, Eksekutif,101729,tepat waktu
JKA00520,Pasundan,KA555,Bandung,Surabaya Gubeng,2024-08-18,22:25,02.45,Bisnis ,752547,
JKA01203,Sancaka,KA387,Solo Balapan,Bandung,20 Apr 2024,20:40,10.45,eksekutif,252397,Dibatalkan
JKA01130,Malabar,KA659,Gambir,Kediri,29-06-2025,3:10,14.00,Eksekutif,79570,
JKA02518,Taksaka,KA516,Jember,Kediri,30 Jun 2025,01.55,15:05:00,Bisnis,753305,Dibatalkan
JKA02516,BRANTAS,KA515,Surabaya Gubeng,Semarang Tawang,2024-10-12,12:20,23:50,Bisnis,254314,TERLAMBAT
JKA02627,Kaligung,KA331,Yogyakarta,Madiun,16 Apr 2025,23:00:00,16:25,Ekonomi,154617,TERLAMBAT
JKA02164,Turangga,KA359,Gambir,Yogyakarta,24/01/2025,07:35,11:00:00, Eksekutif,399830,-
JKA01416,Kahuripan,KA850,Jember,Madiun,02 Jul 2025,02.00,21:45:00,Bisnis,253207,
JKA01245,,KA181,Jakarta Kota,Purwokerto,27 Dec 2024,19.00,20:00:00,Ekonomi,304122,tepat waktu
JKA00307,Malabar,KA185,Bandung,Pasar Senen,2025-05-21,14:25:00,14:35, Eksekutif,97025,Dibatalkan
JKA00383,Matarmaja,KA122,Gambir,Bandung,30 Dec 2024,05:00,16.50,EKONOMI,297434,Tepat Waktu
JKA01747,Pasundan,KA134,Pasar Senen,Surabaya Gubeng,30/11/2024,0:30,05:30,Bisnis ,748392,Dibatalkan
JKA02006,  Progo  ,KA561,Solo Balapan,Jakarta Kota,12 Mar 2024,19.20,12:50:00,Ekonomi,400735,Dibatalkan
JKA00560,Jayabaya,KA788,Pasar Senen,Solo Balapan,30 Jan 2024,08.25,11.15,eksekutif,50316,Dibatalkan
JKA00828,Taksaka,KA396,Pasar Senen,Semarang Tawang,2025-03-12,08:25,0:30,Ekonomi,Rp248.614,-
JKA02461,Mutiara Selatan,KA554,Kediri,Jember,07-07-2024,00:55,5:25,Eksekutif,Rp49.347,Tepat Waktu
JKA01773,Turangga,,Malang,Cirebon,20 Mar 2024,00:15:00,18:50,Eksekutif,296597,Tepat Waktu
JKA01564,Kaligung,KA221,Cirebon,Bandung,18/05/2024,15:35,20:45,Eksekutif,Rp97.620,N/A
JKA02921,Harina,KA931,Gambir,Cirebon,20/04/2024,19:45,23:20:00,Eksekutif,146365,Dibatalkan
JKA00421,Serayu,KA791,Pasar Senen,Bandung,2025-05-25,14:25,09:10,Ekonomi,750952,-
JKA00181,Argo Parahyangan,KA721,Bandung,Surabaya Pasarturi,13/01/2025,1:50,16:25:00,eksekutif,395760,Tepat Waktu
JKA00563,Kertajaya,KA252,Jakarta Kota,Pasar Senen,2024-10-27,10:15:00,1:15,Bisnis ,195431,Terlambat
JKA02605,Bima,KA684,Semarang Tawang,Purwokerto,04-02-2025,17.45,06:40:00,EKONOMI,199969,Tepat Waktu
JKA00164,Argo Bromo Anggrek,KA485,Cirebon,Purwokerto,07/11/2024,20:50:00,10:25, Eksekutif,152445,TERLAMBAT
JKA00677,Kahuripan,KA247,Pasar Senen,Gambir,2024-08-23,17:35:00,20:45,Eksekutif,497945,Terlambat
JKA02783,Gajayana,KA304,Cirebon,Jakarta Kota,18-10-2024,8:10,16:15,EKONOMI,750489,
JKA02001,Gajayana,KA462,Malang,Jakarta Kota,16 Jun 2024,2:35,13:10,Ekonomi,254801,-
JKA01578,Jayabaya,KA484,Jember,Surabaya Pasarturi,20 Jun 2025,07:25:00,5:35,EKONOMI,748115,-
JKA02567,Lodaya,KA370,Gambir,Cirebon,2024-11-14,05.20,20:55:00,Bisnis,72422,Terlambat
JKA02965,Pasundan,KA159,Yogyakarta,Madiun,2024-07-15,09.25,1:15,eksekutif,196681,Terlambat
JKA01186,Argo Parahyangan,KA537,Madiun,Jember,2024-07-07,3:30,01.05,EKONOMI,397543,Terlambat
JKA01721,Turangga,KA967,Purwokerto,Solo Balapan,17 Feb 2024,15.35,11.45,eksekutif,150359,Dibatalkan
JKA01517,Brantas,KA517,Bandung,Malang,22-02-2025,22.00,01:20:00,Ekonomi,246626,N/A
JKA01959,Joglosemarkerto,KA904,Semarang Tawang,Bandung,01 Feb 2025,1:15,21:50,Bisnis ,395493,Tepat Waktu
JKA02532,Bengawan,KA328,Pasar Senen,Cirebon,02/07/2024,01.30,03:05:00,eksekutif,497638,Tepat Waktu
JKA01446,Kertajaya,KA936,Jember,Solo Balapan,18-05-2025,22.40,15:40,Eksekutif,200401,
JKA01632,Progo,KA715,Yogyakarta,Surabaya Pasarturi,28/04/2025,12.25,14:05,eksekutif,204440,Dibatalkan
JKA01654,Brantas,KA941,Gambir,Surabaya Pasarturi,09/08/2024,11:05:00,00:10:00,EKONOMI,252915,-
JKA00664,Argo Bromo Anggrek,KA398,Yogyakarta,Madiun,05/06/2025,13.00,18:55,eksekutif,498897,-
JKA02030,  Kertajaya  ,KA411,Jakarta Kota,Yogyakarta,19-06-2025,13.25,18:10,Bisnis ,504629,
JKA00755,Sancaka,KA412,Kediri,Surabaya Pasarturi,22/05/2025,08:05,13:25, Eksekutif,149737,tepat waktu
JKA00793,Argo Parahyangan,KA491,Cirebon,Gambir,20 Jan 2024,18:30,02:40:00,Bisnis ,402823,Terlambat
JKA00026,Sancaka,KA802,Gambir,Pasar Senen,15 Nov 2024,12:55,2:45,Eksekutif,204837,TERLAMBAT
JKA00809,  Kertajaya  ,KA344,Madiun,Surabaya Pasarturi,13 Jan 2025,23.30,15:25:00,eksekutif,749395,-
JKA00669,Serayu,KA248,Bandung,Surabaya Pasarturi,14-01-2025,22.05,21.40,Bisnis ,295332,Tepat Waktu
JKA00428,  Harina  ,KA949,Pasar Senen,Surabaya Pasarturi,2025-05-29,22:35:00,13.30,Ekonomi,501977,Tepat Waktu
JKA01738,KALIGUNG,KA756,Solo Balapan,Surabaya Pasarturi,2025-07-07,05:15:00,04:40, Eksekutif,79781,-
JKA00144,Tawang Jaya,KA843,Jember,Kediri,08/08/2025,3:35,5:15,Bisnis,51936,Terlambat
JKA02150,Joglosemarkerto,KA278,Madiun,Purwokerto,11/12/2024,12:10,3:55,Bisnis ,245718,Terlambat
JKA01703,Taksaka,KA345,Bandung,Jember,29/09/2024,22.50,02.55, Eksekutif,296392,Dibatalkan
JKA02817,Joglosemarkerto,KA841,Bandung,Jember,2025-08-10,18:10,21.55, Eksekutif,195600,-
JKA01254,Serayu,KA144,Surabaya Gubeng,Cirebon,10 May 2024,16.40,08:35,EKONOMI,501252,Dibatalkan
JKA01503,Tawang Jaya,KA482,Solo Balapan,Malang,24 Mar 2024,8:20,13.10,Ekonomi,395971,tepat waktu
JKA02897,,,Pasar Senen,Gambir,18/02/2024,23:55,06.00,Bisnis,145798,TERLAMBAT
JKA01586,Jayabaya,KA449,Pasar Senen,Surabaya Pasarturi,14/04/2024,02:40:00,19:55,eksekutif,245146,Dibatalkan
JKA02360,Mutiara Selatan,KA798,Madiun,Bandung,2024-07-08,16:15,16:10:00,Ekonomi,296987,
JKA02274,Turangga,KA378,Surabaya Gubeng,Semarang Tawang,28/07/2024,05:35,04:40:00,eksekutif,303218,TERLAMBAT
JKA00922,Taksaka,KA4,Kediri,Madiun,17 Jul 2025,22:20:00,22:15,Bisnis ,750406,Tepat Waktu
JKA02373,Joglosemarkerto,KA393,Surabaya Pasarturi,Kediri,29-08-2024,15:55,23:45,EKONOMI,95281,Tepat Waktu
JKA02093,Sancaka,KA690,Purwokerto,Surabaya Pasarturi,29 Nov 2024,00.20,02:05,eksekutif,251437,Terlambat
JKA00504,Bima,,Bandung,Gambir,2025-03-30,10.05,06:50,Ekonomi,247772,Dibatalkan
JKA02810,Matarmaja,KA380,Pasar Senen,Purwokerto,22 Mar 2024,15:40,08:35,-,199102,Terlambat
JKA01619,Sancaka,KA763,Kediri,Solo Balapan,21-04-2024,21:20,04.45,EKONOMI,204509,
JKA00363,Taksaka,KA326,Kediri,Cirebon,2025-05-26,22:40,08.05,Bisnis ,297177,NaN
JKA00012,Lodaya,KA661,Cirebon,Surabaya Gubeng,2025-08-15,19:05:00,21.45,Ekonomi,150147,-
JKA02026,Gajayana,KA61,Purwokerto,Jakarta Kota,15/05/2024,19:25,22:40, Eksekutif,501449,TERLAMBAT
JKA00103,Gaya Baru Malam,KA758,Solo Balapan,Yogyakarta,22 Aug 2025,02.45,07:55,Eksekutif,197526,Terlambat
JKA01194,Gaya Baru Malam,KA269,Purwokerto,Gambir,2024-04-22,10.50,14:35, Eksekutif,199306,-
JKA00727,Sancaka,KA333,Pasar Senen,Cirebon,07 Aug 2024,05:05:00,10:50,Bisnis ,198871,Terlambat
JKA01602,Malabar,KA172,Pasar Senen,Jakarta Kota,15 Aug 2025,7:00,18:20,eksekutif,750360,Dibatalkan
JKA01090,Serayu,KA339,Surabaya Gubeng,Cirebon,05/06/2025,09:10:00,12:50,Eksekutif,Rp402.896,-
JKA02150,Joglosemarkerto,KA278,Madiun,Purwokerto,11/12/2024,12:10,3:55,Bisnis ,245718,Terlambat
JKA00659,Kaligung,KA957,Pasar Senen,Kediri,21 May 2025,12.25,06:00,eksekutif,Rp145.060,null
JKA00354,Bima,KA917,Semarang Tawang,Cirebon,10 Aug 2025,12:15:00,02:40:00,Bisnis,396779,-
JKA01323,Jayabaya,KA429,Gambir,Surabaya Gubeng,26/03/2025,20:55:00,02:40:00,Bisnis ,99657,Dibatalkan
JKA00625,Taksaka,KA524,Kediri,Purwokerto,10-02-2024,08.30,14.50,Ekonomi,504917,tepat waktu
JKA00726,Brantas,KA223,Solo Balapan,Gambir,16/07/2025,22:35,20:35,Eksekutif,398523,-
JKA02715,Mutiara Selatan,KA342,Purwokerto,Gambir,05 Aug 2024,12:15:00,21:55,Bisnis,303378,tepat waktu
JKA02019,Kertajaya,KA437,Jember,Bandung,2024-03-26,10:05,18:50,Bisnis ,397431,-
JKA00579,Turangga,,Gambir,Jakarta Kota,2025-03-27,07.45,17:10,EKONOMI,245929,TERLAMBAT
JKA02023,  Jayabaya  ,KA987,Gambir,Semarang Tawang,2024-02-19,17:15,13:50,Ekonomi,54675,Dibatalkan
JKA00264,Gajayana,KA383,Madiun,Solo Balapan,23 Jul 2024,07:05:00,18:35,eksekutif,98541,tepat waktu
JKA02854,,KA438,Purwokerto,Malang,2024-08-22,18.00,07:15,Eksekutif,747624,TERLAMBAT
JKA02761,Malabar,KA667,Malang,Surabaya Pasarturi,06 Dec 2024,03:20:00,05.35,Bisnis ,404756,-
JKA02436,Joglosemarkerto,KA563,Pasar Senen,Jember,2025-03-24,16:30,06.20,Ekonomi,154538,
JKA00412,Bima,KA507,Yogyakarta,Solo Balapan,02 Apr 2025,02:05:00,23:20,Eksekutif,247089,Dibatalkan
JKA02724,Pasundan,KA118,Malang,Purwokerto,20-07-2025,10.35,08:45,Bisnis ,98831,tepat waktu
JKA01432,Gajayana,KA663,Yogyakarta,Malang,28/05/2024,16:10:00,08.10, Eksekutif,78264,Dibatalkan
JKA02258,Progo,KA392,Gambir,Jakarta Kota,23/04/2025,19:30:00,23:05,EKONOMI,198952,Tepat Waktu
JKA01329,Joglosemarkerto,KA351,Purwokerto,Jakarta Kota,09/05/2024,17:25:00,0:20, Eksekutif,195684,Dibatalkan
JKA01274,Lodaya,KA985,Jakarta Kota,Cirebon,04-08-2025,05.10,05:45:00, Eksekutif,199229,
JKA02008,Matarmaja,KA862,Jember,Gambir,06-08-2025,01.55,18.30,eksekutif,49069,Terlambat
JKA02592,Matarmaja,KA307,Surabaya Pasarturi,Surabaya Gubeng,2025-06-18,04:25,05:25:00,Bisnis,79823,Tepat Waktu
JKA02236,  Argo Parahyangan  ,KA919,Malang,Gambir,19 May 2024,11:55,15:30:00, Eksekutif,304224,Tepat Waktu
JKA00881,Argo Parahyangan,KA707,Yogyakarta,Surabaya Pasarturi,05 Aug 2024,06:30,10:55:00,Bisnis,301587,Terlambat
JKA02353,Taksaka,KA593,Semarang Tawang,Jember,17-03-2025,7:25,00:45:00,Ekonomi,148247,Dibatalkan
JKA00123,Kahuripan,KA786,Yogyakarta,Kediri,2025-04-27,00:45,0:20,Eksekutif,51520,TERLAMBAT
JKA00185,Kahuripan,KA771,Yogyakarta,Bandung,17/01/2024,16:40:00,04:45,Bisnis,404827,TERLAMBAT
JKA01878,Argo Parahyangan,KA815,Jember,Surabaya Gubeng,15/06/2025,19:10,12:10:00,Eksekutif,198039,tepat waktu
JKA00805,Harina,KA803,Pasar Senen,Solo Balapan,2025-04-16,12:15:00,04:05:00,Ekonomi,245990,
JKA02705,Kahuripan,KA836,Madiun,Surabaya Pasarturi,13/05/2024,10:00:00,17.40,Bisnis,749059,
JKA01679,Sancaka,KA430,Yogyakarta,Gambir,07/09/2024,02.55,23.30,eksekutif,253117,
JKA01380,Brantas,KA703,Cirebon,Purwokerto,18-06-2024,7:20,11:20:00,NaN,247896,Tepat Waktu
JKA01447,Harina,KA271,Solo Balapan,Jember,2024-01-03,11:25,23:10:00,Bisnis ,401952,TERLAMBAT
JKA01512,Kahuripan,KA469,Surabaya Pasarturi,Kediri,2024-02-24,13:00:00,18:40,eksekutif,203951,-
JKA02778,Argo Parahyangan,,Solo Balapan,Jember,11 Mar 2025,17:30,18:10,Bisnis ,97309,Tepat Waktu
JKA00717,Gajayana,KA335,Yogyakarta,Gambir,22-07-2024,18.15,01.05,Bisnis,300039,Tepat Waktu
JKA01419,Lodaya,KA948,Pasar Senen,Gambir,30 Aug 2024,11:20,15:40,Ekonomi,153717,Dibatalkan
JKA01927,Kahuripan,KA122,Madiun,Yogyakarta,15-05-2024,19:30:00,06:35,EKONOMI,302727,TERLAMBAT
JKA00474,Malabar,KA990,Kediri,Purwokerto,2024-01-13,09.45,08:10:00,eksekutif,,Tepat Waktu
JKA00834,Gajayana,KA81,Semarang Tawang,Jakarta Kota,06-02-2025,16:55:00,06.25,Bisnis ,395037,
JKA00179,Joglosemarkerto,KA596,Yogyakarta,Purwokerto,24-03-2024,4:40,08:55,Bisnis ,70305,null
JKA02934,Taksaka,KA806,Surabaya Gubeng,Gambir,01/05/2025,13:30,19:55:00,eksekutif,79476,tepat waktu
JKA00613,Matarmaja,KA818,Yogyakarta,Semarang Tawang,02 Jan 2025,14:40,1:25,EKONOMI,253850,
JKA00913,Sancaka,KA319,Surabaya Pasarturi,Cirebon,2025-03-05,12.30,00:25, Eksekutif,70716,Dibatalkan
JKA01552,Sancaka,KA736,Kediri,Solo Balapan,05-04-2024,04:10,20:00:00,Bisnis ,97705,tepat waktu
JKA00253,Pasundan,KA945,Bandung,Jakarta Kota,13 May 2024,21:50,3:55,Ekonomi,202650,tepat waktu
JKA00334,SERAYU,KA523,Malang,Jakarta Kota,23/10/2024,00:00:00,08.45, Eksekutif,300757,
JKA00030,Mutiara Selatan,,Surabaya Pasarturi,Surabaya Gubeng,04/01/2025,9:00,08:00,EKONOMI,197068,Tepat Waktu
JKA02805,Sembrani,KA253,Surabaya Pasarturi,Yogyakarta,25-10-2024,03:50,21:30,EKONOMI,96195,
JKA00390,Lodaya,KA102,Surabaya Gubeng,Solo Balapan,2024-04-17,05.40,18:35,EKONOMI,254374,TERLAMBAT
JKA02464,Malabar,KA633,Jember,Surabaya Pasarturi,21/12/2024,22:20,03:00:00,Ekonomi,103991,TERLAMBAT
JKA01045,,KA253,Purwokerto,Malang,04/03/2025,23:50,10:20,Bisnis ,201730,tepat waktu
JKA00732,Turangga,KA889,Pasar Senen,Jakarta Kota,2024-04-05,4:50,23.45,-,46515,-
JKA00521,Gaya Baru Malam,KA543,Jember,Madiun,23 Jun 2024,08:30,21:45,Bisnis ,404196,-
JKA00087,Matarmaja,,Purwokerto,Bandung,08/07/2024,15:25,00:20:00,Bisnis,399374,-
JKA02886,Kaligung,KA867,Jakarta Kota,Yogyakarta,31 Aug 2024,03:30,02:00:00,Bisnis,498388,
JKA02882,Gaya Baru Malam,KA583,Bandung,Cirebon,22-06-2024,18:05,00.10,EKONOMI,153618,
JKA01379,Mutiara Selatan,KA405,Cirebon,Jember,06/07/2025,14:20,08:25,EKONOMI,303324,Tepat Waktu
JKA02883,Bengawan,KA990,Purwokerto,Yogyakarta,2024-02-26,07:55,12:25,Bisnis,98885,
JKA02633,Progo,KA846,Gambir,Kediri,25 Jun 2025,11.15,17:50,Bisnis,198415,-
JKA01797,Brantas,KA82,Madiun,Malang,27 May 2024,17:55:00,22:35,Bisnis ,503626,TERLAMBAT
JKA01472,Turangga,KA273,Jember,Solo Balapan,2025-04-16,16.40,10:00:00,EKONOMI,198732,N/A
JKA02782,Taksaka,KA287,Surabaya Pasarturi,Madiun,06-09-2024,01.20,22.50, Eksekutif,Rp747.295,Dibatalkan
JKA01714,Turangga,KA645,Malang,Semarang Tawang,2025-08-22,18:30,16:10,EKONOMI,295001,
JKA01547,Kahuripan,KA337,Yogyakarta,Surabaya Pasarturi,2024-10-03,09:15,00:45,eksekutif,396576,-
JKA02489,Sancaka,KA216,Jember,Semarang Tawang,23-04-2025,11:55:00,9:20,EKONOMI,Rp103.097,TERLAMBAT
JKA00373,Matarmaja,,Bandung,Jakarta Kota,2024-06-19,09:05:00,03:20,Ekonomi,54595,
JKA02858,Lodaya,KA523,Pasar Senen,Cirebon,01/03/2024,22:30:00,23:05:00,eksekutif,253308,
JKA00337,Turangga,KA621,Gambir,Kediri,14-10-2024,06.05,22:15,eksekutif,245602,-
JKA00280,Joglosemarkerto,KA531,Cirebon,Kediri,20-06-2024,10.50,08.50,Eksekutif,504503,Terlambat
JKA00645,Progo,KA430,Gambir,Cirebon,03-11-2024,3:10,07:15:00,Bisnis,78883,tepat waktu
JKA00265,Tawang Jaya,KA89,Bandung,Jakarta Kota,21 Apr 2025,13.10,7:20, Eksekutif,747784,Terlambat
JKA01760,KAHURIPAN,KA807,Pasar Senen,Madiun,28-04-2024,19:30:00,08:50,Bisnis ,Rp750.873,-
JKA02448,Argo Parahyangan,,Bandung,Madiun,12 Feb 2025,20:35,7:00,Ekonomi,747220,Tepat Waktu
JKA02083,Joglosemarkerto,KA808,Malang,Yogyakarta,25/12/2024,3:50,18.50,eksekutif,397083,Dibatalkan
JKA02268,Sembrani,KA881,Jember,Gambir,2024-03-19,6:00,5:05,Bisnis,750541,Tepat Waktu
JKA01312,Jayabaya,KA330,Yogyakarta,Gambir,2024-03-24,21:10:00,11:45:00,Ekonomi,400468,tepat waktu
JKA01074,Pasundan,KA164,Bandung,Purwokerto,07 Apr 2025,13:30:00,10.00,Bisnis,Rp401.849,TERLAMBAT
jka02839,Kaligung,KA643,Yogyakarta,Gambir,21-02-2025,12:10,13:50:00,eksekutif,103212,TERLAMBAT
JKA00588,Sancaka,KA280,Jember,Surabaya Pasarturi,2025-06-16,15:25,1:50,Bisnis ,199310,Tepat Waktu
JKA02343,Bengawan,KA788,Bandung,Jakarta Kota,2025-04-02,00.05,15:40,Ekonomi,400774,Tepat Waktu
JKA00758,Brantas,KA569,Surabaya Gubeng,Madiun,2025-01-25,11:05,15:05:00,Bisnis ,48720,
JKA00702,Jayabaya,KA167,Malang,Purwokerto,25/02/2025,01.55,07.50,Ekonomi,53114,tepat waktu
JKA00374,TURANGGA,KA999,Cirebon,Jember,29 Sep 2024,15:25:00,10.25,Ekonomi,150918,Tepat Waktu
JKA02232,Matarmaja,KA799,Solo Balapan,Bandung,26/02/2024,07.10,17:55:00,eksekutif,151382,Dibatalkan
JKA01024,Jayabaya,KA633,Surabaya Gubeng,Solo Balapan,02 Jul 2025,03:25:00,17:45,Bisnis ,54548,tepat waktu
JKA02745,Tawang Jaya,KA262,Gambir,Pasar Senen,08-06-2025,23.25,4:55, Eksekutif,250304,-
JKA00320,Bengawan,KA450,Jakarta Kota,Surabaya Gubeng,05/01/2025,23:20:00,16:35,Bisnis,250482,
JKA01739,Brantas,KA867,Jember,Pasar Senen,06-04-2024,15.15,02:25,Eksekutif,,tepat waktu
JKA00031,Progo,KA536,Malang,Bandung,2025-08-13,04.10,02:15,EKONOMI,304933,
jka00442,Tawang Jaya,KA883,Kediri,Gambir,2024-04-23,09.05,10:55:00,Ekonomi,97257,Dibatalkan
JKA00929,,KA601,Madiun,Semarang Tawang,25 Feb 2025,01:55:00,16:45:00,eksekutif,250640,Tepat Waktu
JKA01209,Serayu,KA747,Jember,Yogyakarta,16 Aug 2025,14:00:00,08:10,N/A,146097,tepat waktu
JKA01360,Bengawan,KA994,Malang,Semarang Tawang,06/11/2024,23:20:00,06.55,-,98951,tepat waktu
JKA02691,Argo Parahyangan,KA365,Pasar Senen,Gambir,29/01/2025,07:25:00,11:50:00,EKONOMI,204791,tepat waktu
JKA02387,Malabar,KA679,Malang,Bandung,2025-01-17,07.30,16:55:00,Bisnis,397061,
JKA02012,Progo,KA291,Gambir,Surabaya Pasarturi,2024-09-19,01:50,14:10,Bisnis ,74807,Tepat Waktu
JKA01919,Matarmaja,KA869,Gambir,Jember,19-01-2025,10:05,16:30,EKONOMI,Rp752.577,tepat waktu
JKA02121,Mutiara Selatan,KA731,Surabaya Pasarturi,Yogyakarta,26/01/2025,6:15,20.40,Bisnis ,300613,Terlambat
JKA01897,Sancaka,KA365,Purwokerto,Semarang Tawang,2025-03-20,04:00:00,09.30,Bisnis ,302856,
JKA02683,Argo Parahyangan,KA519,Surabaya Pasarturi,Semarang Tawang,26/01/2024,15.50,21:45:00,EKONOMI,254082,Dibatalkan
JKA01635,Matarmaja,KA55,Surabaya Pasarturi,Madiun,18 Dec 2024,6:55,6:40,Bisnis,200891,tepat waktu
JKA01553,Gaya Baru Malam,KA650,Malang,Bandung,27/02/2024,06.40,06:00,Eksekutif,745710,Terlambat
JKA02563,Mutiara Selatan,KA306,Bandung,Madiun,27-02-2025,02.35,17:30:00,eksekutif,101609,Tepat Waktu
JKA02473,Harina,KA154,Pasar Senen,Bandung,18 Dec 2024,05:30:00,19:45,EKONOMI,51020,TERLAMBAT
JKA01651,Jayabaya,KA478,Gambir,Semarang Tawang,28-02-2024,21:40:00,21.05,EKONOMI,50160,Terlambat
JKA01159,Gajayana,KA366,Yogyakarta,Surabaya Gubeng,15-08-2024,14:50:00,02:35,eksekutif,147032,
JKA00108,Serayu,KA410,Madiun,Solo Balapan,2025-07-10,11:55,03.15,Bisnis,745725,-
JKA01293,Kaligung,KA292,Surabaya Pasarturi,Semarang Tawang,18-04-2025,09:20,01:35:00,EKONOMI,101980,Dibatalkan
JKA02669,Gajayana,KA755,Surabaya Gubeng,Kediri,2024-07-17,02.30,22:20:00,eksekutif,252351,Dibatalkan
JKA01004,Lodaya,KA5,Solo Balapan,Bandung,2024-05-13,05:55,21.05,EKONOMI,204214,Tepat Waktu
JKA02245,Kaligung,KA83,Jakarta Kota,Gambir,2024-05-07,04:35:00,08:35, Eksekutif,198068,Terlambat
JKA01845,BENGAWAN,KA294,Purwokerto,Semarang Tawang,2025-04-25,11.40,07.20,eksekutif,246916,Terlambat
JKA00599,Kahuripan,KA273,Surabaya Gubeng,Malang,30 Jul 2025,00:25,12.10,Eksekutif,503043,-
JKA00602,Malabar,KA644,Surabaya Pasarturi,Yogyakarta,23/08/2025,10:00,01:25:00,Ekonomi,100165,Tepat Waktu
JKA01298,Harina,KA578,Gambir,Pasar Senen,2024-06-01,01:30,15:20,Bisnis,300065,Dibatalkan
JKA02207,Bima,KA899,Malang,Purwokerto,12/03/2025,11:25,15.30,Eksekutif,78497,
JKA01888,Kertajaya,KA52,Jakarta Kota,Pasar Senen,23/08/2025,09:00:00,9:05,Ekonomi,751874,TERLAMBAT
JKA01670,GAYA BARU MALAM,KA776,Jember,Pasar Senen,10/03/2024,16.00,14:15,Eksekutif,151195,TERLAMBAT
JKA02718,Mutiara Selatan,KA916,Semarang Tawang,Jakarta Kota,02-12-2024,05:20,4:35,Eksekutif,75929,Tepat Waktu
jka02038,Joglosemarkerto,KA87,Semarang Tawang,Malang,2025-01-27,20:15:00,14:15,eksekutif,74409,Dibatalkan
JKA02938,Kaligung,KA137,Jember,Surabaya Gubeng,2024-08-08,18:35,13:40:00, Eksekutif,197601,-
JKA02260,Turangga,KA61,Purwokerto,Jakarta Kota,21/01/2025,22:10:00,5:10, Eksekutif,398636,Dibatalkan
JKA00937,Harina,KA251,Pasar Senen,Jakarta Kota,2024-08-31,08:20,18:15,Bisnis,248152,Terlambat
JKA02953,Pasundan,KA291,Jember,Semarang Tawang,31 Jul 2025,10:10:00,11:35, Eksekutif,50674,Dibatalkan
JKA00188,Malabar,KA629,Kediri,Madiun,11/02/2025,21:05,14:55,NULL,153328,TERLAMBAT
JKA02405,Joglosemarkerto,KA522,Surabaya Gubeng,Bandung,20-03-2024,12:20,10:30, Eksekutif,502548,
JKA02300,Brantas,KA912,Jakarta Kota,Bandung,18-07-2025,16:05,01.05,eksekutif,47156,Terlambat
JKA02585,Jayabaya,KA912,Gambir,Yogyakarta,01 Nov 2024,22:05,21:55,NaN,496533,Terlambat
JKA01771,Sembrani,KA789,Madiun,Pasar Senen,01-07-2025,15:35,10:40:00,Bisnis ,248591,tepat waktu
JKA02196,Progo,KA339,Malang,Pasar Senen,11/03/2024,10:50,11:55,Eksekutif,249564,Terlambat
JKA01808,Argo Bromo Anggrek,KA767,Jember,Bandung,2025-03-25,01:30,08:15:00,Ekonomi,752739,TERLAMBAT
JKA00841,Progo,KA808,Semarang Tawang,Jakarta Kota,23 Sep 2024,3:45,08:00:00,Ekonomi,498725,Terlambat
JKA00292,Progo,KA588,Semarang Tawang,Malang,29-05-2025,05.45,11:30,eksekutif,78779,Dibatalkan
JKA00631,Kertajaya,KA287,Yogyakarta,Bandung,07-08-2025,15:05,7:30,Bisnis,404987,Terlambat
JKA01075,Kaligung,KA701,Surabaya Gubeng,Bandung,26 Apr 2024,15:50:00,00:30:00,Bisnis ,298350,Terlambat
JKA00444,Turangga,KA395,Malang,Bandung,14/12/2024,18.40,09:55:00,Bisnis ,103265,Dibatalkan
JKA00013,Gajayana,KA107,Surabaya Pasarturi,Yogyakarta,2024-12-23,07.25,05.35,EKONOMI,495128,-
JKA00965,Bengawan,KA677,Jakarta Kota,Bandung,10/04/2025,12:10,19:30,Bisnis ,199901,Tepat Waktu
JKA02790,Argo Parahyangan,KA568,Jakarta Kota,Madiun,12 Apr 2024,21.55,09:45,Bisnis ,296787,
JKA01775,Gaya Baru Malam,,Gambir,Jakarta Kota,06/04/2025,23:55,19:25:00,EKONOMI,745371,-
JKA01798,Progo,KA103,Cirebon,Bandung,23-02-2024,00:35:00,22:10:00, Eksekutif,751240,Dibatalkan
JKA01348,Jayabaya,KA442,Jember,Gambir,03-02-2024,22:15:00,08.35,EKONOMI,201771,TERLAMBAT
JKA01032,Jayabaya,KA144,Bandung,Surabaya Pasarturi,2024-10-27,19:10,07:25,eksekutif,201479,Dibatalkan
JKA01190,Jayabaya,KA380,Surabaya Gubeng,Jakarta Kota,21 Jan 2024,14.25,17:10,NaN,297988,TERLAMBAT
JKA00672,Serayu,KA659,Purwokerto,Jember,27/03/2025,7:55,06:25,Eksekutif,195191,Dibatalkan
JKA02024,Joglosemarkerto,KA113,Surabaya Gubeng,Solo Balapan,08 Mar 2024,01:25,22:10,eksekutif,296510,TERLAMBAT
JKA02734,Bengawan,KA334,Jember,Cirebon,01/09/2024,02:45,21:55,Bisnis,49553,TERLAMBAT
JKA01961,Joglosemarkerto,KA548,Solo Balapan,Yogyakarta,2025-08-16,13:10,10:55:00,eksekutif,,TERLAMBAT
JKA02115,Jayabaya,KA218,Malang,Madiun,20/02/2025,13:30,16:35,Eksekutif,396898,
JKA01487,Lodaya,KA83,Kediri,Purwokerto,2024-08-24,16.45,18:15, Eksekutif,76985,-
JKA01142,Malabar,KA213,Pasar Senen,Yogyakarta,18/04/2024,22:15:00,01:05:00,Bisnis,754801,
JKA01147,Progo,KA932,Cirebon,Madiun,07/03/2024,14.00,9:50,Ekonomi,246529,TERLAMBAT
jka01288,Joglosemarkerto,KA755,Jember,Solo Balapan,10-03-2024,4:10,11.55,Bisnis ,200971,Dibatalkan
JKA00195,Brantas,KA192,Bandung,Madiun,14 Jun 2025,10:55,0:50,eksekutif,746650,Dibatalkan
JKA02140,Pasundan,KA561,Gambir,Madiun,02/11/2024,00.50,2:40,EKONOMI,Rp300.251,
JKA02601,Argo Parahyangan,KA265,Purwokerto,Madiun,2024-07-05,08:45:00,11:30, Eksekutif,404042,Dibatalkan
JKA01051,Kahuripan,KA671,Bandung,Madiun,2024-03-04,13:35,01.05,EKONOMI,71699,null
JKA00366,  Jayabaya  ,KA520,Jakarta Kota,Malang,12/03/2024,1:50,06:10,Bisnis,753992,Terlambat
JKA02546,Matarmaja,KA568,Surabaya Pasarturi,Madiun,21/10/2024,1:25,09:20:00,Ekonomi,245344,Terlambat
JKA02386,Bengawan,KA986,Kediri,Cirebon,13/01/2025,21.00,03:25, Eksekutif,97298,tepat waktu
JKA01830,Brantas,,Solo Balapan,Madiun,08 Mar 2025,09.00,20:45:00,Bisnis ,198646,-
jka01696,Progo,KA486,Purwokerto,Yogyakarta,2025-06-06,13:05,15:20:00,eksekutif,304899,Dibatalkan
JKA01852,Mutiara Selatan,KA805,Semarang Tawang,Pasar Senen,18 Jun 2025,01.00,3:50,Ekonomi,153400,-
JKA00969,Argo Bromo Anggrek,KA835,Surabaya Gubeng,Solo Balapan,21/11/2024,22:20,11:25,Bisnis ,299191,TERLAMBAT
JKA00484,Malabar,KA843,Pasar Senen,Surabaya Gubeng,12/10/2024,3:15,00:45,EKONOMI,,
jka01394,Turangga,KA46,Surabaya Pasarturi,Kediri,13 Feb 2025,15:50,03.30,eksekutif,103153,Dibatalkan
JKA02914,Serayu,KA5,Jember,Surabaya Pasarturi,2024-07-25,00.35,18.05,EKONOMI,401792,Terlambat
JKA00417,Kaligung,KA372,Bandung,Jakarta Kota,24 Apr 2025,10:50:00,12:10, Eksekutif,251950,
JKA01983,Lodaya,KA395,Jember,Semarang Tawang,19-05-2024,20.50,09:35,Ekonomi,75101,
JKA02653,Jayabaya,KA966,Solo Balapan,Jember,18-08-2024,01:10,03.00,Ekonomi,204348,
JKA00663,Brantas,KA254,Yogyakarta,Bandung,2024-04-06,03:35,15:25:00,EKONOMI,74330,
JKA00318,Kaligung,KA163,Yogyakarta,Surabaya Gubeng,09 Jun 2024,03:30:00,9:15,EKONOMI,45297,-
JKA02205,Gajayana,KA33,Pasar Senen,Cirebon,2024-05-11,13:25,03:40,eksekutif,Rp252.480,TERLAMBAT
JKA02878,Malabar,KA886,Purwokerto,Semarang Tawang,15 Jan 2025,20:50,15.40,Eksekutif,154735,Tepat Waktu
JKA00644,Brantas,KA797,Cirebon,Madiun,16 Jan 2025,08.45,20.50,EKONOMI,104662,
JKA01119,Brantas,,Solo Balapan,Madiun,19 Jun 2024,8:05,13.00,EKONOMI,78374,tepat waktu
JKA01624,Kaligung,KA140,Solo Balapan,Pasar Senen,16 Jul 2025,23:15,11:40:00,EKONOMI,70952,Tepat Waktu
JKA01342,Kertajaya,KA329,Pasar Senen,Madiun,11 Mar 2024,2:00,22:40,EKONOMI,78293,Tepat Waktu
JKA02675,Joglosemarkerto,KA713,Jember,Malang,23-07-2024,16.00,03.55,EKONOMI,301739,Tepat Waktu
JKA01754,  Sancaka  ,KA741,Surabaya Gubeng,Semarang Tawang,26 Apr 2025,11.30,00:00,EKONOMI,75196,tepat waktu
JKA00628,Progo,KA69,Madiun,Surabaya Pasarturi,04 Aug 2025,17:25,08:45,Ekonomi,76169,Tepat Waktu
JKA00992,,KA978,Surabaya Pasarturi,Malang,06 Jun 2024,12:00,06:25,Ekonomi,,Dibatalkan
JKA02719,Jayabaya,KA804,Jakarta Kota,Kediri,06-05-2024,4:10,08:25, Eksekutif,504252,tepat waktu
JKA02867,Gaya Baru Malam,KA193,Bandung,Pasar Senen,2024-06-27,15:35,15:05:00,EKONOMI,749696,TERLAMBAT
JKA00443,Bengawan,KA663,Purwokerto,Malang,14-10-2024,23:35,02.20,Bisnis ,75783,-
JKA00353,Matarmaja,KA414,Jember,Gambir,18/01/2025,18.10,23:00:00, Eksekutif,250567,
JKA01127,Mutiara Selatan,KA769,Madiun,Yogyakarta,02 Sep 2024,17:40,1:05, Eksekutif,497165,
JKA00450,Bengawan,KA713,Pasar Senen,Jakarta Kota,2025-05-10,08:50,4:30,Bisnis ,100852,-
JKA00764,Matarmaja,KA234,Purwokerto,Kediri,2025-03-11,04:55,5:00,EKONOMI,198748,Dibatalkan
JKA01793,Bima,KA655,Surabaya Pasarturi,Surabaya Gubeng,01 Jul 2024,18:55,08.45,Eksekutif,495061,TERLAMBAT
JKA01344,Gajayana,KA881,Purwokerto,Malang,2025-05-30,02:50,10:55:00,NaN,48079,tepat waktu
JKA00606,  Serayu  ,KA293,Purwokerto,Madiun,15-10-2024,17:25:00,05.15,Ekonomi,150358,-
JKA02283,Bima,KA656,Bandung,Semarang Tawang,05/11/2024,00:45,06.50,Bisnis ,746925,tepat waktu
JKA00115,Argo Parahyangan,KA360,Surabaya Gubeng,Solo Balapan,14/04/2024,09:00:00,08:25,eksekutif,73882,-
JKA01280,Gaya Baru Malam,KA558,Semarang Tawang,Kediri,24-10-2024,04:10,15:10,Eksekutif,752359,Terlambat
JKA00515,Joglosemarkerto,KA82,Madiun,Purwokerto,28 Apr 2024,16:25:00,22.25,Eksekutif,101947,-
JKA02112,Jayabaya,KA51,Bandung,Malang,08-12-2024,00:20:00,03:30,Ekonomi,153871,Dibatalkan
JKA02507,,KA813,Solo Balapan,Surabaya Gubeng,06-09-2024,05:40,19:05,Ekonomi,196841,TERLAMBAT
JKA01996,Brantas,KA19,Semarang Tawang,Jember,09 Feb 2024,10:40:00,18:35,Bisnis,Rp147.772,Terlambat
JKA01117,Bima,KA300,Solo Balapan,Pasar Senen,06-07-2024,03:55,16:25:00,Bisnis,498152,Dibatalkan
JKA02980,JOGLOSEMARKERTO,KA783,Cirebon,Solo Balapan,18-10-2024,23:40,15.25,Bisnis,248770,Terlambat
JKA00192,Kertajaya,KA529,Kediri,Semarang Tawang,14 Apr 2025,18:00:00,03:20,eksekutif,148767,Dibatalkan
JKA02337,Pasundan,KA211,Surabaya Pasarturi,Surabaya Gubeng,05/04/2024,21:50,04.25,EKONOMI,503514,-
JKA00807,Sembrani,KA655,Semarang Tawang,Surabaya Pasarturi,2024-06-03,21:40,17:55:00,EKONOMI,746607,Terlambat
JKA02613,Serayu,KA146,Bandung,Pasar Senen,2025-05-26,08:55:00,13:40:00,Bisnis ,54142,tepat waktu
JKA01150,Lodaya,KA181,Bandung,Madiun,23 Jun 2025,13.45,23:00:00, Eksekutif,249718,TERLAMBAT
JKA02404,Argo Bromo Anggrek,KA283,Jakarta Kota,Jember,11/05/2024,6:50,20:50,-,100313,Tepat Waktu
JKA01876,Taksaka,KA642,Purwokerto,Kediri,16 Aug 2024,10.35,06:50:00, Eksekutif,299420,Terlambat
JKA02631,Mutiara Selatan,KA350,Surabaya Gubeng,Bandung,2025-03-05,22:25,12:20,Bisnis ,745309,Dibatalkan
JKA00593,Lodaya,KA65,Cirebon,Surabaya Pasarturi,26-02-2025,06.30,11:55,EKONOMI,49123,Tepat Waktu
JKA00285,Gajayana,KA862,Malang,Kediri,04-01-2025,17:55,02:25:00,Eksekutif,299646,-
JKA00361,  Pasundan  ,KA226,Kediri,Solo Balapan,25/07/2024,11:15,02:00:00,Eksekutif,50523,Tepat Waktu
JKA02948,Matarmaja,KA144,Surabaya Pasarturi,Pasar Senen,2025-04-30,17.30,21:05,EKONOMI,49160,tepat waktu
JKA01839,Harina,KA935,Cirebon,Pasar Senen,2024-04-18,23:35,20:40:00, Eksekutif,71932,-
JKA01040,Malabar,KA48,Surabaya Gubeng,Jakarta Kota,13/05/2024,21:10,11:30,Bisnis ,46566,
JKA02926,Sancaka,KA166,Surabaya Pasarturi,Semarang Tawang,22/06/2024,23.10,0:10,Eksekutif,504564,Terlambat
JKA00998,Lodaya,KA337,Surabaya Pasarturi,Yogyakarta,05-08-2024,15:50,19:45,EKONOMI,52917,Tepat Waktu
JKA02041,Serayu,KA131,Semarang Tawang,Surabaya Pasarturi,01/01/2024,07:20:00,03.20,Eksekutif,152400,
JKA00772,,KA236,Pasar Senen,Cirebon,03/08/2024,16:40,22:45,Bisnis,96984,Terlambat
JKA00112,Sembrani,KA313,Cirebon,Bandung,22-12-2024,14:45,21.55,EKONOMI,746388,Terlambat
JKA00637,Bengawan,KA466,Pasar Senen,Gambir,07/02/2025,05:00:00,4:10, Eksekutif,751016,Terlambat
JKA00375,  Bima  ,KA981,Bandung,Jakarta Kota,27-06-2025,22.15,14:45:00,EKONOMI,,-
JKA02593,Sembrani,KA996,Jakarta Kota,Solo Balapan,26-02-2024,12:20,00:55,eksekutif,100006,tepat waktu
JKA01008,Gaya Baru Malam,KA396,Surabaya Pasarturi,Semarang Tawang,26 May 2025,10.25,15:25,Bisnis,Rp202.704,Tepat Waktu
JKA00308,,KA858,Solo Balapan,Pasar Senen,19/03/2024,15:50,10.00,Bisnis ,76458,Tepat Waktu
JKA00508,Kaligung,KA675,Kediri,Surabaya Gubeng,21/09/2024,14:20,3:40,eksekutif,102655,tepat waktu
JKA01162,Turangga,KA352,Kediri,Gambir,17-02-2024,23:00:00,11.30,Bisnis ,497457,Dibatalkan
JKA00616,Taksaka,KA630,Bandung,Solo Balapan,01 Jan 2025,00.55,10.30,Bisnis,202020,-
JKA02390,Taksaka,KA352,Madiun,Pasar Senen,10 Jul 2025,13:15,21.50,Bisnis ,153879,Tepat Waktu
JKA01413,  Taksaka  ,KA230,Madiun,Jember,2025-02-07,12:20:00,22:45,Ekonomi,754350,tepat waktu
jka02714,Taksaka,KA708,Jakarta Kota,Madiun,28-12-2024,15:30,04.45,Bisnis ,76438,Dibatalkan
JKA01583,Gajayana,KA930,Kediri,Malang,26-06-2024,21.30,05:45:00,Bisnis,202224,-
JKA01862,Bengawan,KA17,Solo Balapan,Yogyakarta,02-04-2025,16:10,00:00:00,Eksekutif,249216,Dibatalkan
JKA00553,Bengawan,KA820,Pasar Senen,Jember,18/07/2024,21:15,06.55,EKONOMI,747486,Tepat Waktu
JKA00333,Serayu,KA209,Solo Balapan,Purwokerto,2024-08-27,08:40,7:40,Ekonomi,751664,TERLAMBAT
JKA01642,  Joglosemarkerto  ,KA874,Surabaya Gubeng,Madiun,18-02-2025,19.00,21.35,EKONOMI,71479,NULL
JKA02603,Gajayana,KA781,Solo Balapan,Jember,19 Mar 2024,00:45:00,09:50,Ekonomi,403378,Tepat Waktu
JKA00886,Argo Bromo Anggrek,KA503,Jember,Kediri,11 Oct 2024,08.25,3:55, Eksekutif,253808,
JKA01112,Harina,KA850,Purwokerto,Madiun,01/10/2024,9:40,21:25:00,Bisnis ,101823,tepat waktu
JKA01189,Jayabaya,KA175,Pasar Senen,Madiun,2024-11-02,3:45,22.40,eksekutif,397515,Tepat Waktu
JKA02432,Kahuripan,KA333,Yogyakarta,Surabaya Pasarturi,13 Mar 2024,03:30:00,9:35,Ekonomi,299063,Terlambat
JKA02722,Serayu,KA974,Solo Balapan,Madiun,16/07/2025,12:25,10:50,eksekutif,153794,-
JKA01698,Argo Parahyangan,KA623,Madiun,Surabaya Gubeng,31 Oct 2024,12:20:00,23:50,Bisnis,296444,
JKA02816,Kaligung,KA995,Malang,Bandung,30-05-2025,02.05,21:35:00,eksekutif,76288,TERLAMBAT
JKA00988,Argo Parahyangan,,Solo Balapan,Surabaya Gubeng,2025-03-20,11:00,23:40,Bisnis ,299357,
JKA00351,,KA557,Jember,Surabaya Gubeng,07/12/2024,21.25,09.55,Bisnis,747258,-
JKA02702,ARGO BROMO ANGGREK,KA935,Kediri,Surabaya Gubeng,2024-02-12,15.10,21.50,eksekutif,151336,Tepat Waktu
JKA00276,Argo Bromo Anggrek,KA602,Malang,Jakarta Kota,2025-07-28,06:55:00,23:30:00,Ekonomi,101944,
JKA02126,ARGO PARAHYANGAN,KA736,Surabaya Gubeng,Cirebon,08 Jan 2025,04:40:00,19.15,Bisnis,,
JKA01631,Kahuripan,KA930,Jakarta Kota,Purwokerto,26/07/2025,01:15,04:40:00,Ekonomi,399420,
JKA00603,Sembrani,KA347,Pasar Senen,Jember,27/02/2024,15:05,04:10,EKONOMI,98850,Dibatalkan
JKA01047,JOGLOSEMARKERTO,KA293,Bandung,Surabaya Pasarturi,03 Jul 2025,15:40,17:10:00,Bisnis ,204401,Tepat Waktu
JKA01439,Argo Parahyangan,KA933,Semarang Tawang,Kediri,08-01-2024,23:45,00:40:00, Eksekutif,49812,Dibatalkan
JKA01634,Taksaka,KA881,Madiun,Solo Balapan,2025-05-21,20:25,21:30,EKONOMI,498314,Tepat Waktu
JKA00069,Kertajaya,KA559,Solo Balapan,Semarang Tawang,10 Jul 2024,22.35,16:20,Bisnis ,296293,Terlambat
JKA00590,Malabar,KA885,Purwokerto,Bandung,2024-11-22,00:10,7:05,Ekonomi,72523,Tepat Waktu
JKA00871,Kahuripan,KA807,Jakarta Kota,Pasar Senen,2024-07-27,10:15:00,16:40,Bisnis,147044,
JKA01836,Mutiara Selatan,KA439,Bandung,Madiun,08/11/2024,13:10:00,07.50,Eksekutif,295515,
JKA00597,Taksaka,KA627,Cirebon,Surabaya Pasarturi,24/05/2024,16:35,13:35,Ekonomi,100547,tepat waktu
JKA00863,Argo Parahyangan,KA948,Jakarta Kota,Jember,18/07/2025,19:45:00,08:55,EKONOMI,251815,Terlambat
JKA01128,,KA228,Jember,Yogyakarta,05/01/2025,5:00,21:55, Eksekutif,303568,tepat waktu
JKA00721,Gajayana,KA135,Solo Balapan,Semarang Tawang,27/01/2024,00:00,04.20,Bisnis ,154606,Terlambat
JKA01681,Bima,KA502,Jember,Pasar Senen,15 May 2025,8:05,13:05,Bisnis ,750964,Dibatalkan
JKA00780,Argo Parahyangan,KA866,Pasar Senen,Surabaya Pasarturi,10-01-2025,04.05,21.20,NaN,50225,Tepat Waktu
JKA00956,Taksaka,KA316,Madiun,Bandung,15-06-2025,16:55,01:10:00,eksekutif,Rp104.451,TERLAMBAT
JKA00127,Kaligung,KA378,Cirebon,Semarang Tawang,2024-05-02,05:15,12:05:00, Eksekutif,200090,Tepat Waktu
JKA00885,Bengawan,KA412,Surabaya Pasarturi,Purwokerto,04 Oct 2024,3:40,18:25,Eksekutif,Rp751.746,tepat waktu
JKA00262,MUTIARA SELATAN,KA992,Surabaya Gubeng,Bandung,2025-06-26,19:25,14:50,Ekonomi,48173,
JKA01955,Bengawan,KA30,Malang,Jakarta Kota,24/05/2024,01.15,16:10,eksekutif,101361,
JKA02635,Mutiara Selatan,KA809,Malang,Jakarta Kota,03-05-2024,04:35,23:30:00,Ekonomi,299617,N/A
JKA02023,  Jayabaya  ,KA987,Gambir,Semarang Tawang,2024-02-19,17:15,13:50,Ekonomi,54675,Dibatalkan
JKA01290,Gaya Baru Malam,KA767,Kediri,Bandung,22/12/2024,5:05,06:30:00,Eksekutif,53421,-
JKA02888,Pasundan,KA711,Bandung,Cirebon,12/10/2024,04:15:00,10:55,Bisnis,396302,
JKA01990,Gajayana,KA986,Yogyakarta,Jember,25/02/2025,04:35,04:15,eksekutif,195545,Tepat Waktu
JKA02907,Gaya Baru Malam,KA773,Solo Balapan,Malang,23 Dec 2024,10:00,21:50,Bisnis,79325,null
JKA02063,Sembrani,KA934,Solo Balapan,Jember,13-02-2024,22.15,04:45,Eksekutif,503701,
JKA01535,Bima,KA265,Jakarta Kota,Cirebon,20/06/2025,03:25,00:35,Bisnis,95110,TERLAMBAT
JKA02581,Sembrani,KA637,Purwokerto,Kediri,14 Feb 2024,18.00,07:45:00,EKONOMI,503845,Dibatalkan
JKA01136,Progo,KA534,Bandung,Jember,26 Apr 2024,22:45:00,20:00:00,Ekonomi,403615,-
JKA00225,Turangga,KA550,Pasar Senen,Malang,16-05-2025,14:15:00,12:00:00,Bisnis ,251457,TERLAMBAT
JKA00194,Brantas,KA132,Gambir,Kediri,2025-07-08,15.25,15.45,eksekutif,103374,TERLAMBAT
JKA01307,Joglosemarkerto,KA704,Bandung,Yogyakarta,10 Jun 2025,04.40,04:30, Eksekutif,747233,tepat waktu
JKA02909,Malabar,KA553,Jember,Pasar Senen,26 Oct 2024,09:30:00,16:25,Bisnis,303643,
jka02364,Sembrani,KA536,Jember,Cirebon,2024-06-20,5:55,18.50,Ekonomi,401526,TERLAMBAT
JKA01648,Brantas,KA162,Kediri,Purwokerto,2024-07-04,16.45,04:05:00, Eksekutif,,
JKA02092,Bima,,Purwokerto,Kediri,10-01-2025,09:05,08:15:00,eksekutif,47735,Tepat Waktu
JKA00686,Mutiara Selatan,KA852,Jember,Pasar Senen,24/01/2024,23.05,7:40, Eksekutif,200432,TERLAMBAT
JKA01483,Bima,KA203,Kediri,Pasar Senen,16/09/2024,07:40:00,14:00:00,eksekutif,295485,-
JKA01938,Matarmaja,KA422,Surabaya Pasarturi,Purwokerto,14-03-2025,22.25,13:55,Bisnis,48610,-
JKA00791,Bima,KA209,Pasar Senen,Semarang Tawang,2025-01-09,07:50,01:00:00,Ekonomi,748542,
JKA01158,Tawang Jaya,KA644,Solo Balapan,Kediri,2025-05-01,06.30,13:10,Bisnis,298532,Terlambat
JKA02774,Serayu,KA89,Purwokerto,Jakarta Kota,09-09-2024,03.55,22:55,EKONOMI,752673,
JKA01968,Mutiara Selatan,KA76,Surabaya Gubeng,Cirebon,22/03/2024,18:40,10.40,Ekonomi,495134,tepat waktu
JKA02709,Serayu,KA579,Surabaya Pasarturi,Madiun,25/09/2024,14:05,08.25,EKONOMI,72879,TERLAMBAT
JKA00525,  Harina  ,KA212,Cirebon,Pasar Senen,02/02/2025,05.35,23:15,eksekutif,150287,Tepat Waktu
JKA00604,Kertajaya,KA491,Bandung,Jakarta Kota,31 Jul 2024,05.05,07:15,Bisnis ,495396,Terlambat
JKA01164,Pasundan,KA314,Solo Balapan,Jakarta Kota,2024-11-17,02:40,21:25,Bisnis ,399533,-
JKA02210,Harina,KA559,Semarang Tawang,Bandung,31-07-2024,21.30,01:40:00,Ekonomi,304218,Terlambat
jka02700,Tawang Jaya,KA194,Jember,Surabaya Pasarturi,20 Sep 2024,11:15,13:00,eksekutif,203449,-
JKA02073,Sembrani,,Bandung,Surabaya Gubeng,19-04-2024,11:30,23:25,Eksekutif,145990,Tepat Waktu
JKA02986,Gaya Baru Malam,KA961,Surabaya Pasarturi,Purwokerto,2025-05-18,23.50,03.55,Eksekutif,145858,Terlambat
JKA00754,Joglosemarkerto,KA941,Purwokerto,Kediri,16/06/2024,22:30,07:15:00,Bisnis ,295006,Tepat Waktu
JKA02184,Turangga,KA609,Pasar Senen,Jakarta Kota,20/04/2025,04:10:00,12.30,Ekonomi,499743,
jka01265,Joglosemarkerto,KA466,Kediri,Cirebon,20/08/2025,12:50:00,11:15:00,Bisnis ,77825,Tepat Waktu
JKA00944,Turangga,KA342,Cirebon,Jember,16-03-2025,03:25,05:25:00,Bisnis ,499748,TERLAMBAT
JKA02222,Harina,KA126,Semarang Tawang,Pasar Senen,28 Jun 2025,16:30,06.35,Bisnis ,402577,tepat waktu
JKA00141,Progo,KA99,Purwokerto,Yogyakarta,20/03/2025,01.05,06:15:00,Bisnis ,503849,Terlambat
JKA01543,,KA93,Cirebon,Surabaya Gubeng,06-02-2025,04.30,03:35:00,Bisnis,302887,Tepat Waktu
JKA01746,Kahuripan,KA690,Malang,Kediri,2024-05-28,20:05,11:45,Ekonomi,148432,
JKA02671,Mutiara Selatan,KA744,Cirebon,Solo Balapan,2024-11-20,12.20,03:40, Eksekutif,Rp249.392,Dibatalkan
JKA00589,  Pasundan  ,KA435,Cirebon,Gambir,05 Nov 2024,06:35:00,12.00,Bisnis ,300499,
JKA02495,Sancaka,KA156,Gambir,Solo Balapan,19-02-2024,20:05,12:45:00,eksekutif,745172,
JKA02919,Argo Parahyangan,KA624,Gambir,Jakarta Kota,10/08/2025,1:35,14:40:00,eksekutif,250882,Tepat Waktu
JKA02470,Serayu,KA369,Solo Balapan,Surabaya Gubeng,19-03-2024,14:50:00,03:10:00,Ekonomi,53643,tepat waktu
JKA00329,Pasundan,KA912,Purwokerto,Malang,05 Apr 2025,04.55,02:45:00,eksekutif,Rp151.478,-
JKA02801,Matarmaja,KA500,Madiun,Semarang Tawang,18/02/2025,03.15,06.15,eksekutif,,Dibatalkan
JKA02103,Taksaka,KA388,Madiun,Jakarta Kota,06-03-2025,11:45,19:30:00,EKONOMI,401651,Terlambat
JKA01609,Turangga,KA914,Semarang Tawang,Pasar Senen,17/03/2024,11:30:00,2:45,Eksekutif,102039,-
JKA02640,Gajayana,KA272,Jember,Cirebon,12/03/2024,00.55,2:00,eksekutif,70289,Tepat Waktu
JKA02963,Kaligung,KA789,Gambir,Cirebon,2025-05-22,15.15,11:05,Eksekutif,48941,tepat waktu
JKA00866,Kertajaya,KA189,Surabaya Pasarturi,Gambir,21/01/2025,04.05,11:45:00, Eksekutif,397243,Terlambat
JKA00804,Argo Parahyangan,KA821,Madiun,Jember,2024-08-11,0:20,23.40,Eksekutif,751342,NULL
JKA02417,Brantas,KA577,Purwokerto,Malang,2025-07-29,7:45,08:30:00,Bisnis,52845,Terlambat
JKA01587,Turangga,KA766,Pasar Senen,Surabaya Pasarturi,23/02/2024,15:10:00,16:15,Eksekutif,95984,-
JKA01870,Harina,KA689,Madiun,Surabaya Pasarturi,19/09/2024,02:15,03.05,Bisnis ,252819,Tepat Waktu
JKA01066,Lodaya,KA60,Malang,Pasar Senen,2024-02-14,12:25,14:30,Bisnis,304177,
JKA01180,Joglosemarkerto,KA252,Kediri,Cirebon,16/01/2024,16:00,10.05, Eksekutif,504615,-
JKA02291,Turangga,KA666,Kediri,Surabaya Gubeng,19 Oct 2024,23:55,02:10,Bisnis,,
JKA01692,Harina,KA24,Cirebon,Pasar Senen,20 May 2025,18:05:00,17:50, Eksekutif,95333,Tepat Waktu
JKA02339,Argo Parahyangan,,Kediri,Surabaya Pasarturi,20 Nov 2024,07.45,13.40,Ekonomi,498501,
JKA00249,Malabar,KA819,Jakarta Kota,Surabaya Pasarturi,2024-01-15,19:10,21.35, Eksekutif,99280,Terlambat
JKA02380,Joglosemarkerto,KA564,Surabaya Gubeng,Purwokerto,11-05-2024,9:20,08.55,Eksekutif,754621,
JKA02942,Matarmaja,KA860,Jakarta Kota,Madiun,2025-01-08,06:50:00,6:50,N/A,Rp98.715,-
JKA00511,Argo Parahyangan,KA209,Kediri,Yogyakarta,20 Dec 2024,12:10:00,0:50,Bisnis,99936,
JKA01621,Joglosemarkerto,KA236,Cirebon,Kediri,11 Jul 2024,00.05,02:10:00,Eksekutif,301272,-
JKA01666,Gaya Baru Malam,KA705,Madiun,Malang,15 Apr 2024,13.15,00.30,Bisnis,397576,Tepat Waktu
JKA01362,Serayu,KA10,Purwokerto,Semarang Tawang,2025-04-15,13:20:00,21:40,Eksekutif,45227,NULL
JKA00892,Sembrani,KA99,Pasar Senen,Kediri,28/02/2025,02.45,06:30,-,252616,Tepat Waktu
JKA00076,Lodaya,KA882,Surabaya Pasarturi,Malang,2024-03-15,05:35:00,15:35,Ekonomi,747353,-
JKA01276,Sancaka,KA423,Pasar Senen,Cirebon,23/02/2024,11:45,22:10,Bisnis ,201392,Tepat Waktu
JKA02846,Matarmaja,KA872,Jakarta Kota,Malang,27-02-2024,5:15,23.50,eksekutif,245221,TERLAMBAT
JKA01867,Gaya Baru Malam,KA664,Surabaya Pasarturi,Yogyakarta,03 Jan 2024,15:00,10.55,EKONOMI,Rp99.589,TERLAMBAT
JKA00001,Argo Bromo Anggrek,KA734,Yogyakarta,Madiun,2024-04-14,18:30,0:05,Bisnis,,Terlambat
JKA01732,Sembrani,KA816,Yogyakarta,Jakarta Kota,01 May 2025,00:55:00,09:50,Ekonomi,299284,Tepat Waktu
JKA02943,,KA148,Pasar Senen,Yogyakarta,2024-10-17,12:55,14.25,Bisnis ,253606,
JKA01741,Pasundan,KA429,Purwokerto,Gambir,08/02/2025,22:45,01:45:00,Bisnis ,248013,tepat waktu
JKA02424,Mutiara Selatan,KA384,Bandung,Surabaya Pasarturi,11/06/2025,05:05,19.55, Eksekutif,253090,Dibatalkan
JKA00648,Mutiara Selatan,KA67,Cirebon,Bandung,2024-02-10,06:10:00,15.05,EKONOMI,203619,Terlambat
JKA02165,Sembrani,KA347,Purwokerto,Surabaya Pasarturi,21 May 2025,07:05:00,19.05,Ekonomi,254751,tepat waktu
JKA02219,Argo Parahyangan,KA818,Cirebon,Pasar Senen,13-02-2024,1:00,08:05:00,Eksekutif,151626,Terlambat
JKA00980,Harina,KA353,Purwokerto,Yogyakarta,05-07-2025,02.20,12.15,Eksekutif,746202,Tepat Waktu
JKA01723,Mutiara Selatan,KA993,Malang,Madiun,06/11/2024,03:30:00,00:40,eksekutif,71408,tepat waktu
JKA01766,Matarmaja,KA382,Bandung,Yogyakarta,19/08/2025,02.15,03:05,Bisnis,145831,Terlambat
JKA01121,Joglosemarkerto,KA411,Jakarta Kota,Kediri,2025-06-27,09.40,02.50,Bisnis ,95936,Terlambat
JKA00849,Jayabaya,KA156,Surabaya Gubeng,Madiun,19/04/2024,20:40,1:20,Bisnis ,96052,
JKA00332,Sancaka,KA601,Yogyakarta,Gambir,29-02-2024,12.05,04.30,Ekonomi,296981,TERLAMBAT
JKA01891,  Pasundan  ,KA411,Madiun,Gambir,24 Apr 2024,11:00:00,10:05,eksekutif,402752,Dibatalkan
JKA00063,Lodaya,KA620,Malang,Pasar Senen,17-07-2024,21:45:00,14:20:00,EKONOMI,501859,
JKA02441,Brantas,KA97,Surabaya Gubeng,Purwokerto,15/07/2024,05.40,13:30,EKONOMI,Rp754.290,-
JKA01678,Matarmaja,KA522,Kediri,Surabaya Pasarturi,2024-05-27,04.55,18:40,eksekutif,95844,TERLAMBAT
JKA00024,Bima,KA780,Pasar Senen,Solo Balapan,2025-07-31,02:50:00,4:35,Eksekutif,201211,Dibatalkan
JKA01869,Turangga,KA336,Cirebon,Gambir,2024-03-25,4:30,6:20,Bisnis,402967,TERLAMBAT
JKA02286,Bengawan,KA692,Malang,Pasar Senen,2024-12-08,3:30,04:35,Bisnis,204357,Tepat Waktu
JKA00716,Bengawan,KA314,Semarang Tawang,Gambir,16-05-2025,12.40,00.45, Eksekutif,399707,Terlambat
JKA01904,Harina,KA256,Cirebon,Bandung,2025-04-27,05.50,05:15:00,Bisnis ,152232,tepat waktu
JKA01645,Kaligung,KA441,Pasar Senen,Surabaya Pasarturi,2024-10-11,00:30:00,20.35,Ekonomi,398618,Tepat Waktu
JKA02878,Malabar,KA886,Purwokerto,Semarang Tawang,15 Jan 2025,20:50,15.40,Eksekutif,154735,Tepat Waktu
JKA02993,Lodaya,KA547,Malang,Jakarta Kota,26-01-2024,6:20,11:55,eksekutif,46995,TERLAMBAT
JKA01244,Mutiara Selatan,KA673,Bandung,Jakarta Kota,21/02/2024,19:10:00,16:40,EKONOMI,748393,tepat waktu
JKA00440,  Kahuripan  ,KA741,Gambir,Purwokerto,2025-08-12,14:20,12:00,Ekonomi,46137,tepat waktu
JKA00330,Joglosemarkerto,KA185,Bandung,Purwokerto,2025-07-26,06:45,18:40, Eksekutif,403235,TERLAMBAT
JKA01085,Matarmaja,KA953,Gambir,Jember,14 Jan 2025,08:45,3:15,NULL,751055,TERLAMBAT
JKA01811,Gaya Baru Malam,KA753,Madiun,Gambir,2025-06-20,05:50,11.45, Eksekutif,202623,TERLAMBAT
JKA02142,Sembrani,KA398,Cirebon,Jakarta Kota,08/01/2025,15:35,22:30,Bisnis,304814,NULL
JKA02309,Bima,KA371,Bandung,Jember,19-01-2024,20:40,11:45:00,eksekutif,748043,Terlambat
JKA01129,Tawang Jaya,KA264,Solo Balapan,Cirebon,13 Jan 2024,23.40,20:35:00,NULL,95756,Tepat Waktu
JKA01920,Mutiara Selatan,KA650,Kediri,Semarang Tawang,24/10/2024,11:00,12:25:00,Ekonomi,250232,
JKA01278,Gaya Baru Malam,KA107,Bandung,Malang,09 Aug 2024,14:00,22:40:00,Bisnis,251438,tepat waktu
JKA00730,Argo Bromo Anggrek,KA963,Bandung,Yogyakarta,08 Jan 2025,23:55,17:15,Eksekutif,49346,
JKA00464,Kaligung,KA583,Jakarta Kota,Surabaya Gubeng,07 Aug 2025,16.25,19:40, Eksekutif,77190,Tepat Waktu
JKA00882,Argo Parahyangan,KA582,Jember,Semarang Tawang,2025-03-16,11.50,14:50,Eksekutif,251321,tepat waktu
JKA01707,Matarmaja,KA455,Jember,Kediri,15 Jul 2025,12:15:00,20:20:00, Eksekutif,248968,
JKA01957,Bengawan,,Pasar Senen,Bandung,09 Apr 2025,13.15,04.05,Bisnis,302929,Tepat Waktu
JKA00216,Bengawan,KA85,Yogyakarta,Semarang Tawang,29/05/2025,04:00:00,14:45,Bisnis,299747,Dibatalkan
JKA00621,Tawang Jaya,KA560,Surabaya Pasarturi,Pasar Senen,01 Jan 2025,12:40,04:05,Bisnis,79345,-
JKA01239,Serayu,KA30,Malang,Yogyakarta,26/02/2024,07:25,10:05:00,Eksekutif,99072,
JKA00991,Harina,KA418,Surabaya Pasarturi,Pasar Senen,16-10-2024,12:30,05.45,Bisnis,78082,-
JKA01173,Serayu,KA962,Semarang Tawang,Malang,20 Feb 2025,07.55,10:20, Eksekutif,498010,tepat waktu
JKA01096,Mutiara Selatan,,Gambir,Kediri,26-04-2024,15:50,02:25,Bisnis ,70718,Terlambat
JKA00529,Harina,KA653,Madiun,Yogyakarta,04-08-2025,15:55:00,21:20,null,97400,Dibatalkan
JKA01048,Jayabaya,KA826,Cirebon,Jakarta Kota,17 Jun 2024,22.20,12:15,EKONOMI,77536,
JKA02944,Argo Parahyangan,KA324,Surabaya Pasarturi,Bandung,16 Jan 2025,15.45,21.10,Bisnis ,53795,Tepat Waktu
JKA00193,Sembrani,KA235,Malang,Semarang Tawang,28/12/2024,18:20,23:50,eksekutif,148847,Terlambat
JKA00379,Gajayana,KA110,Semarang Tawang,Solo Balapan,2025-08-13,9:00,12.30, Eksekutif,247069,Terlambat
JKA02090,Kahuripan,KA271,Surabaya Gubeng,Semarang Tawang,17/06/2024,06:35:00,10.00,Ekonomi,495491,Terlambat
JKA00061,Harina,KA19,Purwokerto,Solo Balapan,2024-05-12,09:40:00,20:25,Bisnis ,496531,Dibatalkan
JKA01330,Kahuripan,KA891,Malang,Purwokerto,09-02-2024,03:05:00,15:40,Ekonomi,751903,tepat waktu
JKA00226,Argo Parahyangan,KA942,Jember,Solo Balapan,10 Feb 2024,16:50,06:20:00,eksekutif,199684,TERLAMBAT
JKA00433,Kaligung,KA643,Purwokerto,Kediri,01/01/2025,7:50,9:15,Bisnis ,299267,Terlambat
JKA01753,Kaligung,KA219,Gambir,Pasar Senen,2024-05-05,15:30,14:00:00,Eksekutif,145602,tepat waktu
JKA02439,Progo,KA124,Malang,Madiun,19/07/2025,20:20:00,10.50,Bisnis,54987,null
JKA01515,Kahuripan,KA933,Cirebon,Jember,27-06-2025,08:10:00,17.45,Bisnis,152002,TERLAMBAT
JKA00608,Sembrani,KA32,Solo Balapan,Madiun,01 Dec 2024,12:45,15.35, Eksekutif,146272,
JKA01091,Joglosemarkerto,KA63,Jember,Semarang Tawang,28/07/2024,14:10:00,12:30,Ekonomi,246140,-
JKA02446,Gajayana,KA437,Gambir,Malang,14/02/2025,08:40,18.45,Bisnis,99295,Dibatalkan
JKA01529,ARGO BROMO ANGGREK,KA797,Gambir,Malang,24 Jul 2024,11:05:00,11:30,eksekutif,747286,
JKA01849,Bengawan,KA690,Yogyakarta,Madiun,14 Jul 2024,06:30,16.20,Ekonomi,196763,TERLAMBAT
JKA00878,Bengawan,KA633,Jakarta Kota,Jember,2024-04-26,18:15:00,17.05,Ekonomi,Rp745.186,
JKA00634,Kertajaya,KA600,Gambir,Malang,22 Mar 2025,13:05:00,8:25,Ekonomi,249257,
JKA01008,Gaya Baru Malam,KA396,Surabaya Pasarturi,Semarang Tawang,26 May 2025,10.25,15:25,Bisnis,Rp202.704,Tepat Waktu
JKA02997,Lodaya,,Purwokerto,Bandung,29 Nov 2024,0:45,22:50,eksekutif,149120,null
JKA01973,SERAYU,KA873,Kediri,Purwokerto,09 May 2024,23:10,22.45, Eksekutif,104152,
JKA00197,Jayabaya,KA763,Kediri,Malang,03-11-2024,17:45,12:05,Eksekutif,149166,tepat waktu
JKA01205,Joglosemarkerto,KA921,Surabaya Pasarturi,Jakarta Kota,2025-05-23,8:30,05:00,Ekonomi,498994,Tepat Waktu
JKA02692,Kahuripan,KA761,Madiun,Jember,15 Apr 2024,18.55,0:15,Ekonomi,97644,Dibatalkan
JKA02572,Kahuripan,KA428,Kediri,Malang,26/07/2024,16:00,08.05,Bisnis ,147703,-
JKA01646,Kahuripan,KA678,Surabaya Pasarturi,Jakarta Kota,15 Jan 2024,02:05,21:35,EKONOMI,,Terlambat
JKA02643,Argo Parahyangan,KA786,Bandung,Jember,21-05-2025,03:20:00,11:30:00,Bisnis ,Rp152.382,Dibatalkan
JKA01690,Matarmaja,KA765,Malang,Cirebon,23 Oct 2024,23:35:00,16:50,EKONOMI,753466,tepat waktu
JKA02249,Gajayana,KA417,Purwokerto,Kediri,26-04-2024,08:30:00,02.45,Ekonomi,Rp77.440,
JKA01457,Kaligung,KA254,Kediri,Purwokerto,07-03-2024,22:20,10:05,EKONOMI,148118,-
JKA00533,Gaya Baru Malam,KA10,Gambir,Semarang Tawang,15/03/2024,15:05:00,2:35,Eksekutif,504656,TERLAMBAT
JKA01016,  Tawang Jaya  ,KA320,Solo Balapan,Yogyakarta,2024-08-06,11:05,14:40,Ekonomi,101250,TERLAMBAT
JKA01393,Progo,KA87,Solo Balapan,Bandung,25-04-2025,21:55:00,16:25,Bisnis,297121,tepat waktu
JKA00482,Matarmaja,KA603,Solo Balapan,Surabaya Pasarturi,03/05/2025,23:10,04.00,Bisnis ,401215,-
JKA02252,Harina,KA180,Malang,Pasar Senen,05/01/2024,15.40,15.15,Ekonomi,404464,-
JKA01019,Kahuripan,,Cirebon,Kediri,03/02/2025,12:40,16:20:00,eksekutif,,Terlambat
JKA01848,Kertajaya,KA42,Solo Balapan,Yogyakarta,18/09/2024,04.30,14:10, Eksekutif,404934,tepat waktu
JKA00161,Sancaka,KA701,Gambir,Jakarta Kota,2024-06-12,13:45:00,18:50:00,Bisnis,751221,
JKA01740,Jayabaya,KA45,Jakarta Kota,Malang,19/07/2025,04:25,20:40, Eksekutif,296626,Dibatalkan
JKA02052,Gajayana,KA825,Madiun,Solo Balapan,06-04-2025,19.05,18.45, Eksekutif,752356,-
JKA01551,Mutiara Selatan,KA855,Madiun,Bandung,07/03/2025,05:00:00,20.55,EKONOMI,,Dibatalkan
JKA01175,Jayabaya,KA236,Solo Balapan,Jakarta Kota,05 Aug 2025,4:00,20:20:00,EKONOMI,,TERLAMBAT
JKA00740,Bengawan,KA832,Kediri,Pasar Senen,26/02/2025,03:35:00,08:05:00,Bisnis,Rp303.458,Tepat Waktu
JKA02176,Taksaka,KA64,Purwokerto,Madiun,11 Feb 2025,23:05,12:05,EKONOMI,Rp248.992,tepat waktu
JKA00267,Matarmaja,KA475,Surabaya Pasarturi,Surabaya Gubeng,2024-04-02,15.50,05:55:00, Eksekutif,,tepat waktu
JKA00719,Bengawan,KA795,Madiun,Jakarta Kota,14 May 2024,00.20,04.15,eksekutif,97242,
JKA01585,Argo Bromo Anggrek,KA436,Surabaya Pasarturi,Solo Balapan,03/11/2024,23:35:00,5:20,Bisnis ,46163,Tepat Waktu
JKA01306,Malabar,KA15,Surabaya Pasarturi,Pasar Senen,16/12/2024,11:35,14:40:00,Bisnis ,202688,Dibatalkan
JKA00209,Malabar,KA510,Kediri,Purwokerto,02 Jun 2025,23:10,19:25,Ekonomi,78830,-
JKA00921,Mutiara Selatan,KA616,Madiun,Bandung,05/07/2025,18.10,17:20,Bisnis,45167,
JKA00294,Progo,KA865,Madiun,Malang,01 Oct 2024,18:55,16.15,eksekutif,98938,Dibatalkan
JKA02280,Joglosemarkerto,KA936,Surabaya Pasarturi,Pasar Senen,2024-06-12,19:35,05:00:00,EKONOMI,54951,
JKA00556,MALABAR,KA902,Bandung,Jember,2024-11-14,20:45:00,07:50:00,Ekonomi,78867,Tepat Waktu
JKA01575,Brantas,KA316,Kediri,Jakarta Kota,26 Mar 2025,16:40:00,06:50,Bisnis,195917,Tepat Waktu
JKA00348,Serayu,KA770,Surabaya Gubeng,Gambir,13/10/2024,16:45:00,06:55, Eksekutif,396062,-
JKA01868,Argo Bromo Anggrek,KA430,Bandung,Semarang Tawang,07 Mar 2024,02.35,18:40:00,Bisnis,100080,tepat waktu
JKA02457,Turangga,KA676,Gambir,Madiun,2025-06-11,19:15,19:50,Bisnis,399230,Dibatalkan
JKA02117,Kahuripan,KA507,Pasar Senen,Bandung,30-12-2024,09:55,18:30:00, Eksekutif,297408,Dibatalkan
JKA01921,Argo Bromo Anggrek,KA900,Jakarta Kota,Pasar Senen,11-12-2024,15.15,03:00:00,Eksekutif,52071,tepat waktu
JKA01409,Matarmaja,KA809,Surabaya Pasarturi,Yogyakarta,2024-05-01,12:55,14:40,eksekutif,50028,Terlambat
JKA02161,Turangga,KA770,Cirebon,Malang,19-05-2025,03:30:00,11:00,EKONOMI,45862,Tepat Waktu
JKA01700,Malabar,KA253,Jakarta Kota,Madiun,26-02-2024,16:05,06.55, Eksekutif,152805,-
JKA01272,Serayu,KA707,Solo Balapan,Surabaya Gubeng,24 Mar 2024,09:05:00,12:05, Eksekutif,47548,Tepat Waktu
JKA00005,Kahuripan,KA258,Yogyakarta,Jember,2025-05-20,1:05,20:10:00,EKONOMI,76304,
JKA00224,Lodaya,KA34,Madiun,Kediri,03/05/2025,16:45:00,22.50,Bisnis,303051,Terlambat
JKA02767,Kahuripan,KA725,Yogyakarta,Gambir,30/01/2024,17:45,7:20,Bisnis ,396541,
JKA00042,Harina,KA23,Solo Balapan,Madiun,13 Sep 2024,09:15:00,15:05,eksekutif,750881,Dibatalkan
JKA00891,Matarmaja,KA409,Cirebon,Gambir,06/02/2024,09:30:00,03:55:00,Bisnis,,TERLAMBAT
JKA01638,Tawang Jaya,KA66,Madiun,Surabaya Gubeng,2024-05-22,12.10,07.50, Eksekutif,78221,Dibatalkan
JKA01424,Sancaka,KA905,Malang,Gambir,17 Feb 2025,10:30:00,01:35,Bisnis ,496961,Terlambat
JKA02587,Tawang Jaya,KA85,Surabaya Gubeng,Pasar Senen,13/11/2024,12.05,10:25,Eksekutif,,Terlambat
JKA01650,Brantas,KA421,Solo Balapan,Semarang Tawang,20/09/2024,19.45,04.55,Bisnis ,495313,TERLAMBAT
JKA02213,Pasundan,KA405,Kediri,Jember,06 Jul 2024,23:50,15:15, Eksekutif,Rp48.459,tepat waktu
JKA00399,Lodaya,KA281,Surabaya Pasarturi,Madiun,10 Sep 2024,06:35,22:55,Bisnis,747436,Tepat Waktu
JKA00079,Pasundan,KA486,Bandung,Solo Balapan,17-01-2025,17:25,06:45:00,EKONOMI,45742,
JKA00498,  Progo  ,KA480,Solo Balapan,Yogyakarta,02 Jun 2024,02.00,22:15,Bisnis ,78810,TERLAMBAT
JKA02285,Harina,KA968,Jember,Surabaya Gubeng,14-08-2024,05:05:00,00:50:00,Ekonomi,52097,-
JKA00016,SANCAKA,KA359,Madiun,Pasar Senen,06 Dec 2024,21:55,08:10,eksekutif,52711,N/A
JKA02575,Tawang Jaya,KA460,Surabaya Pasarturi,Gambir,21-08-2024,20:55,22:00, Eksekutif,251284,
JKA01967,Bima,KA110,Surabaya Pasarturi,Jakarta Kota,2025-07-08,12:00,11.15,Eksekutif,401945,tepat waktu
JKA00723,Lodaya,KA825,Kediri,Malang,26 Oct 2024,04:55,4:25,Ekonomi,198426,Terlambat
JKA00796,BENGAWAN,KA570,Pasar Senen,Bandung,31 Mar 2024,12:35,04:45,Ekonomi,252479,TERLAMBAT
JKA02206,Bima,KA86,Semarang Tawang,Yogyakarta,14/06/2025,05:40,12.30, Eksekutif,77987,Terlambat
JKA01395,Bima,KA185,Surabaya Gubeng,Semarang Tawang,04-06-2024,23:30,00.40,null,500061,tepat waktu
JKA01590,Turangga,KA999,Malang,Surabaya Pasarturi,2024-04-12,11:45,19:20,Ekonomi,49599,N/A
JKA02209,Mutiara Selatan,KA928,Madiun,Semarang Tawang,07-11-2024,17:10,16:35,EKONOMI,497898,Dibatalkan
JKA00735,Brantas,,Purwokerto,Kediri,2024-11-04,4:20,03.05,Eksekutif,501468,Dibatalkan
JKA02427,Joglosemarkerto,KA824,Pasar Senen,Surabaya Gubeng,2025-03-31,14:50,15:20,Eksekutif,50726,Dibatalkan
JKA02081,Gaya Baru Malam,KA529,Malang,Surabaya Pasarturi,03 Mar 2025,16.55,11:55,eksekutif,148970,-
JKA00048,Lodaya,KA17,Pasar Senen,Cirebon,03-01-2024,04.10,05:05,Bisnis,50869,Dibatalkan
JKA02262,Mutiara Selatan,KA939,Solo Balapan,Jakarta Kota,2024-03-04,19:40:00,05.35,Eksekutif,246469,Tepat Waktu
JKA00832,Progo,KA491,Cirebon,Purwokerto,29-06-2025,3:15,03:00:00,Bisnis,47839,Tepat Waktu
JKA02304,Taksaka,KA220,Madiun,Cirebon,19/08/2024,08:25,01:20,none,246462,Tepat Waktu
JKA00675,Turangga,KA112,Kediri,Surabaya Pasarturi,18/03/2025,22:05,15:30,Bisnis,245575,tepat waktu
JKA01907,Gajayana,KA973,Malang,Jember,16 Apr 2024,11:30,16:40,Bisnis ,196122,
JKA01372,Argo Bromo Anggrek,KA665,Jember,Semarang Tawang,18 Aug 2025,11:25,21:50,Bisnis,245191,-
JKA02460,Kertajaya,KA105,Madiun,Kediri,2025-07-22,11:30:00,2:00,eksekutif,97792,-
JKA01851,Taksaka,KA52,Kediri,Surabaya Gubeng,13/03/2024,20:20:00,10:30,EKONOMI,296552,-
JKA02160,Progo,KA39,Cirebon,Solo Balapan,2024-03-20,04:20,18:40,eksekutif,99603,Terlambat
JKA01343,Lodaya,KA367,Cirebon,Semarang Tawang,2025-03-16,15.05,16:35:00,Ekonomi,53125,Terlambat
JKA01181,Malabar,KA340,Gambir,Semarang Tawang,26-08-2024,14:10,18:25,Bisnis ,302769,TERLAMBAT
JKA02678,Sancaka,KA995,Cirebon,Kediri,31/12/2024,14:30,03.00,Bisnis,102288,
JKA01886,Joglosemarkerto,KA8,Bandung,Jakarta Kota,29 Aug 2024,01:35:00,4:35,Eksekutif,200971,TERLAMBAT
JKA02422,Brantas,KA500,Madiun,Jember,11/06/2024,12:55:00,14:20,Bisnis ,45117,tepat waktu
JKA02463,Mutiara Selatan,KA279,Cirebon,Madiun,24 Jan 2025,18:45,17.20,Eksekutif,,-
JKA01240,Kahuripan,KA877,Madiun,Gambir,06/10/2024,04.50,10.30,Eksekutif,79727,Dibatalkan
JKA02920,Lodaya,KA30,Bandung,Malang,28 Jan 2025,21:50,20:35, Eksekutif,397790,-
JKA00223,Sancaka,KA190,Madiun,Bandung,07-07-2024,04:55,10:30:00,Ekonomi,399485,Terlambat
JKA00419,Harina,KA907,Bandung,Semarang Tawang,2025-02-21,16:10,18:30:00,EKONOMI,49753,Tepat Waktu
JKA02696,Kaligung,,Pasar Senen,Surabaya Pasarturi,12 Mar 2024,03:30:00,10:25,eksekutif,46934,
JKA01046,Progo,KA30,Cirebon,Kediri,2025-07-13,13.05,07:50,Eksekutif,303442,Tepat Waktu
JKA01392,Mutiara Selatan,KA88,Gambir,Surabaya Pasarturi,02 Jan 2025,20:35:00,5:25,Bisnis ,499712,TERLAMBAT
JKA01101,Argo Parahyangan,KA455,Surabaya Gubeng,Semarang Tawang,2024-10-12,10:40,19:50,EKONOMI,145808,-
JKA00210,Brantas,KA376,Yogyakarta,Jakarta Kota,02/02/2024,3:35,03:00:00,Bisnis ,403615,
JKA02966,  Jayabaya  ,KA198,Surabaya Pasarturi,Bandung,18-04-2024,21:40:00,05:45:00,EKONOMI,147148,Dibatalkan
JKA01505,Joglosemarkerto,KA952,Surabaya Gubeng,Jember,13 Apr 2024,14:45,8:30,Ekonomi,395365,Tepat Waktu
JKA00427,Sembrani,KA616,Solo Balapan,Surabaya Pasarturi,2025-06-17,14:10:00,20:45,Eksekutif,148074,Terlambat
JKA00911,Mutiara Selatan,KA444,Semarang Tawang,Jakarta Kota,05/10/2024,09.00,23:30:00,EKONOMI,96809,-
JKA00114,Gaya Baru Malam,KA524,Gambir,Kediri,13-08-2024,1:20,17:20, Eksekutif,404267,TERLAMBAT
JKA02889,Bima,KA408,Semarang Tawang,Gambir,18-08-2025,9:20,02.35,Bisnis ,Rp748.508,Tepat Waktu
JKA01219,Gaya Baru Malam,KA248,Bandung,Yogyakarta,21 Jul 2025,05:10,13:40,Ekonomi,147686,
JKA01126,Argo Parahyangan,KA9,Surabaya Pasarturi,Purwokerto,2024-12-20,05.45,16:30:00, Eksekutif,295773,Dibatalkan
JKA02932,Bima,KA502,Pasar Senen,Jakarta Kota,2024-02-16,16:35:00,03:35,EKONOMI,204125,Terlambat
JKA02104,Mutiara Selatan,KA923,Madiun,Surabaya Pasarturi,20-07-2024,04:20,13:10:00,Bisnis,78150,-
JKA02704,Serayu,KA394,Semarang Tawang,Pasar Senen,02-03-2025,23:45:00,00:20,Bisnis,502612,Tepat Waktu
JKA00407,Kahuripan,KA194,Solo Balapan,Yogyakarta,01/04/2025,23:55:00,11:10:00,Eksekutif,397973,Terlambat
JKA02294,Joglosemarkerto,KA317,Bandung,Surabaya Pasarturi,18-09-2024,16.30,14:20,Eksekutif,297543,Tepat Waktu
JKA02018,Jayabaya,KA415,Jakarta Kota,Pasar Senen,2024-11-09,10.55,19.10,Ekonomi,149880,Terlambat
JKA00306,Bima,KA946,Surabaya Pasarturi,Madiun,04 Jan 2025,09.20,16:25:00,Bisnis,253049,
JKA01017,Gaya Baru Malam,KA556,Malang,Bandung,2025-04-06,4:10,15:50,Eksekutif,300183,-
JKA00901,KERTAJAYA,KA345,Jakarta Kota,Bandung,28/01/2025,07:10:00,06:35:00,Bisnis ,745732,-
JKA02900,Gaya Baru Malam,KA246,Jember,Malang,2024-03-01,00.45,08:25,eksekutif,748361,tepat waktu
JKA01716,Malabar,KA415,Malang,Madiun,23 May 2024,05:45,21:05,eksekutif,748789,Terlambat
JKA00890,Mutiara Selatan,KA508,Yogyakarta,Kediri,10 Oct 2024,00:45:00,04:55:00,Ekonomi,751666,none
JKA02292,Sembrani,KA230,Madiun,Purwokerto,22/05/2024,1:35,04:15, Eksekutif,148973,Terlambat
JKA02185,Turangga,KA140,Gambir,Yogyakarta,12-04-2024,07:30:00,10.45,Ekonomi,154078,Terlambat
JKA00434,Bima,KA649,Bandung,Malang,05/01/2025,12:05:00,00:30,eksekutif,73445,N/A
JKA00369,Kaligung,KA522,Purwokerto,Cirebon,13 Mar 2024,01:05:00,18:10, Eksekutif,299182,Dibatalkan
JKA02178,Argo Parahyangan,KA960,Cirebon,Surabaya Pasarturi,2024-03-22,13:15,17:10,Ekonomi,79296,TERLAMBAT
JKA00846,Bengawan,KA325,Kediri,Jakarta Kota,16/11/2024,21:35:00,8:45,eksekutif,298427,-
JKA01484,Matarmaja,KA224,Surabaya Pasarturi,Gambir,06 Jul 2025,15:10,01.35,Bisnis,,
JKA00967,,KA897,Pasar Senen,Solo Balapan,18-07-2024,8:20,10:45:00,Bisnis ,99146,
JKA00638,Kertajaya,KA258,Jember,Kediri,16 May 2025,17:40:00,16.35, Eksekutif,754461,
JKA02902,JAYABAYA,KA588,Madiun,Cirebon,15-01-2024,12:50:00,00.00,Ekonomi,748874,Dibatalkan
JKA00230,Sancaka,KA768,Gambir,Yogyakarta,03-02-2024,10:05,3:30,Bisnis,204747,tepat waktu
JKA00297,Pasundan,KA884,Semarang Tawang,Jakarta Kota,21 Aug 2025,23:55,13:15,Eksekutif,98507,Dibatalkan
JKA02868,Sancaka,KA575,Semarang Tawang,Madiun,04 Oct 2024,03:10,1:35,Eksekutif,Rp304.102,
JKA00811,Sembrani,KA603,Yogyakarta,Semarang Tawang,15 Jan 2025,12:20:00,5:05,Eksekutif,399524,-
JKA01821,Kahuripan,KA423,Malang,Surabaya Gubeng,07 Jun 2025,19:15,18.10,Bisnis,154875,Dibatalkan
JKA02493,Bima,KA362,Madiun,Surabaya Gubeng,22 Feb 2025,13:05,14:25,Ekonomi,296287,
JKA00057,Harina,KA773,Jakarta Kota,Yogyakarta,2024-08-29,4:20,5:45, Eksekutif,72902,tepat waktu
JKA02689,  Kahuripan  ,KA922,Gambir,Surabaya Gubeng,14/06/2025,18:20,14:05,Bisnis ,197342,-
JKA00782,Bengawan,KA657,Madiun,Malang,2024-09-03,04:30,12.40,Eksekutif,396079,TERLAMBAT
JKA02573,Malabar,KA631,Jakarta Kota,Yogyakarta,2024-01-15,22:50:00,11:40:00,Bisnis,148656,Tepat Waktu
JKA01145,Jayabaya,KA103,Jakarta Kota,Surabaya Pasarturi,06/04/2024,1:30,5:55,eksekutif,250055,TERLAMBAT
JKA02061,Tawang Jaya,KA167,Jakarta Kota,Kediri,03 Nov 2024,01:20:00,08.40,Ekonomi,246593,Terlambat
JKA02169,Bengawan,KA784,Jember,Kediri,08/06/2025,10.40,11:40,eksekutif,200254,Dibatalkan
JKA00416,Argo Parahyangan,KA535,Yogyakarta,Gambir,09 Feb 2025,21.35,18.40,Bisnis ,151941,Tepat Waktu
JKA02875,Brantas,KA833,Yogyakarta,Purwokerto,01-04-2025,12:05:00,20:25,Ekonomi,196173,TERLAMBAT
JKA00140,Harina,KA165,Malang,Kediri,14/08/2025,05:35,01:20,Ekonomi,196715,tepat waktu
JKA02726,Mutiara Selatan,KA66,Purwokerto,Surabaya Pasarturi,10-10-2024,8:25,21.10,null,397193,-
JKA01179,Kaligung,KA745,Madiun,Pasar Senen,2024-08-31,06:30,13:50,Bisnis,745377,
JKA02244,Harina,KA608,Solo Balapan,Semarang Tawang,11/05/2025,15:45,18.05,eksekutif,198698,
JKA01354,Serayu,KA186,Malang,Jakarta Kota,2025-04-19,00:55:00,05.35,Bisnis ,750494,
JKA00118,Taksaka,KA102,Solo Balapan,Jakarta Kota,04 Aug 2024,08.25,10:40,EKONOMI,400631,
JKA02449,Joglosemarkerto,KA955,Purwokerto,Gambir,19/07/2024,01:15,06.25,Bisnis,74084,Terlambat
JKA02344,Kertajaya,,Jember,Semarang Tawang,18 Apr 2025,01:10:00,06:05:00,Eksekutif,150707,
JKA01916,Progo,KA284,Solo Balapan,Kediri,28-03-2024,11.15,15:35:00,Bisnis ,403594,TERLAMBAT
JKA02680,Kahuripan,KA544,Cirebon,Kediri,2024-03-27,13:15:00,22:45,Eksekutif,202330,-
JKA00684,Brantas,KA743,Cirebon,Purwokerto,29/10/2024,16.45,13:20,Eksekutif,151877,-
JKA02664,Matarmaja,,Surabaya Pasarturi,Kediri,2025-05-30,20:10:00,7:55,eksekutif,750055,
JKA00794,Mutiara Selatan,KA12,Semarang Tawang,Jakarta Kota,2024-08-18,00:30:00,14:30,Ekonomi,245131,
JKA01304,Bima,KA956,Purwokerto,Malang,31-03-2025,05:35,10.20,eksekutif,503772,TERLAMBAT
JKA02261,Malabar,KA788,Semarang Tawang,Jakarta Kota,24/05/2024,13.50,8:45,Eksekutif,248427,Terlambat
JKA01255,Mutiara Selatan,KA232,Kediri,Surabaya Pasarturi,22/07/2025,08:40:00,06:55,Bisnis,398845,Tepat Waktu
JKA01093,Progo,KA222,Surabaya Gubeng,Gambir,2024-03-03,14:05,2:00,Bisnis ,197307,tepat waktu
JKA01336,Jayabaya,KA42,Kediri,Bandung,07-02-2025,3:05,02.20,eksekutif,199847,Terlambat
JKA02096,Kertajaya,KA14,Purwokerto,Jember,2024-01-25,15.45,13:25,Eksekutif,45810,-
JKA02056,Joglosemarkerto,KA741,Jakarta Kota,Pasar Senen,2024-02-11,11.00,19.25,eksekutif,296288,
JKA00145,Kertajaya,KA948,Jakarta Kota,Surabaya Pasarturi,16 Jun 2025,00:55:00,3:30,Bisnis,754632,Tepat Waktu
JKA02780,Kaligung,KA197,Malang,Purwokerto,08 Apr 2024,04:45,05:30,Ekonomi,148650,
JKA01462,Kaligung,KA28,Purwokerto,Jakarta Kota,12 Jun 2024,00:10:00,23:05,none,Rp303.397,Tepat Waktu
JKA02876,Kaligung,KA32,Yogyakarta,Surabaya Pasarturi,25-05-2024,03:10:00,07:25:00,Ekonomi,97250,Terlambat
JKA02143,PROGO,KA481,Yogyakarta,Madiun,18-08-2024,2:50,00.45,Ekonomi,751287,
JKA01257,Kaligung,KA203,Purwokerto,Cirebon,26-05-2024,23:35:00,17:40,Ekonomi,70741,Tepat Waktu
JKA02857,  Harina  ,KA9,Gambir,Solo Balapan,22/04/2025,13:25:00,22.50,EKONOMI,98449,Tepat Waktu
JKA00739,Joglosemarkerto,KA857,Pasar Senen,Kediri,2024-11-11,11.35,11:20:00, Eksekutif,99032,
JKA00868,Sembrani,KA649,Yogyakarta,Madiun,2024-02-27,23:15:00,4:50,Eksekutif,77738,Terlambat
JKA01594,Taksaka,KA695,Kediri,Yogyakarta,10 Jun 2024,18:50,19:20:00,Ekonomi,98424,Dibatalkan
JKA02855,Taksaka,KA11,Pasar Senen,Kediri,27-10-2024,15.05,12:25,Bisnis,396623,Tepat Waktu
JKA00388,Turangga,KA693,Surabaya Gubeng,Cirebon,02-01-2025,04:55:00,02.40,Ekonomi,297675,Dibatalkan
JKA00460,Gaya Baru Malam,KA733,Gambir,Yogyakarta,01/01/2025,11:55:00,16:05,Bisnis ,100764,tepat waktu
JKA02851,Gaya Baru Malam,KA483,Cirebon,Jakarta Kota,2025-02-25,12:00,02:15,Eksekutif,153070,TERLAMBAT
JKA00687,Mutiara Selatan,KA615,Surabaya Gubeng,Kediri,29/12/2024,16.20,22:05:00,Bisnis ,147316,-
JKA01860,Pasundan,KA107,Jakarta Kota,Malang,29-02-2024,18.00,03:05:00,Bisnis ,752688,NaN
JKA00454,Mutiara Selatan,KA559,Solo Balapan,Purwokerto,26/11/2024,21.15,4:30,Ekonomi,196402,tepat waktu
JKA01884,Taksaka,,Yogyakarta,Gambir,28/02/2025,00:20,12:25, Eksekutif,397743,TERLAMBAT
JKA00674,Gaya Baru Malam,KA303,Madiun,Bandung,2025-08-08,21:20,5:10,Bisnis ,47939,Terlambat
JKA00172,Taksaka,KA250,Purwokerto,Semarang Tawang,05-12-2024,09:15:00,17:50,Eksekutif,252301,TERLAMBAT
JKA00021,Lodaya,KA919,Jember,Malang,21/02/2024,3:35,14.50, Eksekutif,403270,tepat waktu
JKA01237,Kertajaya,KA218,Madiun,Gambir,19 Mar 2025,11:20,19.15,Bisnis,751557,
JKA00466,Malabar,KA927,Solo Balapan,Surabaya Pasarturi,24-07-2024,1:10,17.55, Eksekutif,48860,TERLAMBAT
JKA00598,Harina,KA716,Gambir,Malang,13 Jan 2025,07.15,22.15,Bisnis ,399596,Dibatalkan
JKA01818,Progo,KA353,Kediri,Gambir,08-07-2025,05.35,0:30,EKONOMI,Rp103.214,Terlambat
JKA02441,Brantas,KA97,Surabaya Gubeng,Purwokerto,15/07/2024,05.40,13:30,EKONOMI,Rp754.290,-
JKA02659,Kertajaya,KA869,Surabaya Gubeng,Jember,29-12-2024,22.25,11.00,Eksekutif,496506,tepat waktu
JKA01838,Kaligung,KA953,Jakarta Kota,Kediri,2024-06-09,20:25,22.10,Bisnis ,504348,-
JKA02843,Kaligung,KA899,Cirebon,Pasar Senen,2025-08-13,02:45:00,03:25,EKONOMI,247021,
JKA00488,Lodaya,KA436,Malang,Kediri,05-02-2025,17.35,03:15, Eksekutif,201874,-
JKA01589,Harina,KA349,Madiun,Pasar Senen,25-11-2024,14:25:00,22:30, Eksekutif,404974,Tepat Waktu
JKA01731,Pasundan,KA139,Cirebon,Surabaya Pasarturi,12-01-2025,02:50,07:55:00,EKONOMI,49166,tepat waktu
JKA02191,Kaligung,KA53,Surabaya Gubeng,Jember,2024-07-25,13.35,22:55,Bisnis ,504749,
JKA01933,SERAYU,KA464,Surabaya Gubeng,Yogyakarta,23/02/2025,09:50:00,09.00,eksekutif,301000,tepat waktu
JKA00451,Malabar,KA855,Pasar Senen,Malang,23/06/2025,08.50,10:30:00,Ekonomi,198122,Dibatalkan
JKA00273,Gajayana,KA125,Yogyakarta,Malang,23-09-2024,05:15,21.25,Bisnis,252347,Dibatalkan
JKA01525,Argo Parahyangan,KA934,Malang,Yogyakarta,11 Sep 2024,13.45,21:30,eksekutif,103219,TERLAMBAT
JKA00461,Jayabaya,KA163,Cirebon,Purwokerto,03-07-2024,04.55,18.45,EKONOMI,Rp751.615,-
JKA00156,Gaya Baru Malam,KA174,Semarang Tawang,Solo Balapan,17-05-2024,15:25,05:30,Bisnis,Rp147.149,TERLAMBAT
JKA00936,  Kaligung  ,KA945,Jakarta Kota,Jember,21-03-2025,00:30:00,11:30,Bisnis,,-
JKA02459,Pasundan,KA30,Surabaya Gubeng,Malang,2025-01-19,17.10,23:45,Eksekutif,503066,TERLAMBAT
JKA01699,Gaya Baru Malam,KA206,Surabaya Pasarturi,Surabaya Gubeng,2025-08-17,18:25,20.45,eksekutif,298566,tepat waktu
JKA00713,Jayabaya,KA583,Gambir,Solo Balapan,09/07/2024,11.00,00.50, Eksekutif,301241,tepat waktu
JKA02004,Malabar,KA240,Cirebon,Madiun,12/07/2024,20.35,3:25, Eksekutif,254057,
JKA02892,Argo Bromo Anggrek,KA29,Kediri,Semarang Tawang,24 Mar 2025,13:00:00,3:50,Ekonomi,77962,Tepat Waktu
JKA01178,Kertajaya,KA363,Semarang Tawang,Gambir,2025-08-16,08.05,13.30,Bisnis,46536,
JKA01149,Taksaka,KA193,Jember,Kediri,2024-07-15,19.15,4:20,Ekonomi,51202,-
JKA00700,Bima,KA876,Semarang Tawang,Cirebon,2024-12-10,08.15,12:40,NaN,750091,Tepat Waktu
JKA01415,Brantas,KA693,Semarang Tawang,Pasar Senen,30/03/2025,05:35:00,00:05,Bisnis ,250050,tepat waktu
JKA01781,Malabar,KA167,Jakarta Kota,Kediri,31/01/2025,03:50,22:15,Bisnis ,146992,Tepat Waktu
JKA00494,Gaya Baru Malam,KA608,Solo Balapan,Kediri,25 Aug 2024,11:35,20.20,Bisnis,71562,tepat waktu
JKA00324,  Sancaka  ,KA775,Pasar Senen,Kediri,06-07-2025,07:20:00,16:05, Eksekutif,249255,Tepat Waktu
JKA02075,Tawang Jaya,KA413,Cirebon,Solo Balapan,2024-11-09,02.15,00:35:00, Eksekutif,201231,-
JKA02025,  Pasundan  ,KA684,Yogyakarta,Jakarta Kota,05 Apr 2024,14:20,03:35:00,eksekutif,,-
JKA02481,Taksaka,KA587,Cirebon,Kediri,23-03-2024,21.45,4:25,Ekonomi,Rp750.985,
JKA01971,Argo Parahyangan,KA560,Semarang Tawang,Cirebon,2025-07-10,21:05,0:55,Eksekutif,50442,Terlambat
JKA02450,Jayabaya,KA637,Jember,Bandung,08 Jul 2025,22:25:00,7:10,Bisnis ,747181,Tepat Waktu
JKA02682,Malabar,KA286,Yogyakarta,Madiun,14-12-2024,04:35,18:40,Eksekutif,496998,
JKA02131,Serayu,KA986,Pasar Senen,Yogyakarta,15-05-2025,13:10,06.15,Ekonomi,750695,Dibatalkan
JKA02911,Jayabaya,KA346,Purwokerto,Jakarta Kota,2024-08-03,07.55,18:20:00,Eksekutif,403390,TERLAMBAT
JKA01368,Lodaya,KA671,Semarang Tawang,Kediri,16/08/2025,3:00,07:55:00,N/A,45113,
JKA00573,Sembrani,KA395,Surabaya Pasarturi,Malang,2024-10-21,16:00,2:20,Bisnis ,Rp245.785,Dibatalkan
JKA01294,Argo Bromo Anggrek,KA322,Surabaya Gubeng,Semarang Tawang,16/08/2025,19.40,20:50,eksekutif,754376,
JKA02043,Lodaya,KA625,Yogyakarta,Purwokerto,20-02-2024,14.00,08:20:00, Eksekutif,300866,NaN
JKA00527,Serayu,KA594,Jakarta Kota,Madiun,02-03-2024,12:55,11:30:00,eksekutif,71697,
JKA01476,Pasundan,KA195,Surabaya Pasarturi,Malang,2024-02-20,13:00,18:40,Eksekutif,404471,tepat waktu
JKA02356,Pasundan,KA92,Malang,Madiun,16 Jun 2024,14:40,09:00:00,EKONOMI,147255,TERLAMBAT
JKA02535,Turangga,KA207,Semarang Tawang,Kediri,25 Jan 2024,05.35,21.05,eksekutif,53324,TERLAMBAT
JKA02929,Kaligung,KA824,Surabaya Gubeng,Pasar Senen,03 Jan 2024,04:05:00,17:10,Bisnis ,747233,-
JKA02212,Lodaya,KA115,Solo Balapan,Malang,13 May 2025,08:20,01.55,Bisnis,752686,none
JKA02822,Matarmaja,KA451,Yogyakarta,Madiun,08 Feb 2024,13.25,11:30:00, Eksekutif,395882,Tepat Waktu
JKA01206,,KA759,Pasar Senen,Surabaya Pasarturi,24 Apr 2025,01:55,13:50:00,eksekutif,78904,Terlambat
JKA00480,Brantas,KA429,Surabaya Pasarturi,Semarang Tawang,2024-11-17,02:30:00,16:10:00,Bisnis ,Rp147.947,Tepat Waktu
JKA00328,  Progo  ,KA493,Yogyakarta,Kediri,2025-03-07,9:20,05:55:00,Eksekutif,78970,tepat waktu
JKA01704,Sembrani,KA450,Jakarta Kota,Pasar Senen,23/03/2025,0:50,4:40,EKONOMI,148859,
JKA02122,Matarmaja,KA240,Kediri,Surabaya Pasarturi,2024-09-26,6:25,09:05:00,Bisnis ,398185,
JKA02814,Mutiara Selatan,KA546,Bandung,Jember,2024-12-22,19:45:00,16:15,eksekutif,297312,
JKA01414,Lodaya,KA582,Gambir,Cirebon,2025-02-07,1:10,14:10:00,Ekonomi,147841,tepat waktu
JKA02927,Sembrani,KA846,Yogyakarta,Jakarta Kota,09-09-2024,3:20,21:55,Eksekutif,749958,tepat waktu
JKA02544,Harina,KA576,Kediri,Surabaya Pasarturi,29/12/2024,23:55,0:20,Ekonomi,749463,TERLAMBAT
JKA02367,Serayu,KA8,Pasar Senen,Madiun,09/09/2024,03:25:00,13:35,Eksekutif,746255,Tepat Waktu
JKA00136,  Kahuripan  ,KA540,Madiun,Semarang Tawang,04/08/2025,18:15:00,17:20,eksekutif,46478,Tepat Waktu
JKA00586,Matarmaja,KA601,Malang,Madiun,14/10/2024,3:50,14:05,Bisnis,302746,Tepat Waktu
JKA00147,Tawang Jaya,KA778,Surabaya Gubeng,Yogyakarta,03 Nov 2024,10:20:00,19:50,Bisnis,398463,tepat waktu
JKA00401,Progo,KA761,Solo Balapan,Yogyakarta,15 Sep 2024,11.25,03:05,Bisnis ,497134,Dibatalkan
JKA01404,Harina,KA223,Purwokerto,Bandung,2025-06-27,15:40:00,1:55,Eksekutif,254382,Dibatalkan
JKA01464,Taksaka,KA326,Yogyakarta,Madiun,29/01/2025,03.05,13:50:00,Ekonomi,295461,-
JKA01605,Bengawan,KA976,Cirebon,Purwokerto,2024-12-20,03.50,12:35,Bisnis ,748743,-
JKA02420,Kahuripan,KA672,Purwokerto,Gambir,12-03-2024,8:30,07.40,Ekonomi,Rp249.651,Terlambat
JKA02641,Lodaya,KA265,Cirebon,Surabaya Pasarturi,14 Apr 2025,12.40,23:20,Ekonomi,299486,Dibatalkan
JKA02554,Kertajaya,KA334,Gambir,Yogyakarta,17-02-2025,22:25:00,09.35,Bisnis ,204882,
JKA00113,Matarmaja,KA835,Madiun,Pasar Senen,26/06/2024,15:20,05:25:00,EKONOMI,50882,Terlambat
JKA00968,Brantas,KA463,Pasar Senen,Semarang Tawang,08 Aug 2024,19:00,04:15:00,Ekonomi,145146,TERLAMBAT
JKA01316,Gaya Baru Malam,KA330,Pasar Senen,Bandung,2024-04-02,22.40,22.05,eksekutif,303383,-
JKA00456,Joglosemarkerto,KA340,Purwokerto,Gambir,18 Apr 2025,01:05,08:50,Ekonomi,746595,-
JKA02088,Matarmaja,KA147,Surabaya Pasarturi,Purwokerto,04-08-2024,05:10,15.00,Bisnis,70741,Terlambat
JKA01922,  Kertajaya  ,KA397,Madiun,Yogyakarta,27-10-2024,22:25:00,19:35,EKONOMI,74806,
JKA00009,Progo,KA56,Pasar Senen,Cirebon,13 Aug 2025,07:35:00,06:05,Bisnis ,300804,-
JKA02538,Turangga,KA19,Jakarta Kota,Cirebon,28 Jul 2024,23.25,12.40, Eksekutif,Rp47.561,TERLAMBAT
JKA02716,Jayabaya,,Semarang Tawang,Yogyakarta,09 Jul 2024,12:55,14:10:00,Ekonomi,,Dibatalkan
JKA00358,Serayu,KA46,Madiun,Pasar Senen,10 Aug 2024,13:40,11:05,EKONOMI,251719,TERLAMBAT
JKA00173,SERAYU,,Jember,Jakarta Kota,18 Jan 2025,15.00,20.15,EKONOMI,71572,TERLAMBAT
JKA01279,Argo Bromo Anggrek,KA819,Surabaya Gubeng,Gambir,04/06/2025,18.10,20:40,EKONOMI,398656,Terlambat
JKA01286,Serayu,KA204,Malang,Purwokerto,07/11/2024,11:20,22.55,eksekutif,297856,-
JKA02492,Harina,KA541,Kediri,Solo Balapan,30-12-2024,20:30,11:50:00,Bisnis,49011,Dibatalkan
JKA00432,Matarmaja,KA608,Yogyakarta,Jember,01 May 2024,20:20,10:15,Eksekutif,,
JKA02971,Kaligung,KA921,Jakarta Kota,Jember,08/12/2024,22:45,3:05,Eksekutif,498402,Tepat Waktu
JKA02561,Lodaya,KA237,Surabaya Gubeng,Solo Balapan,2024-01-12,14.25,00:20,Bisnis ,499517,TERLAMBAT
JKA02472,Brantas,KA875,Jember,Kediri,16-12-2024,17:55,09.40, Eksekutif,299646,Terlambat
JKA01356,Tawang Jaya,KA873,Surabaya Gubeng,Semarang Tawang,30 Apr 2024,22:15,05.30,Bisnis ,504929,
JKA00270,Tawang Jaya,KA169,Pasar Senen,Surabaya Pasarturi,07-04-2025,21:55,06:35,Eksekutif,297929,Tepat Waktu
JKA00568,Progo,KA512,Bandung,Solo Balapan,10 Aug 2025,13:30:00,4:25,Eksekutif,200818,Dibatalkan
JKA00919,Mutiara Selatan,KA683,Surabaya Gubeng,Pasar Senen,08/02/2025,05:05:00,18:00:00,EKONOMI,304035,tepat waktu
JKA00036,Joglosemarkerto,KA231,Gambir,Surabaya Gubeng,30/09/2024,09:35:00,3:00,Bisnis ,100091,Tepat Waktu
JKA02302,Gaya Baru Malam,KA569,Jakarta Kota,Cirebon,22/07/2024,09:35:00,23.00,Eksekutif,49186,-
JKA01509,Gajayana,KA899,Purwokerto,Semarang Tawang,07-08-2025,8:55,13:55,EKONOMI,200397,
JKA02182,Pasundan,KA865,Cirebon,Pasar Senen,30 Jan 2025,12:35:00,05:45:00,Eksekutif,104972,Dibatalkan
JKA00870,Argo Parahyangan,KA874,Surabaya Pasarturi,Malang,10-04-2025,8:35,11:50,Ekonomi,99875,-
JKA02391,Bengawan,KA313,Surabaya Pasarturi,Cirebon,27/04/2024,23:55:00,10.50,Eksekutif,398363,tepat waktu
JKA01191,Argo Bromo Anggrek,KA99,Bandung,Purwokerto,2025-07-30,19:40,14.35,Ekonomi,72509,Dibatalkan
JKA02465,,KA13,Semarang Tawang,Cirebon,2024-09-11,21:10,15.10,Ekonomi,204340,-
JKA00528,Progo,KA282,Purwokerto,Madiun,16 Mar 2024,22:35,08.25,Bisnis ,400417,TERLAMBAT
JKA01627,Taksaka,KA43,Surabaya Gubeng,Gambir,24-12-2024,04.50,20:55,Ekonomi,71696,-
JKA02988,Joglosemarkerto,KA553,Purwokerto,Pasar Senen,27 Dec 2024,19:40,22:10,Bisnis,76909,Tepat Waktu
JKA02307,Progo,KA806,Surabaya Gubeng,Bandung,2024-01-30,14:00:00,13:40:00,Bisnis,397198,Dibatalkan
JKA00671,Pasundan,KA707,Solo Balapan,Malang,19/07/2024,10.00,11:35,EKONOMI,253079,Tepat Waktu
jka00512,Sancaka,KA335,Purwokerto,Solo Balapan,05 Aug 2024,21:30:00,22:15,eksekutif,100215,
JKA02922,Argo Parahyangan,KA401,Semarang Tawang,Jakarta Kota,17/08/2025,16.35,19:30,EKONOMI,200279,
JKA01200,Progo,KA318,Jember,Surabaya Gubeng,2024-10-03,06.15,03:15,Eksekutif,198105,
JKA00895,Jayabaya,KA214,Yogyakarta,Surabaya Gubeng,2024-10-03,04:55,18.20,Bisnis ,402773,Tepat Waktu
JKA02301,Malabar,KA185,Jakarta Kota,Yogyakarta,05-09-2024,13:15,12:35:00,eksekutif,47340,TERLAMBAT
JKA02870,,KA245,Jember,Gambir,25-08-2024,12:35,22:00:00,Eksekutif,304862,tepat waktu
JKA01595,Bengawan,KA712,Gambir,Jember,2024-09-25,10:45,4:20,eksekutif,750240,
JKA00810,Kertajaya,,Kediri,Jember,2025-01-26,13.15,4:05,Ekonomi,,-
JKA01566,Lodaya,KA975,Malang,Purwokerto,23 Nov 2024,18:55,00:55,Bisnis ,79532,Tepat Waktu
JKA02396,Argo Bromo Anggrek,KA446,Madiun,Malang,23-10-2024,11.55,22:40,EKONOMI,146394,-
JKA01458,Mutiara Selatan,KA277,Gambir,Cirebon,07-07-2025,03.30,07:35:00,Eksekutif,Rp96.571,-
JKA01712,Taksaka,KA332,Bandung,Pasar Senen,15 Jul 2025,10:25:00,18:50,Bisnis,104742,Tepat Waktu
JKA01966,Malabar,KA508,Gambir,Malang,01 Mar 2025,09:40:00,16:20,Bisnis,499091,Tepat Waktu
JKA02514,Sancaka,KA570,Jakarta Kota,Kediri,28/05/2025,20:35,17:05,Bisnis ,150663,
JKA00459,Kahuripan,KA35,Solo Balapan,Madiun,19 Apr 2024,13:30,00:20:00,Eksekutif,,Dibatalkan
JKA00497,Mutiara Selatan,KA216,Surabaya Pasarturi,Jember,26-11-2024,18:50,4:20, Eksekutif,751082,tepat waktu
JKA02984,Kaligung,KA483,Solo Balapan,Surabaya Pasarturi,2025-02-02,01:55:00,17:55,Bisnis,402485,Tepat Waktu
JKA02789,Progo,KA966,Malang,Purwokerto,2024-10-23,15:55,7:55,eksekutif,46896,TERLAMBAT
JKA00263,Turangga,KA739,Kediri,Pasar Senen,2025-04-09,03:55,17:10, Eksekutif,52947,Terlambat
JKA01678,Matarmaja,KA522,Kediri,Surabaya Pasarturi,2024-05-27,04.55,18:40,eksekutif,95844,TERLAMBAT
JKA02668,Taksaka,KA449,Jakarta Kota,Yogyakarta,11 Oct 2024,1:35,01:40,Ekonomi,74544,Dibatalkan
JKA02277,Serayu,KA807,Purwokerto,Kediri,2024-01-06,17.00,01:50,Ekonomi,74947,Dibatalkan
JKA01217,Mutiara Selatan,KA747,Purwokerto,Gambir,2024-07-27,19.40,21.30,Bisnis ,295186,TERLAMBAT
JKA01568,Argo Parahyangan,KA26,Cirebon,Surabaya Gubeng,2025-06-16,17:55,09:50,Bisnis,147748,Tepat Waktu
JKA00196,Turangga,KA391,Semarang Tawang,Jakarta Kota,14-02-2025,14:10,18:50,-,74422,
JKA01284,Argo Bromo Anggrek,KA417,Surabaya Pasarturi,Cirebon,2025-04-20,00.50,09.55,EKONOMI,46635,tepat waktu
JKA02861,Sancaka,KA624,Madiun,Surabaya Gubeng,20 Jul 2025,10:20,14:00,Eksekutif,101449,TERLAMBAT
JKA02033,Mutiara Selatan,KA969,Bandung,Semarang Tawang,12/03/2024,03:30:00,12:55, Eksekutif,504970,tepat waktu
JKA02891,Bengawan,KA148,Surabaya Gubeng,Pasar Senen,25-08-2024,16:30,6:20,Bisnis ,98730,Terlambat
JKA02894,Matarmaja,KA694,Kediri,Purwokerto,19-01-2025,22:45:00,12.30, Eksekutif,304233,TERLAMBAT
JKA00138,Tawang Jaya,KA34,Semarang Tawang,Surabaya Gubeng,28 Jun 2024,09.55,04:10,Bisnis ,751415,TERLAMBAT
JKA00496,Gajayana,KA823,Yogyakarta,Kediri,14/01/2024,16:55,05:15:00,NULL,70639,-
JKA02425,Joglosemarkerto,KA474,Semarang Tawang,Pasar Senen,26-12-2024,00:10:00,19.20,Eksekutif,253566,Tepat Waktu
JKA00233,Matarmaja,KA342,Jember,Kediri,2024-08-05,20.15,08.05,Ekonomi,Rp504.011,N/A
JKA00365,Bima,KA255,Kediri,Gambir,17 Jun 2025,20:20,07.55,Ekonomi,148372,-
JKA00347,Gajayana,KA326,Malang,Surabaya Gubeng,13-01-2025,21:10:00,22:05,Bisnis,98107,Dibatalkan
JKA02616,  Mutiara Selatan  ,KA986,Madiun,Malang,03-08-2025,06.20,09:05:00, Eksekutif,251170,
jka02243,Jayabaya,KA444,Solo Balapan,Jakarta Kota,20-04-2024,0:05,21:55,Ekonomi,51832,null
JKA01639,TAKSAKA,KA10,Pasar Senen,Surabaya Gubeng,21 Dec 2024,7:00,5:40,eksekutif,398125,TERLAMBAT
JKA02218,Jayabaya,KA855,Surabaya Pasarturi,Purwokerto,24 Nov 2024,2:20,3:25,Bisnis ,498132,
JKA02050,Mutiara Selatan,,Kediri,Bandung,08-03-2024,10:40,05:05, Eksekutif,750459,TERLAMBAT
JKA02306,Malabar,KA77,Yogyakarta,Jakarta Kota,12 Nov 2024,14:10,07:45:00, Eksekutif,151614,TERLAMBAT
JKA00143,Gaya Baru Malam,KA704,Cirebon,Gambir,2024-06-03,02.50,17:30,EKONOMI,51342,TERLAMBAT
JKA00245,Turangga,KA448,Surabaya Gubeng,Jember,28-01-2025,13.10,21:10,Eksekutif,70257,-
JKA00439,Mutiara Selatan,KA48,Bandung,Jember,2024-10-11,18:50:00,21.30, Eksekutif,248246,tepat waktu
JKA00977,Joglosemarkerto,,Surabaya Pasarturi,Surabaya Gubeng,10 Nov 2024,8:05,10:15,Bisnis ,152899,tepat waktu
JKA01500,Joglosemarkerto,KA757,Bandung,Purwokerto,31-07-2025,08:00:00,07.40, Eksekutif,,Tepat Waktu
JKA01153,Tawang Jaya,KA955,Jakarta Kota,Solo Balapan,2025-08-21,02:20:00,02:05, Eksekutif,153578,-
JKA00168,Harina,KA536,Madiun,Purwokerto,01-07-2024,22.05,17:35:00,Bisnis ,499684,Tepat Waktu
JKA00098,Jayabaya,KA7,Madiun,Kediri,26/12/2024,04:55:00,05:40,NaN,46217,
JKA01478,Sembrani,KA338,Pasar Senen,Bandung,02 Dec 2024,22:25,14:50,Bisnis ,252756,-
JKA00524,Sancaka,KA419,Cirebon,Purwokerto,04 Mar 2025,13:15,19:15,EKONOMI,753247,-
JKA01407,Bima,KA203,Surabaya Gubeng,Jakarta Kota,30 May 2025,17:10:00,17:20:00,Bisnis,299283,Terlambat
JKA00697,Turangga,KA656,Kediri,Jakarta Kota,16-08-2024,04:30:00,18:40,eksekutif,745376,-
JKA01426,Argo Parahyangan,KA444,Jember,Surabaya Gubeng,04-07-2025,14.40,16:15,Bisnis,203479,Terlambat
JKA00819,Bima,KA206,Jakarta Kota,Jember,15/08/2024,22:05:00,21:50:00,Bisnis ,203751,tepat waktu
JKA00492,Malabar,KA603,Solo Balapan,Purwokerto,14/02/2025,23:20,02:05:00,Eksekutif,53875,-
JKA01420,Kaligung,KA264,Surabaya Pasarturi,Kediri,30 Jan 2024,7:35,01:20,Ekonomi,51329,
JKA01005,Bima,KA539,Jember,Madiun,07 Nov 2024,9:10,10:30:00,Bisnis ,503055,TERLAMBAT
JKA00884,Taksaka,KA139,Madiun,Malang,27/11/2024,10.40,13:20,Ekonomi,70613,Tepat Waktu
JKA02742,Kertajaya,KA292,Gambir,Purwokerto,2024-03-19,17.35,01:15:00,Ekonomi,151304,Tepat Waktu
JKA01507,Progo,KA69,Kediri,Madiun,04/12/2024,12.10,2:50,Bisnis,71196,-
JKA00284,Argo Bromo Anggrek,KA855,Surabaya Pasarturi,Yogyakarta,2025-07-04,23:05,16:55:00,Ekonomi,748033,Terlambat
JKA02462,Matarmaja,KA83,Malang,Jember,2024-07-30,06:05:00,05.45,Eksekutif,754984,Dibatalkan
JKA00371,Bengawan,KA834,Yogyakarta,Jakarta Kota,13-03-2025,22:20:00,18:20:00, Eksekutif,71790,Dibatalkan
JKA02366,Progo,KA713,Kediri,Yogyakarta,27-10-2024,18:30,08:15:00,NaN,49106,-
JKA00487,Jayabaya,KA647,Jakarta Kota,Madiun,2024-08-07,13:05:00,17:45,Bisnis ,95635,tepat waktu
JKA02399,Argo Parahyangan,KA582,Yogyakarta,Kediri,19 Dec 2024,13:25:00,02.10,Ekonomi,200735,tepat waktu
JKA02430,Argo Bromo Anggrek,KA786,Solo Balapan,Madiun,29/08/2024,00.45,15:50,Ekonomi,75151,Terlambat
JKA01328,Malabar,KA261,Jakarta Kota,Kediri,12 Jan 2025,07:25:00,5:15, Eksekutif,403187,Tepat Waktu
JKA01599,Gaya Baru Malam,KA629,Jakarta Kota,Solo Balapan,16 Dec 2024,12.20,11.20,EKONOMI,48408,Tepat Waktu
JKA02226,Sancaka,KA991,Gambir,Surabaya Pasarturi,18/03/2024,05:30:00,09.15,Bisnis ,54371,Dibatalkan
JKA01440,Kahuripan,KA566,Solo Balapan,Pasar Senen,17/02/2024,02:50:00,01.40,Bisnis ,46441,
JKA00896,Matarmaja,KA109,Jakarta Kota,Surabaya Pasarturi,2025-07-24,21.10,11.55,EKONOMI,Rp500.746,Tepat Waktu
JKA00668,Mutiara Selatan,KA165,Solo Balapan,Kediri,15 Jan 2024,16:05:00,11:20,eksekutif,149515,Dibatalkan
JKA02372,Harina,KA940,Jember,Surabaya Pasarturi,10 Feb 2024,6:45,19.55,Bisnis ,300963,Terlambat
JKA00126,Kahuripan,KA37,Kediri,Bandung,2025-08-10,07:55,1:00,Eksekutif,400963,
jka01452,Progo,KA823,Madiun,Semarang Tawang,06/05/2024,01:30,0:45,Bisnis,76577,Dibatalkan
JKA01593,Argo Parahyangan,KA961,Solo Balapan,Pasar Senen,06-01-2025,14:15:00,08.40,Bisnis ,100410,Dibatalkan
JKA02021,,KA90,Bandung,Malang,03-06-2024,23:05,12:50:00,Eksekutif,501856,Tepat Waktu
JKA02996,Mutiara Selatan,KA590,Malang,Surabaya Pasarturi,2025-08-13,17:25:00,09:35,eksekutif,396756,TERLAMBAT
JKA00193,Sembrani,KA235,Malang,Semarang Tawang,28/12/2024,18:20,23:50,eksekutif,148847,Terlambat
JKA00202,  Mutiara Selatan  ,KA8,Jember,Jakarta Kota,19-05-2024,09:35,22:35:00,Ekonomi,52052,
JKA02113,Matarmaja,KA165,Cirebon,Surabaya Pasarturi,01-04-2024,04:25,19:25:00,Bisnis,295921,Dibatalkan
JKA01911,Kaligung,KA32,Solo Balapan,Gambir,07 Jun 2024,09:45,15:10:00,Bisnis ,Rp203.695,-
JKA01262,Mutiara Selatan,KA944,Cirebon,Surabaya Pasarturi,28 Jul 2025,20.50,16:20,eksekutif,49037,
JKA01340,Bima,KA167,Gambir,Kediri,2024-06-18,22:55,16:05,Eksekutif,74751,Tepat Waktu
JKA01495,,KA892,Gambir,Surabaya Pasarturi,11-07-2024,21.35,6:55,Ekonomi,197125,NULL
JKA00966,,KA416,Surabaya Pasarturi,Bandung,18 Mar 2024,17:00:00,18:50,NaN,751305,
JKA01373,Progo,KA878,Surabaya Pasarturi,Jakarta Kota,04 Aug 2025,07.10,23:45,Bisnis ,48786,Terlambat
jka00165,Harina,KA953,Surabaya Pasarturi,Jember,18-06-2025,22:05,5:35, Eksekutif,296752,Tepat Waktu
JKA01687,Harina,KA462,Pasar Senen,Madiun,16/10/2024,4:25,18:15,Bisnis,197099,tepat waktu
JKA02469,Turangga,KA384,Jember,Madiun,17-02-2024,17:20:00,01:35,Bisnis ,198749,tepat waktu
JKA01683,Pasundan,KA622,Malang,Solo Balapan,16/06/2024,7:30,02:10:00,Ekonomi,149166,-
JKA00298,Brantas,KA982,Kediri,Pasar Senen,28-05-2024,15.55,09:00, Eksekutif,48926,-
JKA02189,Gaya Baru Malam,KA539,Gambir,Purwokerto,19-01-2025,12.45,04:35:00,Bisnis ,,-
JKA00074,Gaya Baru Malam,KA971,Yogyakarta,Pasar Senen,18/07/2025,04:30,3:40,Ekonomi,97653,Dibatalkan
JKA01885,Gaya Baru Malam,KA580,Kediri,Semarang Tawang,06/03/2024,12:50,04:15,Eksekutif,152352,
JKA00325,Kaligung,KA597,Pasar Senen,Purwokerto,30/06/2025,11.20,21:55,Bisnis ,303514,TERLAMBAT
jka01455,Gaya Baru Malam,KA18,Yogyakarta,Bandung,2025-06-19,12:35,05.15, Eksekutif,154410,Terlambat
JKA02550,Progo,KA449,Pasar Senen,Purwokerto,08/03/2024,04:20,13:10,Bisnis ,201702,Dibatalkan
JKA02352,Kertajaya,KA885,Malang,Semarang Tawang,2025-03-04,13:55,09:05:00,EKONOMI,295175,tepat waktu
JKA00812,Malabar,KA107,Surabaya Gubeng,Kediri,10 Jun 2024,03.20,09:15,eksekutif,751760,
JKA00905,Malabar,KA574,Malang,Surabaya Gubeng,02/01/2025,13:20,07:25:00,Eksekutif,49827,
JKA00370,Lodaya,KA120,Jakarta Kota,Semarang Tawang,29/01/2024,08:45:00,21.10,Bisnis,754475,Tepat Waktu
JKA01787,Gaya Baru Malam,KA633,Jakarta Kota,Bandung,2024-10-05,11:35:00,01.10,Bisnis ,46401,Dibatalkan
JKA02435,Tawang Jaya,KA944,Yogyakarta,Purwokerto,13 Nov 2024,01:10:00,19.05, Eksekutif,201528,Terlambat
JKA02177,Tawang Jaya,,Jakarta Kota,Cirebon,12-02-2024,03:55,03:05,Bisnis ,304278,TERLAMBAT
JKA00917,  Kaligung  ,KA482,Yogyakarta,Kediri,2025-04-24,22:15:00,03:30,eksekutif,54052,TERLAMBAT
jka01488,Progo,KA129,Gambir,Malang,05-05-2025,00.55,18:20:00,Bisnis,252472,tepat waktu
JKA00355,Argo Bromo Anggrek,KA161,Solo Balapan,Surabaya Pasarturi,29/07/2024,09:50,14.00,EKONOMI,47815,tepat waktu
JKA02312,Gajayana,KA699,Semarang Tawang,Solo Balapan,2024-12-06,04:25:00,17:35,Bisnis ,745760,Terlambat
JKA00275,Jayabaya,KA967,Kediri,Pasar Senen,11/10/2024,00:05:00,21:50,EKONOMI,298185,TERLAMBAT
JKA02829,Mutiara Selatan,KA162,Bandung,Cirebon,17 Jun 2025,17:05,06:45, Eksekutif,397434,TERLAMBAT
JKA02650,Bengawan,KA255,Madiun,Gambir,12-03-2025,20.05,9:55,Ekonomi,54302,Terlambat
JKA01759,Progo,KA79,Surabaya Gubeng,Semarang Tawang,25/04/2025,13:45:00,01:05:00,EKONOMI,247559,Terlambat
JKA02949,Progo,KA138,Gambir,Cirebon,2024-08-11,19:05,22:05,Ekonomi,750488,-
JKA00044,Sancaka,KA881,Pasar Senen,Semarang Tawang,27-06-2025,05:20:00,09.55, Eksekutif,77673,Terlambat
JKA02559,Jayabaya,KA636,Malang,Surabaya Gubeng,2024-12-02,01:25:00,06.20, Eksekutif,303574,Tepat Waktu
JKA01133,Progo,KA616,Gambir,Surabaya Pasarturi,2024-04-23,14:30,21:20,Bisnis ,76137,Tepat Waktu
JKA02180,Tawang Jaya,KA645,Jakarta Kota,Semarang Tawang,03/01/2024,09.10,20:10:00,Bisnis,151140,tepat waktu
JKA00976,Joglosemarkerto,KA441,Jakarta Kota,Gambir,13 Jan 2025,17:10,02.35,Bisnis,52349,TERLAMBAT
JKA01303,Gajayana,KA230,Jember,Purwokerto,17/07/2024,21:15,23:45,EKONOMI,Rp304.984,Dibatalkan
JKA02873,Kahuripan,KA550,Yogyakarta,Jakarta Kota,2024-09-03,23:05:00,08:50,Eksekutif,399129,Terlambat
JKA01185,Gaya Baru Malam,KA319,Madiun,Purwokerto,30 Apr 2024,13.20,07:20:00,Ekonomi,246178,tepat waktu
JKA00660,Gajayana,KA40,Bandung,Cirebon,19 May 2024,15.40,03:45, Eksekutif,249031,Dibatalkan
JKA02067,Kahuripan,KA316,Pasar Senen,Jakarta Kota,29/02/2024,21:10,10.10,Eksekutif,402066,
JKA02179,  Progo  ,KA680,Kediri,Yogyakarta,30-11-2024,09:45:00,10:25,Bisnis,197567,TERLAMBAT
JKA02703,Turangga,KA233,Surabaya Pasarturi,Malang,2024-01-24,21:05,2:20, Eksekutif,254959,TERLAMBAT
JKA00104,Gajayana,KA398,Malang,Jember,22 Jul 2025,03:00,11:40,EKONOMI,Rp750.315,tepat waktu
JKA00300,Gajayana,KA4,Jember,Bandung,26 Dec 2024,19.55,14:55, Eksekutif,48010,Terlambat
JKA01995,Argo Parahyangan,KA258,Malang,Madiun,01/08/2024,16:00:00,19:55,eksekutif,295015,
JKA00010,Lodaya,KA243,Yogyakarta,Solo Balapan,06-07-2024,14:15,14:40,Eksekutif,495241,
JKA02955,Bima,KA142,Gambir,Cirebon,05 Mar 2025,01:00:00,14.50,eksekutif,75928,tepat waktu
JKA00254,Joglosemarkerto,KA788,Solo Balapan,Semarang Tawang,02-03-2024,08:10:00,2:35,EKONOMI,297923,TERLAMBAT
JKA00624,  Kertajaya  ,KA248,Purwokerto,Madiun,17 Jan 2025,14:45,23:10:00,EKONOMI,501660,Terlambat
JKA01708,Bima,KA296,Madiun,Solo Balapan,2024-06-23,19.05,0:10,eksekutif,198387,Terlambat
JKA01526,Serayu,KA436,Pasar Senen,Gambir,22 Sep 2024,04:05:00,12:20,Ekonomi,748296,Tepat Waktu
JKA02089,Turangga,KA897,Surabaya Pasarturi,Yogyakarta,07 Jul 2025,01:05:00,12:55:00,Bisnis ,502376,
JKA00285,Gajayana,KA862,Malang,Kediri,04-01-2025,17:55,02:25:00,Eksekutif,299646,-
JKA00583,Matarmaja,KA394,Solo Balapan,Yogyakarta,2025-04-26,17:50:00,09:45:00,Eksekutif,148558,N/A
JKA02731,Bima,KA378,Kediri,Gambir,25 Mar 2025,21.00,21.45,Ekonomi,Rp502.588,Terlambat
JKA00191,Serayu,KA823,Jakarta Kota,Surabaya Pasarturi,19/08/2024,14:30,08:10:00,EKONOMI,79152,Tepat Waktu
JKA01331,Argo Bromo Anggrek,KA548,Jember,Purwokerto,27 Sep 2024,15:55,6:10,EKONOMI,72671,
JKA00239,Argo Parahyangan,KA480,Madiun,Cirebon,01-04-2025,9:25,22:50, Eksekutif,404302,-
JKA00676,,KA818,Jember,Pasar Senen,27-06-2025,14:10,14:30,EKONOMI,399574,-
JKA02899,Malabar,KA39,Purwokerto,Cirebon,03 Feb 2024,10:05:00,11:05,eksekutif,249097,tepat waktu
JKA00256,Serayu,KA83,Madiun,Jakarta Kota,2025-05-08,18.40,10.50,eksekutif,46485,Dibatalkan
JKA00231,Taksaka,KA645,Bandung,Surabaya Pasarturi,27/04/2025,03.55,10:40:00,EKONOMI,148425,-
JKA01068,Kaligung,KA285,Jakarta Kota,Solo Balapan,20-04-2024,17.25,14:20,eksekutif,103175,Terlambat
JKA00551,Lodaya,KA787,Cirebon,Malang,10-05-2025,06:50:00,14:15:00,EKONOMI,203943,-
JKA01534,Matarmaja,KA513,Kediri,Jember,26-05-2025,2:20,15.40,Bisnis,74107,TERLAMBAT
JKA00776,LODAYA,KA441,Malang,Jember,2024-11-27,12.45,19:35,EKONOMI,745246,Terlambat
JKA01132,Gaya Baru Malam,KA979,Semarang Tawang,Malang,31 Jul 2024,03:15:00,23:20,Bisnis,98562,
JKA02369,Malabar,KA764,Jakarta Kota,Semarang Tawang,07-01-2025,10:05,07.15,Ekonomi,746228,Dibatalkan
JKA02931,Gajayana,KA876,Bandung,Jakarta Kota,17 Jan 2025,02:15:00,16:10,Bisnis,95561,Tepat Waktu
JKA00623,Sancaka,KA371,Jember,Jakarta Kota,13/03/2024,21:10,02:35,EKONOMI,99047,-
JKA01292,Bima,KA9,Jember,Jakarta Kota,08 Jun 2025,16:50,17:20,EKONOMI,401486,TERLAMBAT
JKA02267,Lodaya,KA730,Bandung,Semarang Tawang,05 Mar 2024,06.50,12:30, Eksekutif,303725,
JKA01657,Gaya Baru Malam,KA625,Cirebon,Gambir,12 Aug 2025,14:40,19.20, Eksekutif,300511,
JKA02319,Taksaka,KA732,Cirebon,Purwokerto,27-05-2025,12:35:00,02:35,EKONOMI,751098,Terlambat
JKA01892,Mutiara Selatan,KA849,Purwokerto,Solo Balapan,20 Dec 2024,17:55:00,5:00,Eksekutif,204104,Tepat Waktu
JKA02332,Turangga,KA305,Surabaya Pasarturi,Pasar Senen,02 Nov 2024,19.40,11:45,EKONOMI,51219,TERLAMBAT
JKA02621,Kertajaya,KA495,Jember,Solo Balapan,08/03/2024,23:40,11:25,Ekonomi,147892,-
JKA00715,Kahuripan,KA227,Yogyakarta,Surabaya Pasarturi,22-03-2024,05.40,23:35,Ekonomi,297747,TERLAMBAT
JKA02933,Gaya Baru Malam,KA98,Kediri,Solo Balapan,25/03/2024,05.00,1:30, Eksekutif,97797,TERLAMBAT
JKA01758,GAJAYANA,KA281,Malang,Jember,16 Feb 2024,17.30,14:55:00,Eksekutif,79132,Tepat Waktu
JKA02976,Argo Parahyangan,KA607,Kediri,Gambir,13-01-2024,01.35,16:40,Bisnis,102847,Dibatalkan
JKA01225,Harina,KA101,Bandung,Solo Balapan,09 Oct 2024,19:10,01:20:00,eksekutif,102642,
JKA02071,Argo Parahyangan,KA377,Bandung,Pasar Senen,24 Dec 2024,18:40,11.25,Eksekutif,500111,
JKA02368,Progo,KA889,Jakarta Kota,Cirebon,2025-07-17,04:10,07:05:00,Eksekutif,245572,Tepat Waktu
JKA02695,Turangga,KA149,Gambir,Yogyakarta,01/11/2024,23:10,21.50,EKONOMI,245042,Tepat Waktu
JKA01061,Pasundan,KA684,Gambir,Surabaya Pasarturi,2024-04-04,23.40,14:45,Bisnis,246667,Dibatalkan
JKA01497,Joglosemarkerto,KA132,Cirebon,Jember,23 May 2025,15:30:00,23.35, Eksekutif,73567,Tepat Waktu
JKA01794,Matarmaja,KA847,Bandung,Jember,08 Jun 2024,19.05,13.25,Eksekutif,,Terlambat
JKA02125,Mutiara Selatan,KA148,Yogyakarta,Jember,04/02/2025,18:45:00,05:20,Bisnis ,98793,TERLAMBAT
JKA02946,Argo Parahyangan,KA912,Yogyakarta,Solo Balapan,04 Dec 2024,15:45,13:30,Ekonomi,149555,Tepat Waktu
JKA01095,MUTIARA SELATAN,KA91,Cirebon,Madiun,10/01/2025,5:20,21.30,NULL,398281,
JKA00785,Gajayana,KA794,Cirebon,Kediri,11/06/2025,15.15,17:05, Eksekutif,Rp70.581,Dibatalkan
JKA00743,Malabar,KA425,Solo Balapan,Jakarta Kota,2024-06-01,11:45,16:15,Bisnis ,395310,tepat waktu
JKA02895,Tawang Jaya,KA42,Kediri,Surabaya Pasarturi,11/07/2025,10.55,10:35:00,Bisnis,199831,Terlambat
JKA01492,Mutiara Selatan,KA223,Jakarta Kota,Madiun,23/11/2024,3:05,14.55,EKONOMI,299000,
JKA01222,Mutiara Selatan,KA173,Kediri,Gambir,06 May 2025,17:40:00,17:30,Bisnis ,95688,NULL
JKA01410,Harina,KA591,Jakarta Kota,Jember,16-01-2025,5:05,15:45,Eksekutif,151719,Dibatalkan
JKA00953,,KA273,Jakarta Kota,Surabaya Pasarturi,02-07-2025,23:15:00,04:30,Ekonomi,397833,-
JKA02444,  Brantas  ,KA596,Purwokerto,Kediri,17/07/2025,00:50:00,15:15:00,Bisnis ,302913,Dibatalkan
JKA02586,,KA291,Purwokerto,Kediri,2025-02-07,14:15:00,05.00,Eksekutif,147916,Tepat Waktu
JKA02987,Harina,KA240,Jakarta Kota,Gambir,20/07/2025,18:50,21:10:00,Bisnis,48371,
JKA01421,Lodaya,KA878,Cirebon,Solo Balapan,29/07/2024,09:30:00,08:50:00,Ekonomi,302075,
jka01749,,KA246,Malang,Kediri,26-08-2024,5:30,11.45,Eksekutif,402081,Tepat Waktu
JKA01844,Kahuripan,KA358,Yogyakarta,Cirebon,04/06/2025,18:45,02.30,Bisnis,72108,TERLAMBAT
JKA01480,  Bima  ,KA526,Bandung,Jakarta Kota,2024-06-15,03.35,01:10,EKONOMI,499959,TERLAMBAT
JKA02890,Kaligung,KA217,Malang,Yogyakarta,04-06-2024,15.25,16:15:00,Bisnis,Rp746.948,NaN
JKA01050,  Kahuripan  ,KA854,Solo Balapan,Kediri,09-09-2024,23:45,2:15,Bisnis,199454,tepat waktu
JKA01903,Sembrani,KA799,Purwokerto,Kediri,21-04-2024,2:50,09:15,eksekutif,303492,TERLAMBAT
JKA02846,Matarmaja,KA872,Jakarta Kota,Malang,27-02-2024,5:15,23.50,eksekutif,245221,TERLAMBAT
JKA01864,Sembrani,KA65,Purwokerto,Yogyakarta,2024-08-09,11:45:00,20:15:00,EKONOMI,73648,TERLAMBAT
JKA01146,Malabar,KA67,Gambir,Yogyakarta,13/10/2024,11.00,14.30,Bisnis ,71933,-
jka01572,,KA744,Surabaya Pasarturi,Solo Balapan,16 May 2025,01:15:00,16:20:00,eksekutif,Rp753.063,-
JKA01268,Joglosemarkerto,KA244,Surabaya Gubeng,Jakarta Kota,01 Jul 2025,00.05,21.50,Ekonomi,395080,-
JKA00779,Gajayana,KA447,Madiun,Bandung,21 May 2024,9:30,2:05,Ekonomi,79970,Terlambat
JKA01062,,KA18,Cirebon,Yogyakarta,08 Jan 2024,09.05,15:40,EKONOMI,403588,TERLAMBAT
JKA00949,,KA962,Gambir,Semarang Tawang,13-02-2025,12:05:00,01:35:00, Eksekutif,101404,-
JKA02979,Pasundan,KA6,Surabaya Pasarturi,Bandung,04 Oct 2024,15.35,10.45,Eksekutif,503785,-
JKA01193,Mutiara Selatan,KA499,Jember,Malang,2025-05-19,10:30,04:55, Eksekutif,749352,Tepat Waktu
JKA01332,Brantas,KA967,Cirebon,Jakarta Kota,12/10/2024,13:20,15:30,Bisnis ,504742,Terlambat
JKA01114,Argo Parahyangan,KA777,Cirebon,Yogyakarta,28-06-2025,12:35,23:00,eksekutif,149593,TERLAMBAT
JKA01802,Sancaka,KA973,Surabaya Pasarturi,Gambir,01 Jan 2024,02:15:00,10:20:00,eksekutif,47802,Tepat Waktu
JKA00481,  Matarmaja  ,KA606,Yogyakarta,Bandung,15 May 2024,13:25,12:55,Bisnis ,196950,Dibatalkan
JKA02154,Pasundan,KA216,Pasar Senen,Yogyakarta,2025-03-27,11:20,05:20,Bisnis,245024,-
JKA02733,Sancaka,KA299,Solo Balapan,Jember,04 Jul 2024,7:20,16:45,Bisnis ,197787,-
JKA01567,Mutiara Selatan,KA920,Surabaya Pasarturi,Surabaya Gubeng,06 Jun 2025,03:25,10:20:00,Ekonomi,296888,
JKA02913,Lodaya,KA284,Pasar Senen,Yogyakarta,18 Jan 2024,21.00,07.45, Eksekutif,199005,TERLAMBAT
JKA00170,Sembrani,KA192,Madiun,Surabaya Pasarturi,26 Jul 2024,07.50,18:40, Eksekutif,149819,Tepat Waktu
JKA02047,Lodaya,KA174,Surabaya Gubeng,Bandung,2024-10-25,22:50,02:45,eksekutif,301805,tepat waktu
jka01246,Jayabaya,KA730,Purwokerto,Jakarta Kota,24 Oct 2024,4:50,14.15,eksekutif,195290,-
JKA00231,Taksaka,KA645,Bandung,Surabaya Pasarturi,27/04/2025,03.55,10:40:00,EKONOMI,148425,-
JKA02159,Kaligung,KA587,Bandung,Solo Balapan,16/07/2024,4:20,00:50:00, Eksekutif,100009,
JKA01433,Sembrani,KA781,Pasar Senen,Jember,06 May 2024,23.55,09:20:00,eksekutif,,-
JKA00259,Sancaka,KA831,Jakarta Kota,Kediri,09 Apr 2024,19:10,03:05:00,EKONOMI,748613,Dibatalkan
JKA00769,Harina,KA667,Jakarta Kota,Jember,03-08-2024,22:05:00,19:45,eksekutif,,-
JKA00671,Pasundan,KA707,Solo Balapan,Malang,19/07/2024,10.00,11:35,EKONOMI,253079,Tepat Waktu
JKA02029,Mutiara Selatan,KA442,Surabaya Pasarturi,Surabaya Gubeng,22 Oct 2024,22:05:00,20:10,Bisnis ,102638,Terlambat
JKA02517,Joglosemarkerto,KA150,Surabaya Pasarturi,Bandung,2024-06-28,04.15,18:30,Ekonomi,Rp748.346,tepat waktu
JKA01242,Matarmaja,KA443,Jember,Purwokerto,14-05-2024,13:15,13:05:00,Bisnis,78789,-
JKA01084,Malabar,KA88,Surabaya Gubeng,Kediri,05 Aug 2024,14:50:00,0:40,Bisnis ,504916,-
JKA00403,Harina,KA996,Madiun,Bandung,2025-03-22,15:30,05.45,Bisnis ,99745,
JKA00706,Gajayana,,Gambir,Surabaya Gubeng,07/04/2025,21:20,12:35,Bisnis,403186,Terlambat
JKA01105,Kertajaya,KA617,Solo Balapan,Malang,2025-06-11,18:55,14:50:00,Eksekutif,300322,null
JKA02327,Harina,KA522,Surabaya Pasarturi,Pasar Senen,14/03/2024,22:40,20:45:00,EKONOMI,53710,-
JKA00851,Kertajaya,KA742,Pasar Senen,Malang,28 Mar 2025,07.25,23:30:00,Ekonomi,300092,tepat waktu
JKA02341,Matarmaja,KA274,Pasar Senen,Kediri,10 Nov 2024,01.30,18:55,Bisnis ,79227,
JKA02656,Serayu,KA961,Bandung,Jakarta Kota,08 Aug 2025,17:35,22:30:00,eksekutif,503307,Terlambat
JKA01171,Malabar,KA528,Yogyakarta,Madiun,26-06-2024,05.05,18:35, Eksekutif,54627,Tepat Waktu
JKA02543,Serayu,KA872,Solo Balapan,Madiun,26-08-2024,09:35:00,20:45,eksekutif,751816,null
JKA02079,Kahuripan,KA542,Kediri,Surabaya Pasarturi,17 Apr 2025,11:00,11:50:00,Bisnis ,71105,
JKA01579,Lodaya,KA816,Solo Balapan,Surabaya Gubeng,25-06-2025,12.20,08:10:00,Bisnis,754129,tepat waktu
JKA00130,Kertajaya,KA367,Semarang Tawang,Malang,05/10/2024,2:15,18:05,Eksekutif,102365,TERLAMBAT
JKA01499,Argo Bromo Anggrek,KA653,Purwokerto,Solo Balapan,2024-11-15,07:50,11.35,EKONOMI,248157,null
JKA01358,Serayu,KA388,Yogyakarta,Purwokerto,01 Jul 2025,22:25:00,21:35,Bisnis ,145790,Dibatalkan
JKA00345,Sancaka,KA340,Pasar Senen,Gambir,22/05/2025,0:50,22:15:00,NULL,148916,
JKA02049,Bengawan,KA194,Cirebon,Yogyakarta,07 Dec 2024,17:25,6:25,EKONOMI,Rp495.903,TERLAMBAT
JKA00341,Sembrani,KA453,Bandung,Kediri,2025-03-25,20:35,02:00,eksekutif,246065,
JKA01187,Kertajaya,KA74,Purwokerto,Jember,17 Sep 2024,20:55,02:50,Ekonomi,48342,Tepat Waktu
JKA02070,,KA504,Semarang Tawang,Madiun,2025-01-11,19.55,05:40,eksekutif,498791,tepat waktu
JKA00737,Kertajaya,KA571,Surabaya Gubeng,Jakarta Kota,28-01-2024,2:55,00:10:00,Eksekutif,297017,Terlambat
JKA02991,Gajayana,KA982,Gambir,Purwokerto,2024-05-22,09:10,00:30,Eksekutif,196134,none
JKA02881,Serayu,KA291,Purwokerto,Solo Balapan,10 Feb 2024,17:30:00,13:15, Eksekutif,395270,
JKA01271,Kertajaya,KA993,Pasar Senen,Surabaya Gubeng,2024-03-16,08.50,16:05:00,Bisnis ,399014,Dibatalkan
JKA01894,Progo,KA332,Pasar Senen,Surabaya Pasarturi,18 May 2024,22.10,06:30,Eksekutif,745406,Dibatalkan
JKA02482,Mutiara Selatan,KA463,Purwokerto,Cirebon,2025-08-04,8:25,2:00,Eksekutif,153263,null
JKA02998,Turangga,KA600,Purwokerto,Jember,31/03/2025,23:15,09:35,Ekonomi,100596,
JKA00539,Argo Parahyangan,KA205,Surabaya Pasarturi,Jember,13 Jan 2025,09:05:00,04:55,Ekonomi,297486,TERLAMBAT
JKA00536,Turangga,KA484,Yogyakarta,Surabaya Gubeng,09/02/2025,5:45,10:40:00,Bisnis ,751830,Dibatalkan
JKA02749,Gajayana,KA975,Surabaya Gubeng,Kediri,21 Nov 2024,5:40,11:40,Ekonomi,503596,
JKA02743,Bengawan,KA396,Yogyakarta,Surabaya Pasarturi,05-03-2024,22:10,4:05, Eksekutif,Rp153.950,-
JKA00217,Tawang Jaya,KA92,Jember,Surabaya Gubeng,14 May 2025,20:45,17:45,Bisnis,74362,TERLAMBAT
JKA01662,Gajayana,KA42,Gambir,Madiun,2024-10-05,14:25:00,1:10, Eksekutif,70834,
JKA00639,Pasundan,KA461,Bandung,Cirebon,26 Feb 2025,12.20,00:25:00,Bisnis,48531,Terlambat
JKA01951,Mutiara Selatan,KA169,Surabaya Pasarturi,Malang,2024-04-28,12:00:00,01:30:00,Bisnis ,153051,TERLAMBAT
jka02500,Gaya Baru Malam,,Jakarta Kota,Malang,28-06-2025,23.25,10.40,Eksekutif,97165,tepat waktu
JKA00788,Argo Bromo Anggrek,KA964,Semarang Tawang,Pasar Senen,2024-11-28,01.35,23:00,Bisnis,71365,TERLAMBAT
JKA01232,  Jayabaya  ,KA495,Surabaya Pasarturi,Yogyakarta,27 Oct 2024,18:30,20:00,EKONOMI,195155,Dibatalkan
JKA00176,Serayu,KA216,Surabaya Pasarturi,Purwokerto,2025-01-17,17:40,03:00,EKONOMI,751456,Dibatalkan
JKA00591,Kahuripan,KA444,Malang,Purwokerto,2024-12-04,19:05,22:10,Bisnis ,73040,
JKA01640,Matarmaja,KA984,Madiun,Solo Balapan,2024-05-22,06.10,01:40:00,Bisnis,501681,Dibatalkan
JKA01352,Taksaka,KA817,Yogyakarta,Malang,02/06/2024,16:30:00,8:50,Bisnis ,77291,tepat waktu
JKA01143,Pasundan,KA33,Kediri,Malang,13-02-2025,19:00:00,22.50,Ekonomi,753820,-
JKA01611,Bima,KA436,Yogyakarta,Malang,15 Oct 2024,18:55,03:35:00,Bisnis,79927,
JKA00395,,KA191,Jember,Jakarta Kota,06 Feb 2024,19:35,11:00:00,Ekonomi,200798,-
JKA03000,Kertajaya,KA644,Pasar Senen,Jember,21 Mar 2025,10:50:00,01.05,Bisnis ,197488,-
JKA01092,Argo Bromo Anggrek,KA973,Surabaya Gubeng,Pasar Senen,08 Jan 2024,04:55,20:35,EKONOMI,102926,-
JKA01043,Sancaka,KA108,Solo Balapan,Semarang Tawang,2024-12-06,08:35:00,5:25, Eksekutif,495992,Dibatalkan
JKA00077,Gajayana,KA510,Bandung,Gambir,24 Oct 2024,19:30,05.25,Bisnis,103163,Dibatalkan
JKA00837,Mutiara Selatan,KA347,Gambir,Surabaya Pasarturi,31-07-2024,1:10,17:25,Bisnis,104160,tepat waktu
JKA00670,Kahuripan,KA314,Yogyakarta,Purwokerto,2025-05-23,04.00,22:40:00,EKONOMI,245023,-
JKA01489,Pasundan,KA36,Surabaya Pasarturi,Madiun,02-01-2025,23:10,11.45,Ekonomi,73213,-
JKA02646,Kertajaya,KA628,Jakarta Kota,Malang,18-04-2025,11:30,05.15,Eksekutif,46341,Terlambat
JKA00093,Turangga,KA308,Yogyakarta,Jember,23/10/2024,23.45,18.45,Bisnis,197347,tepat waktu
JKA02927,Sembrani,KA846,Yogyakarta,Jakarta Kota,09-09-2024,3:20,21:55,Eksekutif,749958,tepat waktu
JKA00143,Gaya Baru Malam,KA704,Cirebon,Gambir,2024-06-03,02.50,17:30,EKONOMI,51342,TERLAMBAT
JKA02687,Tawang Jaya,KA503,Cirebon,Kediri,2025-02-07,22:35,8:35,-,398418,TERLAMBAT
JKA01612,  Kertajaya  ,KA297,Kediri,Yogyakarta,26/06/2024,0:30,11:30:00,Bisnis,253033,-
JKA00283,  Brantas  ,KA876,Bandung,Kediri,06/05/2024,18:15,21:25,Eksekutif,99544,Terlambat
JKA02985,Lodaya,KA545,Madiun,Yogyakarta,2025-05-09,09:45,09:50,EKONOMI,251818,Terlambat
JKA02137,Joglosemarkerto,KA444,Madiun,Jember,16/11/2024,20.15,16.50,EKONOMI,754878,Tepat Waktu
JKA01542,Kahuripan,KA794,Jember,Solo Balapan,2024-09-13,14:50,10:50:00,Eksekutif,79830,Tepat Waktu
JKA02596,Gaya Baru Malam,KA31,Madiun,Gambir,2024-10-28,17:30:00,06.10, Eksekutif,501434,Tepat Waktu
JKA02968,Argo Parahyangan,KA703,Surabaya Gubeng,Purwokerto,02/04/2024,04:10:00,9:45,Bisnis,102245,
JKA02806,Brantas,KA815,Pasar Senen,Malang,14 Mar 2025,16:10,01:00:00,Bisnis,395239,tepat waktu
JKA00212,Sancaka,KA454,Madiun,Bandung,13-08-2025,21:35:00,3:10,EKONOMI,303268,TERLAMBAT
JKA00110,Gajayana,KA574,Semarang Tawang,Bandung,2024-11-03,22:05,10:50,Bisnis ,98996,Dibatalkan
JKA00410,Bengawan,KA105,Gambir,Pasar Senen,2024-08-17,07:30:00,04.25,Bisnis,296841,Terlambat
JKA01086,Mutiara Selatan,KA66,Kediri,Pasar Senen,2025-06-27,17:00,16:55,Ekonomi,196116,Terlambat
JKA00019,Pasundan,KA754,Jakarta Kota,Gambir,07-11-2024,06.30,14:35:00,Bisnis ,153375,
JKA01912,Gaya Baru Malam,KA848,Purwokerto,Jember,02/12/2024,1:40,05:35,Ekonomi,304374,Terlambat
JKA00073,Lodaya,KA491,Yogyakarta,Surabaya Gubeng,2025-05-20,11.40,14:40,EKONOMI,71077,-
JKA02833,Lodaya,KA364,Pasar Senen,Gambir,2024-03-02,04.25,07:20,Bisnis,752937,TERLAMBAT
JKA00858,Gaya Baru Malam,KA842,Pasar Senen,Jember,23-04-2024,18:30,17.55,Ekonomi,Rp397.919,-
JKA01104,Joglosemarkerto,KA367,Malang,Solo Balapan,2025-05-05,16:35:00,12:10,eksekutif,152085,-
JKA02788,Gajayana,KA616,Solo Balapan,Cirebon,22 Feb 2025,18:30,19.10,EKONOMI,297528,tepat waktu
JKA00803,Argo Parahyangan,KA426,Surabaya Gubeng,Pasar Senen,26 Mar 2025,14:25:00,18:05,Bisnis,70375,Tepat Waktu
JKA00247,Tawang Jaya,KA320,Madiun,Bandung,25-05-2024,14:40,16:45,Bisnis,396279,-
JKA00205,Kertajaya,KA682,Surabaya Gubeng,Pasar Senen,13 Sep 2024,0:05,12:35,Bisnis ,48263,TERLAMBAT
JKA00562,Joglosemarkerto,KA937,Gambir,Bandung,13-07-2024,16.55,17:40,eksekutif,746244,TERLAMBAT
JKA00393,Matarmaja,KA902,Yogyakarta,Malang,2025-05-24,12:00,23:00:00,Bisnis ,500653,
JKA00067,Progo,KA834,Semarang Tawang,Surabaya Pasarturi,17-01-2024,2:25,23:50, Eksekutif,750447,Dibatalkan
JKA00940,Progo,KA78,Surabaya Pasarturi,Yogyakarta,2024-03-08,12.10,20:05,eksekutif,246602,tepat waktu
JKA01151,SEMBRANI,KA215,Jakarta Kota,Semarang Tawang,16-06-2024,19:20:00,20:00,EKONOMI,304913,Dibatalkan
JKA02928,Mutiara Selatan,KA739,Bandung,Gambir,12 Mar 2025,0:50,09:45,Eksekutif,304465,Dibatalkan
JKA02215,Kertajaya,KA586,Yogyakarta,Kediri,18-08-2024,3:00,04:35:00,eksekutif,501973,
JKA01524,  Sembrani  ,KA700,Kediri,Madiun,2024-10-13,07:00,14:40:00,eksekutif,253448,
JKA01613,Tawang Jaya,KA743,Yogyakarta,Malang,2024-07-27,06.10,16:10:00,Ekonomi,298391,-
JKA00272,Mutiara Selatan,KA293,Surabaya Pasarturi,Yogyakarta,23/09/2024,15.25,01.10,Ekonomi,397725,TERLAMBAT
JKA00204,Argo Bromo Anggrek,KA475,Surabaya Pasarturi,Yogyakarta,2025-03-24,7:05,0:35,Ekonomi,300104,Dibatalkan
JKA02480,Bengawan,KA424,Pasar Senen,Surabaya Gubeng,09/04/2025,20:10:00,16:30,Bisnis,499749,
JKA00089,Brantas,KA120,Bandung,Jember,02-04-2025,02:45,1:40,EKONOMI,497455,tepat waktu
JKA02879,Kertajaya,KA809,Malang,Pasar Senen,26 Dec 2024,01:25:00,03:35,Ekonomi,746422,Terlambat
JKA01122,Lodaya,KA917,Kediri,Semarang Tawang,28 Mar 2025,14:10,03.55,Ekonomi,745397,Terlambat
JKA01400,JOGLOSEMARKERTO,KA726,Gambir,Surabaya Gubeng,14-09-2024,11:15,16:35,Eksekutif,202231,tepat waktu
JKA00725,Brantas,KA334,Pasar Senen,Semarang Tawang,06 May 2025,10.20,17.50,eksekutif,101208,Tepat Waktu
JKA00973,Malabar,KA716,Bandung,Semarang Tawang,23/07/2024,19:05,04:30,Eksekutif,Rp46.089,-
JKA00587,Progo,KA812,Pasar Senen,Semarang Tawang,28-03-2024,2:10,19:20:00,NaN,73229,-
JKA02065,Harina,KA528,Surabaya Pasarturi,Gambir,2024-11-23,23:05,07:55:00,Eksekutif,,Dibatalkan
JKA00116,Argo Parahyangan,KA719,Cirebon,Jember,21-06-2024,22.20,18:20,Bisnis,295971,Terlambat
JKA02508,Brantas,KA281,Gambir,Jakarta Kota,14-03-2025,20:20:00,12:25,Bisnis,302904,-
JKA01783,Tawang Jaya,KA779,Kediri,Cirebon,13-04-2025,18.05,09.40,Eksekutif,54411,
JKA01022,Kaligung,KA44,Surabaya Gubeng,Semarang Tawang,28 Dec 2024,00:35:00,07:55, Eksekutif,98572,-
JKA02823,Tawang Jaya,KA693,Semarang Tawang,Surabaya Gubeng,03/06/2025,10:55:00,17:20,eksekutif,71684,
JKA01530,Sembrani,KA240,Semarang Tawang,Solo Balapan,10/05/2025,2:10,00.00,NaN,504438,Dibatalkan
JKA02338,Argo Bromo Anggrek,KA383,Gambir,Malang,25/05/2025,09.20,09:55:00,Ekonomi,752177,Tepat Waktu
JKA00698,Serayu,KA4,Jember,Cirebon,13-08-2024,21.50,20:15,Bisnis ,495286,
JKA00734,Gajayana,KA765,Pasar Senen,Yogyakarta,2024-02-12,19:55,14.10,Bisnis ,502170,TERLAMBAT
JKA01702,  Progo  ,KA161,Purwokerto,Yogyakarta,10/08/2025,06:55,06:10:00,EKONOMI,748195,Tepat Waktu
JKA00930,Turangga,KA380,Yogyakarta,Malang,30/07/2024,1:55,5:50,eksekutif,71743,
JKA02527,Taksaka,KA493,Jember,Cirebon,17/12/2024,20:50,01:05,Bisnis ,504816,Tepat Waktu
JKA01266,Progo,KA719,Pasar Senen,Surabaya Gubeng,27-07-2025,16.30,21:15, Eksekutif,401357,Dibatalkan
jka00002,Sancaka,KA81,Yogyakarta,Surabaya Gubeng,2024-12-10,02:30,11.25, Eksekutif,52527,tepat waktu
JKA00317,Mutiara Selatan,KA669,Malang,Surabaya Gubeng,03/06/2025,18.50,19:55:00,Bisnis,201395,-
JKA00148,Kertajaya,KA407,Pasar Senen,Cirebon,30/01/2024,06:15,07:00:00,Eksekutif,248262,
JKA02665,Bengawan,KA932,Pasar Senen,Jember,14-06-2024,05.45,23:10:00,Eksekutif,202304,Dibatalkan
JKA00336,Matarmaja,KA367,Malang,Kediri,2025-02-06,20:50,17:00:00,Bisnis ,75783,TERLAMBAT
JKA00679,  Sembrani  ,KA916,Kediri,Gambir,2024-01-28,23:00,10:10,Eksekutif,152877,
JKA02663,Bima,KA881,Surabaya Pasarturi,Yogyakarta,05 Apr 2024,23:10:00,8:50,Eksekutif,749197,Dibatalkan
jka02853,Bengawan,KA178,Pasar Senen,Yogyakarta,07-01-2025,23:10:00,06.35,Eksekutif,395181,Tepat Waktu
JKA02233,  Mutiara Selatan  ,KA12,Surabaya Gubeng,Semarang Tawang,28/04/2025,08:35:00,06.45,eksekutif,101500,Tepat Waktu
JKA01248,Gajayana,KA34,Solo Balapan,Gambir,25-12-2024,12.15,07:05,Bisnis ,398432,-
JKA01896,Harina,KA416,Solo Balapan,Surabaya Gubeng,2025-04-04,11.40,17:10,eksekutif,148345,
JKA00117,Progo,KA890,Purwokerto,Solo Balapan,19 Jan 2025,02:50,12.40,Bisnis ,252449,Tepat Waktu
JKA00287,Matarmaja,KA257,Madiun,Kediri,18-08-2025,20.30,15:50:00,eksekutif,499569,none
JKA01544,Pasundan,KA749,Cirebon,Semarang Tawang,2024-05-10,06:40:00,5:05,Eksekutif,246232,Dibatalkan
JKA02809,Matarmaja,KA699,Jakarta Kota,Kediri,15/09/2024,15:00,19.30,Ekonomi,504581,Terlambat
JKA00360,Kaligung,KA831,Kediri,Gambir,06/10/2024,14:25,06:55,Bisnis ,Rp498.541,-
JKA00029,Mutiara Selatan,KA707,Jember,Semarang Tawang,11-03-2025,11:55:00,08.20,Bisnis,73155,
JKA01131,Sembrani,KA247,Yogyakarta,Malang,14 Mar 2025,02:15:00,14:55,Bisnis ,503199,tepat waktu
JKA01098,Matarmaja,KA318,Surabaya Pasarturi,Purwokerto,02/09/2024,00:15,15:55, Eksekutif,301935,Terlambat
JKA01165,  Brantas  ,KA601,Madiun,Malang,20 Aug 2025,12:50:00,17:10,Bisnis ,247181,TERLAMBAT
JKA01705,Jayabaya,KA106,Yogyakarta,Solo Balapan,22-06-2025,23.35,13.20,Ekonomi,52452,Terlambat
JKA01672,Tawang Jaya,KA65,Yogyakarta,Pasar Senen,21 Nov 2024,19:10:00,07:25:00,Eksekutif,51273,Dibatalkan
JKA00983,Serayu,KA57,Semarang Tawang,Yogyakarta,2024-12-12,12:20:00,22:45, Eksekutif,148878,Terlambat
JKA00757,Serayu,KA823,Cirebon,Kediri,11 Sep 2024,22:45:00,09:40:00,EKONOMI,196479,Dibatalkan
JKA01562,Harina,KA535,Cirebon,Madiun,2025-01-30,17:00:00,16:30,EKONOMI,501326,-
JKA01620,Kertajaya,KA410,Pasar Senen,Jember,02 Jul 2025,10.50,00:55,Bisnis ,746481,-
JKA00985,Kertajaya,KA466,Jember,Surabaya Pasarturi,20-07-2025,17.00,5:30,Bisnis,71825,N/A
JKA00338,,KA197,Madiun,Cirebon,01/08/2025,2:45,23:05,Ekonomi,748734,Dibatalkan
JKA00186,Joglosemarkerto,KA86,Solo Balapan,Semarang Tawang,14 Feb 2024,07:35:00,11:45,eksekutif,99170,
JKA00633,Harina,KA984,Jakarta Kota,Madiun,21/01/2025,12:15,10:25:00,Ekonomi,149762,tepat waktu
JKA01851,Taksaka,KA52,Kediri,Surabaya Gubeng,13/03/2024,20:20:00,10:30,EKONOMI,296552,-
JKA00554,Brantas,KA1,Cirebon,Surabaya Gubeng,04 Jun 2024,06:20,12:20:00,EKONOMI,302807,Dibatalkan
JKA00163,Joglosemarkerto,KA324,Surabaya Pasarturi,Gambir,03/06/2025,17:50:00,12:15,eksekutif,404388,tepat waktu
JKA00541,Progo,KA753,Gambir,Pasar Senen,08-06-2025,00:45:00,01.40, Eksekutif,503061,Tepat Waktu
JKA00839,Argo Bromo Anggrek,KA753,Kediri,Malang,21-12-2024,07:55,05.20,Bisnis,46281,Terlambat
JKA02433,Bengawan,KA574,Surabaya Pasarturi,Cirebon,10-03-2024,02:00,2:55,Eksekutif,77427,-
JKA01947,Argo Parahyangan,KA43,Cirebon,Pasar Senen,18 Feb 2024,09:15,20.30,EKONOMI,202864,Terlambat
JKA00505,Joglosemarkerto,KA478,Bandung,Yogyakarta,2025-03-30,8:45,22:40:00,Bisnis,50098,Dibatalkan
JKA00753,Joglosemarkerto,KA23,Jember,Madiun,28/05/2025,19:00:00,04:20:00,eksekutif,103637,tepat waktu
JKA01322,Gajayana,KA531,Semarang Tawang,Solo Balapan,21 Jul 2025,4:55,22:15, Eksekutif,395462,Dibatalkan
JKA02505,Turangga,KA417,Gambir,Yogyakarta,09-04-2024,21:55:00,7:40,eksekutif,301807,Terlambat
JKA00938,Argo Parahyangan,KA302,Surabaya Gubeng,Semarang Tawang,17-10-2024,22:50,07.30,NaN,148172,Terlambat
JKA02167,Argo Parahyangan,KA871,Surabaya Pasarturi,Yogyakarta,10-01-2025,19:35,12:20,eksekutif,76523,Dibatalkan
JKA02484,Sancaka,KA889,Purwokerto,Semarang Tawang,29-09-2024,03:35,00:25:00,eksekutif,154839,NULL
JKA02545,Brantas,,Bandung,Surabaya Pasarturi,12/01/2024,19:00,00:00, Eksekutif,48638,-
JKA00177,Sancaka,KA975,Surabaya Pasarturi,Surabaya Gubeng,27/04/2024,21:45,17:35,Ekonomi,74107,tepat waktu
JKA01979,Malabar,KA52,Purwokerto,Surabaya Pasarturi,2025-05-10,00.10,03:45,eksekutif,397277,tepat waktu
JKA02969,Mutiara Selatan,KA65,Cirebon,Semarang Tawang,06/07/2024,4:25,23:35:00,Bisnis ,197959,tepat waktu
JKA02619,Harina,KA25,Bandung,Kediri,17 Jul 2025,12:25:00,15:10,Ekonomi,72565,-
JKA00897,Matarmaja,KA513,Kediri,Madiun,19 Oct 2024,08:35:00,16:50:00,Bisnis,152595,Tepat Waktu
JKA00618,Sembrani,KA282,Gambir,Semarang Tawang,13 Nov 2024,06:45:00,3:00,EKONOMI,53295,tepat waktu
JKA02654,  Turangga  ,KA589,Solo Balapan,Jakarta Kota,23/03/2025,09:45,13:30,Ekonomi,253076,-
JKA01289,,KA90,Malang,Cirebon,15/07/2025,00.55,10:35:00,Bisnis,399097,Tepat Waktu
JKA01685,Turangga,KA990,Jakarta Kota,Purwokerto,15/10/2024,19:05,23:15,Bisnis,78660,
JKA00899,,KA152,Surabaya Pasarturi,Jember,02 Oct 2024,08:35,16:10,Bisnis,753647,Terlambat
JKA01649,Kaligung,KA156,Surabaya Pasarturi,Madiun,05/03/2024,19:20,1:15,Ekonomi,47758,
JKA02699,Malabar,,Madiun,Solo Balapan,2024-05-11,06:55:00,05.05,Bisnis,749521,
JKA00252,Turangga,KA198,Yogyakarta,Semarang Tawang,2025-07-14,21:00,00:30,EKONOMI,77306,Dibatalkan
JKA02910,Argo Parahyangan,KA535,Purwokerto,Yogyakarta,05/04/2025,19:05:00,03:20,Eksekutif,96789,Dibatalkan
JKA02799,Gajayana,KA445,Yogyakarta,Solo Balapan,17-03-2024,22:25:00,20:40, Eksekutif,201025,Terlambat
JKA00934,Kahuripan,KA506,Pasar Senen,Semarang Tawang,2024-09-23,05.25,3:55,Bisnis ,748684,
JKA02395,Tawang Jaya,KA639,Semarang Tawang,Gambir,2024-12-10,20.30,00:40,Eksekutif,302330,tepat waktu
JKA01580,Gaya Baru Malam,KA61,Yogyakarta,Malang,11-09-2024,07.15,0:30,Eksekutif,76734,
JKA00499,Turangga,KA270,Jakarta Kota,Solo Balapan,21-08-2025,11:45:00,8:40,Eksekutif,747497,Terlambat
JKA00413,,KA209,Jember,Malang,05 Jul 2025,17:40,12:05:00,EKONOMI,748593,Tepat Waktu
JKA00724,Bima,KA735,Jakarta Kota,Purwokerto,08-01-2024,19:05,12:55,Eksekutif,499009,Terlambat
JKA02615,,KA712,Surabaya Gubeng,Jakarta Kota,22-01-2024,00:45:00,07.45,eksekutif,498181,Tepat Waktu
JKA00781,Kaligung,KA336,Surabaya Gubeng,Pasar Senen,16 Dec 2024,08:00:00,5:15,Ekonomi,397910,TERLAMBAT
JKA02076,Pasundan,KA955,Gambir,Purwokerto,30/12/2024,04:00,02:10:00, Eksekutif,49619,Dibatalkan
JKA00797,Kaligung,KA475,Yogyakarta,Solo Balapan,17/02/2024,7:30,0:55,eksekutif,250795,tepat waktu
JKA01934,Malabar,KA940,Surabaya Pasarturi,Bandung,2024-05-15,20:35:00,05:00, Eksekutif,72893,Dibatalkan
JKA02004,Malabar,KA240,Cirebon,Madiun,12/07/2024,20.35,3:25, Eksekutif,254057,
JKA00208,Tawang Jaya,KA282,Surabaya Pasarturi,Pasar Senen,10 Feb 2024,22.35,17:55:00,Bisnis,748057,tepat waktu
JKA02007,Kertajaya,KA896,Yogyakarta,Malang,01/01/2024,10.10,20.50,Bisnis ,71811,
JKA01437,Sancaka,KA837,Surabaya Pasarturi,Cirebon,22 Jan 2024,9:05,4:35,Bisnis ,401509,Dibatalkan
JKA02903,Taksaka,KA737,Kediri,Jember,25/03/2025,13:50,04.25,Ekonomi,399991,Dibatalkan
JKA02099,TAKSAKA,KA191,Kediri,Jember,2024-02-01,8:00,7:30,eksekutif,99402,Terlambat
JKA00987,Progo,KA133,Yogyakarta,Jakarta Kota,21/02/2025,07:25:00,0:25,Eksekutif,101297,-
JKA00845,,KA13,Gambir,Madiun,06/07/2025,06.20,09:35,Ekonomi,503496,Dibatalkan
JKA01482,Sembrani,KA405,Semarang Tawang,Solo Balapan,30/06/2025,7:20,17:20,Bisnis ,97417,Dibatalkan
JKA02746,Lodaya,KA111,Yogyakarta,Semarang Tawang,18 Nov 2024,3:15,23:15,Eksekutif,252005,Terlambat
JKA00981,,KA914,Solo Balapan,Purwokerto,09/01/2025,19:50,12:00:00, Eksekutif,Rp395.044,Terlambat
JKA02602,Sembrani,KA561,Solo Balapan,Kediri,08-11-2024,18.15,14.55,Bisnis,48813,tepat waktu
JKA01366,Gaya Baru Malam,KA126,Kediri,Gambir,25/01/2025,10:05:00,16:25,Bisnis ,99452,Dibatalkan
JKA00043,Argo Parahyangan,KA808,Jakarta Kota,Pasar Senen,20/10/2024,19:25,20.15,Bisnis ,96591,Dibatalkan
JKA01986,Malabar,KA825,Surabaya Gubeng,Purwokerto,09 Nov 2024,12:55,22:40:00,Eksekutif,296485,tepat waktu
JKA00344,Argo Bromo Anggrek,KA479,Yogyakarta,Gambir,2024-08-31,13:25,6:50, Eksekutif,75595,-
JKA00187,Kahuripan,KA407,Solo Balapan,Purwokerto,29-07-2024,13:25,04.30,Ekonomi,501939,-
JKA00290,Bengawan,KA913,Cirebon,Solo Balapan,27-12-2024,10:00,18:00, Eksekutif,250715,
JKA01737,Bengawan,KA568,Surabaya Gubeng,Bandung,2025-02-10,22:55,03:35:00,EKONOMI,Rp50.595,Terlambat
JKA00731,Tawang Jaya,KA835,Semarang Tawang,Purwokerto,10-06-2025,05:15:00,1:00,Eksekutif,199949,Tepat Waktu
JKA02365,Tawang Jaya,KA318,Gambir,Solo Balapan,10/05/2024,21:50,11.55,Bisnis,199810,tepat waktu
JKA02905,Lodaya,KA565,Solo Balapan,Surabaya Pasarturi,11-10-2024,11:40,12.20,eksekutif,75378,tepat waktu
JKA02108,Sembrani,KA438,Yogyakarta,Pasar Senen,08-06-2025,11:35,21:40:00,EKONOMI,79243,Tepat Waktu
JKA00228,Jayabaya,KA53,Solo Balapan,Madiun,07/06/2025,12:40:00,01.10,EKONOMI,97656,-
JKA01064,Joglosemarkerto,KA842,Jember,Purwokerto,26/01/2024,14:40,21:10,Bisnis,752284,
JKA00007,Harina,KA170,Surabaya Pasarturi,Surabaya Gubeng,29/02/2024,18:05,23:35, Eksekutif,497060,TERLAMBAT
JKA00020,Joglosemarkerto,KA250,Kediri,Surabaya Gubeng,2024-05-30,01:15:00,19:05:00,eksekutif,748185,tepat waktu
JKA02094,Sancaka,KA73,Purwokerto,Malang,2024-07-01,12.45,4:10, Eksekutif,747327,Dibatalkan
JKA01790,Jayabaya,KA615,Gambir,Surabaya Gubeng,23 Feb 2025,19:40,20:10:00,eksekutif,199328,
JKA01039,Kaligung,KA412,Yogyakarta,Gambir,17 Feb 2025,15:00,10.05,Ekonomi,754279,
JKA02821,Matarmaja,KA644,Kediri,Semarang Tawang,31 May 2024,00:00,18:00:00,Bisnis,201991,Tepat Waktu
JKA01574,Turangga,KA654,Surabaya Gubeng,Jakarta Kota,2025-01-27,02:45,11:00,Ekonomi,51573,tepat waktu
JKA00979,Serayu,KA623,Malang,Solo Balapan,27 Jan 2024,23:40:00,04.15,Eksekutif,52707,
JKA01559,Matarmaja,KA974,Kediri,Semarang Tawang,2024-07-21,17:35,21.50, Eksekutif,401600,Tepat Waktu
JKA01367,Argo Parahyangan,KA967,Jakarta Kota,Pasar Senen,02 Aug 2024,23:30,06:10:00,eksekutif,148556,TERLAMBAT
JKA02156,Gajayana,KA379,Pasar Senen,Jember,12 Jul 2024,11:25,13:15,Eksekutif,504889,
JKA00580,Brantas,KA397,Cirebon,Gambir,2025-01-31,07:50,18:40,Eksekutif,404363,TERLAMBAT
JKA01504,Lodaya,KA896,Gambir,Madiun,19-10-2024,07:00:00,07.10, Eksekutif,301932,TERLAMBAT
JKA01089,Harina,KA195,Surabaya Gubeng,Purwokerto,22/07/2024,13:05:00,01.55, Eksekutif,50453,Dibatalkan
JKA02375,Gajayana,KA9,Purwokerto,Cirebon,23-06-2024,11:05:00,15:45,eksekutif,401553,tepat waktu
JKA02981,Turangga,KA660,Kediri,Malang,24 Jul 2024,13:00,15:40:00,Eksekutif,149094,
JKA00237,Kaligung,KA320,Jakarta Kota,Jember,2024-04-28,09:00,10:35,Eksekutif,,
JKA02475,Bengawan,KA582,Yogyakarta,Jember,2024-06-27,12:30:00,10.15,eksekutif,752347,Tepat Waktu
JKA00852,Bima,KA717,Gambir,Surabaya Pasarturi,2024-03-06,09.10,17:15,Ekonomi,403373,
JKA02410,Taksaka,KA483,Malang,Purwokerto,2024-06-12,02.05,4:45,eksekutif,54476,
JKA01900,Argo Bromo Anggrek,KA596,Kediri,Gambir,20-08-2024,00:05:00,20:35:00, Eksekutif,304707,-
JKA01034,Argo Bromo Anggrek,KA308,Semarang Tawang,Bandung,01-08-2024,09.50,17:30:00,Bisnis,103739,Tepat Waktu
JKA01315,Kertajaya,KA633,Surabaya Pasarturi,Cirebon,2024-02-05,06:25:00,05:20,Bisnis ,252277,TERLAMBAT
JKA01576,,KA579,Kediri,Jakarta Kota,07-10-2024,22:30:00,22:30:00,eksekutif,296166,Dibatalkan
jka01909,  Sembrani  ,KA203,Surabaya Gubeng,Gambir,21/06/2025,08:45,20:05:00,Ekonomi,401757,tepat waktu
JKA00932,KAHURIPAN,KA944,Pasar Senen,Surabaya Pasarturi,07 Jul 2024,08:35,01:30, Eksekutif,77382,Tepat Waktu
JKA00483,Bengawan,KA356,Solo Balapan,Surabaya Pasarturi,26 Nov 2024,10:10,1:55,eksekutif,499558,Tepat Waktu
JKA01386,Joglosemarkerto,KA109,Gambir,Jakarta Kota,06 Aug 2024,21:05:00,15.25,eksekutif,Rp102.355,tepat waktu
JKA00359,TURANGGA,KA841,Bandung,Madiun,19-05-2024,21:55:00,15:35,Eksekutif,498969,tepat waktu
JKA02732,Lodaya,KA120,Surabaya Pasarturi,Cirebon,05 Feb 2025,00:35,05:40:00,Bisnis,Rp397.081,tepat waktu
JKA01116,Turangga,KA590,Yogyakarta,Pasar Senen,20-04-2025,21:50,07.35,Bisnis,71647,Dibatalkan
JKA00856,Joglosemarkerto,KA521,Bandung,Surabaya Gubeng,20-03-2025,03:00,6:10,Bisnis,154974,
JKA01792,Pasundan,KA22,Solo Balapan,Cirebon,16-03-2024,13:45:00,16:00:00,EKONOMI,497325,Tepat Waktu
JKA00472,Argo Parahyangan,KA29,Purwokerto,Solo Balapan,2025-06-29,21:20,17:25,EKONOMI,249301,
JKA00997,Gaya Baru Malam,KA703,Purwokerto,Yogyakarta,21/09/2024,14:35,19:55,Bisnis,Rp500.540,Terlambat
JKA02808,Mutiara Selatan,KA235,Kediri,Cirebon,27/09/2024,00:05:00,01:40, Eksekutif,401022,TERLAMBAT
JKA02974,Turangga,KA713,Solo Balapan,Yogyakarta,29/05/2024,7:45,12:20:00,EKONOMI,249382,null
JKA00789,Gaya Baru Malam,KA139,Madiun,Yogyakarta,2024-06-21,12.55,07.25,Bisnis ,72902,-
JKA02859,Jayabaya,KA273,Semarang Tawang,Madiun,26 Feb 2024,11.40,18:15, Eksekutif,403775,tepat waktu
JKA02203,Pasundan,KA858,Jakarta Kota,Madiun,02/08/2024,12:20:00,08.05,Eksekutif,,
JKA01569,Bima,KA743,Yogyakarta,Madiun,06 Apr 2025,5:25,20:00,Eksekutif,146830,Dibatalkan
JKA00152,Tawang Jaya,KA573,Semarang Tawang,Madiun,15 Aug 2024,21.25,5:50,Ekonomi,77713,
JKA00137,Sembrani,KA750,Madiun,Pasar Senen,2024-05-25,16:25,11:55:00,EKONOMI,75514,Terlambat
JKA02123,Gajayana,KA651,Jakarta Kota,Bandung,28/06/2025,02:30,13:50,EKONOMI,98600,tepat waktu
JKA01726,Jayabaya,KA19,Purwokerto,Jakarta Kota,20 Feb 2025,22:15,01:55,Ekonomi,248468,TERLAMBAT
JKA00033,Jayabaya,KA450,Surabaya Gubeng,Solo Balapan,27/04/2024,20.10,04:05,Bisnis,204749,Dibatalkan
JKA00362,Bengawan,KA13,Jember,Purwokerto,13/07/2024,17:30:00,3:15,Eksekutif,250298,Dibatalkan
JKA00146,Malabar,KA943,Cirebon,Malang,08/02/2024,8:30,19:45:00,Eksekutif,Rp300.431,tepat waktu
JKA01676,,KA290,Madiun,Gambir,2025-06-17,10:40,10:50,EKONOMI,,Terlambat
JKA00614,Gajayana,KA960,Jember,Bandung,2025-08-12,8:40,23.15,eksekutif,75332,TERLAMBAT
JKA02800,Pasundan,KA922,Bandung,Malang,05/09/2024,06.40,12:40,eksekutif,750462,-
JKA02558,Lodaya,KA77,Cirebon,Jember,26/06/2024,22:15,15:40:00, Eksekutif,150979,Terlambat
JKA01734,Bengawan,KA189,Surabaya Pasarturi,Purwokerto,22/06/2025,22:00:00,05:35,Bisnis,Rp298.082,-
JKA02611,Harina,KA52,Solo Balapan,Surabaya Pasarturi,2025-01-30,15:50,11:00,eksekutif,300689,Terlambat
JKA02133,Harina,KA54,Malang,Solo Balapan,03-03-2025,21:25:00,15:55,Ekonomi,79187,
JKA02600,Argo Bromo Anggrek,KA847,Cirebon,Semarang Tawang,05/08/2025,20:20,18:50,Ekonomi,503378,Dibatalkan
JKA02406,Harina,KA165,Pasar Senen,Cirebon,28-02-2025,11:40:00,02:30:00,Bisnis,748428,Terlambat
JKA01412,Progo,KA423,Jakarta Kota,Gambir,2024-02-03,2:05,19.05,Ekonomi,495003,Terlambat
JKA00396,Matarmaja,KA450,Yogyakarta,Kediri,13/09/2024,15.30,09:25:00,Bisnis,499415,
JKA02415,Serayu,KA57,Purwokerto,Solo Balapan,13-11-2024,10.05,05.05,eksekutif,104607,-
JKA01523,Lodaya,KA539,Kediri,Cirebon,12 Jun 2025,11:05:00,11:35,Bisnis,,TERLAMBAT
JKA00650,Bima,KA197,Kediri,Semarang Tawang,23/11/2024,22:35:00,13.05,Bisnis ,152753,tepat waktu
JKA02506,Progo,KA874,Jakarta Kota,Madiun,26/04/2024,22.50,09.25,Bisnis,104772,tepat waktu
JKA02939,Tawang Jaya,KA447,Solo Balapan,Purwokerto,25/12/2024,19:45,15:30:00,Bisnis,101906,null
JKA01872,Kahuripan,KA334,Kediri,Cirebon,18-03-2025,13:10,15:15,Ekonomi,45201,
JKA02989,Taksaka,KA559,Gambir,Jakarta Kota,2024-06-23,11:15,16.00,Eksekutif,102520,tepat waktu
JKA00222,Brantas,KA921,Yogyakarta,Solo Balapan,15-11-2024,14:40,6:50,EKONOMI,498314,-
JKA01779,Kaligung,KA544,Semarang Tawang,Yogyakarta,04 Jan 2025,0:20,09:30:00,Bisnis,252266,Terlambat
JKA02617,Pasundan,KA685,Purwokerto,Jakarta Kota,09 May 2025,2:00,04:05:00,Ekonomi,495075,tepat waktu
JKA01733,Kertajaya,KA892,Jakarta Kota,Solo Balapan,2024-06-05,06.40,03.55,-,70145,Terlambat
JKA00414,Harina,KA751,Kediri,Jakarta Kota,22-05-2024,14:10:00,7:15,Eksekutif,96920,tepat waktu
JKA02644,Malabar,KA802,Jakarta Kota,Semarang Tawang,25-12-2024,13:55,04.10,eksekutif,301340,
JKA01856,Turangga,KA471,Malang,Yogyakarta,20 Jan 2024,11:45,08.20,eksekutif,296264,-
JKA01384,Jayabaya,KA228,Cirebon,Kediri,2025-08-15,06.30,01.25,Eksekutif,746554,TERLAMBAT
JKA00322,Sembrani,KA932,Yogyakarta,Solo Balapan,03 Mar 2024,1:50,18.00,eksekutif,304070,Dibatalkan
JKA01953,Kaligung,KA323,Jakarta Kota,Madiun,23-11-2024,15:45,0:45,Bisnis ,403671,tepat waktu
JKA02334,Kahuripan,KA861,Yogyakarta,Gambir,2024-07-05,10:50,04.50,Eksekutif,Rp151.279,Dibatalkan
JKA02039,Matarmaja,KA763,Surabaya Pasarturi,Jember,09-06-2024,20:15:00,09.40,Eksekutif,403642,Dibatalkan
JKA00792,Matarmaja,KA769,Kediri,Surabaya Pasarturi,2024-03-06,17:20,07.50,EKONOMI,747855,
JKA01148,Turangga,KA615,Surabaya Pasarturi,Yogyakarta,14/08/2025,1:50,07:35:00,Bisnis ,302090,tepat waktu
JKA02074,Taksaka,KA478,Malang,Jember,29-01-2024,10:50,23:10:00,eksekutif,47078,TERLAMBAT
JKA02744,Tawang Jaya,KA992,Malang,Madiun,17-04-2025,13.55,20:05,EKONOMI,Rp750.046,-
JKA01281,Matarmaja,KA526,Solo Balapan,Semarang Tawang,08/03/2024,19.55,11:25,Bisnis ,45300,Tepat Waktu
JKA02960,Matarmaja,KA276,Semarang Tawang,Surabaya Gubeng,31/07/2025,16:30,12:45,Ekonomi,71045,tepat waktu
JKA02419,Sembrani,KA276,Solo Balapan,Yogyakarta,14 Mar 2024,22:30,21:35,Ekonomi,153280,Dibatalkan
JKA01496,Gajayana,KA710,Madiun,Malang,07-08-2025,04:00:00,4:50,Bisnis ,154777,
JKA01614,Argo Bromo Anggrek,KA66,Jember,Gambir,15-03-2025,16:50:00,04:50,EKONOMI,248274,
JKA00696,Joglosemarkerto,KA22,Purwokerto,Cirebon,2025-04-12,16:20,17:25:00,Bisnis ,749066,Dibatalkan
JKA02818,Kaligung,KA946,Purwokerto,Surabaya Gubeng,18-01-2025,01.40,17:20, Eksekutif,49907,Dibatalkan
JKA00485,Gaya Baru Malam,KA745,Madiun,Pasar Senen,02 May 2024,13.35,02.10,Bisnis ,75795,Terlambat
JKA02835,,KA166,Gambir,Semarang Tawang,08-02-2024,03.25,19:00:00, Eksekutif,48973,null
JKA00408,Kertajaya,,Yogyakarta,Bandung,12/03/2025,14:50:00,3:55,Bisnis ,54884,Tepat Waktu
JKA02957,Joglosemarkerto,KA283,Semarang Tawang,Madiun,2024-04-09,07.05,07:00:00, Eksekutif,48912,Terlambat
JKA00449,Lodaya,KA264,Gambir,Cirebon,24/10/2024,16:40,04:05,Ekonomi,252415,TERLAMBAT
JKA01247,Bengawan,KA389,Cirebon,Semarang Tawang,15-04-2024,11:20,13:35,Ekonomi,Rp302.877,tepat waktu
JKA01883,Kertajaya,KA182,Surabaya Pasarturi,Solo Balapan,08/01/2024,1:10,03:10,eksekutif,496856,Dibatalkan
JKA02194,Kaligung,KA500,Purwokerto,Pasar Senen,10-05-2024,23:25,19:25, Eksekutif,251558,
JKA00986,Argo Bromo Anggrek,KA764,Semarang Tawang,Madiun,12-10-2024,15:55,17:50,Bisnis ,146309,tepat waktu
JKA00888,Malabar,KA947,Cirebon,Gambir,25-04-2024,06:40:00,0:10,eksekutif,100712,Tepat Waktu
JKA01102,Bengawan,KA76,Yogyakarta,Purwokerto,2025-03-15,11.45,14.55, Eksekutif,395061,Terlambat
JKA01449,  Brantas  ,KA191,Semarang Tawang,Solo Balapan,2025-01-18,07.15,17:25,EKONOMI,74310,
JKA02961,Tawang Jaya,KA864,Semarang Tawang,Surabaya Pasarturi,03 Mar 2024,18.30,3:20,eksekutif,497890,
JKA00023,Joglosemarkerto,KA447,Jakarta Kota,Pasar Senen,12 Aug 2025,15.00,09:30:00,EKONOMI,504883,Dibatalkan
JKA01125,Bima,KA7,Malang,Gambir,28-03-2025,11:45,11:15,Ekonomi,200206,Terlambat
JKA02727,Brantas,,Semarang Tawang,Pasar Senen,21/06/2025,02.30,11.05, Eksekutif,297828,
JKA00530,Kaligung,KA919,Malang,Cirebon,23-06-2024,20.10,16:25:00, Eksekutif,397770,tepat waktu
JKA02361,Gajayana,KA949,Jakarta Kota,Cirebon,10 Jun 2024,14:50,21:40:00,Bisnis ,300817,Dibatalkan
JKA00830,Mutiara Selatan,KA764,Jember,Jakarta Kota,06-08-2025,19.30,09:30:00,Bisnis,200413,Dibatalkan
JKA02636,Pasundan,KA641,Madiun,Surabaya Pasarturi,2024-11-09,13.30,4:25,Bisnis,498093,
JKA01291,Argo Bromo Anggrek,KA877,Surabaya Pasarturi,Solo Balapan,2024-04-18,23:15:00,18:45,eksekutif,75379,
JKA02930,Progo,KA576,Purwokerto,Malang,31/01/2025,21:25:00,06:05,Eksekutif,150993,Dibatalkan
JKA01137,Argo Parahyangan,KA444,Yogyakarta,Bandung,2025-05-17,03:20:00,10.30,EKONOMI,79058,Tepat Waktu
JKA02856,Argo Parahyangan,KA696,Madiun,Kediri,20-04-2024,4:30,01:35:00,Bisnis ,404380,Dibatalkan
JKA00933,Sembrani,KA164,Surabaya Pasarturi,Cirebon,22/07/2024,05:30:00,05.20,eksekutif,748667,tepat waktu
JKA00289,Gajayana,KA583,Solo Balapan,Malang,2025-04-15,01.10,22:10:00,eksekutif,100119,Tepat Waktu
JKA01762,Progo,KA900,Cirebon,Gambir,2025-06-06,12:40,2:05,Bisnis ,77542,Terlambat
JKA02557,Taksaka,KA409,Madiun,Yogyakarta,25-01-2024,10:15,14:55:00,EKONOMI,404800,tepat waktu
JKA02429,Argo Bromo Anggrek,KA205,Pasar Senen,Kediri,14 Jun 2025,15.45,02:25:00,EKONOMI,747631,
JKA01969,Sembrani,KA995,Gambir,Jakarta Kota,08 Apr 2024,09:20:00,18:20,EKONOMI,,
JKA01643,Gajayana,KA156,Solo Balapan,Yogyakarta,27-05-2024,11.25,02:20,EKONOMI,252433,tepat waktu
JKA01629,Turangga,KA708,Gambir,Purwokerto,05 Aug 2024,17:15:00,9:20,Eksekutif,496637,Terlambat
JKA02594,Tawang Jaya,KA173,Malang,Surabaya Pasarturi,04 May 2025,12:55,15:35:00, Eksekutif,99999,Dibatalkan
JKA00704,Bima,KA695,Madiun,Pasar Senen,24/06/2024,11:30,14:40,eksekutif,48357,
JKA02813,Sembrani,KA330,Jember,Solo Balapan,05 Mar 2025,14:15:00,0:15, Eksekutif,71822,Dibatalkan
JKA00765,Harina,KA49,Semarang Tawang,Surabaya Pasarturi,10/06/2025,09:10,21:40,EKONOMI,249148,Dibatalkan
JKA01353,BRANTAS,KA810,Kediri,Cirebon,17-07-2024,00:55,13.50,Eksekutif,496859,null
JKA00711,Mutiara Selatan,KA917,Cirebon,Semarang Tawang,2025-06-08,20.05,11:35:00, Eksekutif,52231,Terlambat
JKA00356,Turangga,KA409,Solo Balapan,Jakarta Kota,01/05/2025,19.45,18:15:00,Ekonomi,145121,
JKA02118,Jayabaya,KA684,Kediri,Gambir,24-07-2024,08:35:00,12:15,eksekutif,404344,Tepat Waktu
JKA00349,Tawang Jaya,KA384,Cirebon,Solo Balapan,2025-08-20,6:15,14:15:00,Bisnis,201963,
JKA02085,Sembrani,KA245,Jakarta Kota,Pasar Senen,19-04-2024,16:35:00,01:45:00,eksekutif,Rp152.194,TERLAMBAT
JKA02181,Argo Bromo Anggrek,KA501,Madiun,Surabaya Gubeng,2024-05-13,07:05:00,14:30:00,Ekonomi,203487,-
JKA01622,Brantas,KA205,Pasar Senen,Surabaya Gubeng,2024-08-07,02:10,18:45:00,eksekutif,402022,Tepat Waktu
JKA02970,Kaligung,KA580,Gambir,Semarang Tawang,17/12/2024,16.25,11.40,EKONOMI,746608,TERLAMBAT
JKA01428,Kahuripan,KA56,Cirebon,Surabaya Gubeng,25/01/2024,05:50,14.50,eksekutif,50607,
JKA02058,Kahuripan,KA427,Purwokerto,Cirebon,2024-05-13,21:35,19:30,EKONOMI,73849,-
JKA00234,Brantas,KA695,Gambir,Purwokerto,19 May 2024,04:50:00,17:25:00, Eksekutif,295917,-
JKA02362,Gaya Baru Malam,KA241,Madiun,Purwokerto,2025-06-03,01.35,01:55:00,EKONOMI,98148,tepat waktu
JKA02657,Sancaka,KA252,Cirebon,Madiun,2024-02-15,08.00,9:15,Ekonomi,303465,-
JKA01680,Kahuripan,KA899,Surabaya Pasarturi,Surabaya Gubeng,28 May 2025,09:50,12.20,Eksekutif,501317,TERLAMBAT
JKA02686,Taksaka,KA600,Yogyakarta,Madiun,20/01/2024,1:30,02:20, Eksekutif,54690,Terlambat
JKA02022,Sancaka,KA401,Malang,Solo Balapan,10/05/2025,13:00:00,7:15, Eksekutif,754757,none
JKA01448,Matarmaja,KA52,Kediri,Surabaya Pasarturi,2024-06-30,1:20,02:50:00,eksekutif,202469,Terlambat
JKA01069,Sembrani,KA402,Yogyakarta,Pasar Senen,2024-08-15,10:50,16:30,Eksekutif,195331,tepat waktu
JKA00022,Joglosemarkerto,KA66,Surabaya Pasarturi,Malang,20-03-2024,07.20,10:40,Bisnis,98788,Terlambat
JKA00745,Mutiara Selatan,KA105,Malang,Pasar Senen,08 Feb 2025,20:15,06:35:00,Bisnis ,76792,Dibatalkan
JKA00491,Serayu,KA408,Surabaya Pasarturi,Kediri,14-06-2024,10:30,17:55,Eksekutif,45328,none
JKA02106,SANCAKA,KA990,Semarang Tawang,Surabaya Gubeng,2024-11-26,06:25:00,23.15,Bisnis,77200,-
jka01829,Serayu,KA940,Madiun,Surabaya Pasarturi,20 Sep 2024,17:45,8:40,Bisnis,201823,tepat waktu
JKA01015,Bengawan,KA471,Cirebon,Solo Balapan,11/06/2024,20:15,13.00,Bisnis ,501172,Terlambat
JKA02409,Gaya Baru Malam,KA234,Jakarta Kota,Kediri,25/06/2024,0:00,5:20,Bisnis,152374,Dibatalkan
JKA01577,Mutiara Selatan,KA451,Malang,Jakarta Kota,2025-04-22,4:10,17.00,Bisnis ,248768,Terlambat
JKA01626,Turangga,KA568,Surabaya Pasarturi,Solo Balapan,27/03/2025,20:20:00,09:15:00, Eksekutif,748800,Tepat Waktu
JKA00950,Gaya Baru Malam,KA102,Jakarta Kota,Surabaya Gubeng,23/04/2024,06:30,00.50,Ekonomi,77131,-
JKA00690,Pasundan,KA791,Solo Balapan,Pasar Senen,04/01/2024,12.25,04:00,Ekonomi,746161,-
JKA02647,Tawang Jaya,KA305,Bandung,Yogyakarta,21 Apr 2024,04:10,18:20,Ekonomi,,Terlambat
JKA01810,Argo Parahyangan,KA464,Madiun,Bandung,12/06/2024,17.15,18.05,Bisnis,54697,Terlambat
JKA01899,BRANTAS,KA790,Yogyakarta,Pasar Senen,08 Jul 2025,10:45,17:05, Eksekutif,248042,TERLAMBAT
JKA02826,Taksaka,KA923,Jakarta Kota,Surabaya Gubeng,2024-03-25,04.35,05:15:00, Eksekutif,498180,Terlambat
JKA01214,Jayabaya,KA740,Kediri,Madiun,10/04/2025,02:50:00,7:00,Bisnis,99328,
JKA02769,Sembrani,KA87,Purwokerto,Pasar Senen,18-02-2024,12:00,05.10,eksekutif,48783,-
JKA02145,Progo,KA101,Pasar Senen,Yogyakarta,01/08/2024,3:20,05:20,Bisnis ,395204,
JKA00847,HARINA,KA293,Bandung,Pasar Senen,12-02-2025,17:05,19:10,Bisnis ,254383,TERLAMBAT
JKA00331,Taksaka,KA555,Solo Balapan,Cirebon,16 Feb 2024,00:25:00,05:30, Eksekutif,500199,Tepat Waktu
JKA01430,Gajayana,KA875,Cirebon,Semarang Tawang,2024-08-08,17:25,0:20,Bisnis,Rp78.711,-
JKA02781,Bengawan,KA265,Gambir,Madiun,2024-06-29,16:25,01.50,eksekutif,Rp200.538,Terlambat
JKA02804,TAKSAKA,KA30,Pasar Senen,Solo Balapan,23/05/2025,13.40,14:15,EKONOMI,Rp76.735,Dibatalkan
JKA01764,Malabar,KA467,Purwokerto,Pasar Senen,12/11/2024,00.45,05:00:00,EKONOMI,152883,TERLAMBAT
JKA01997,Kahuripan,KA112,Madiun,Jakarta Kota,09 Sep 2024,07:25,21.05,Bisnis ,95809,tepat waktu
JKA01468,Harina,KA383,Purwokerto,Bandung,08 Sep 2024,17:15,10:50:00,EKONOMI,103447,tepat waktu
JKA01617,Sembrani,KA156,Kediri,Madiun,2024-09-12,11:30:00,17:00:00, Eksekutif,72061,Dibatalkan
JKA01827,Kertajaya,KA499,Purwokerto,Yogyakarta,2025-06-01,13:40:00,00:00:00, Eksekutif,303260,Terlambat
JKA02501,Sembrani,,Kediri,Madiun,17-10-2024,08:25,22:45,eksekutif,403008,N/A
JKA00622,Serayu,KA943,Surabaya Pasarturi,Yogyakarta,2025-02-04,11:00,03.40,EKONOMI,495145,Dibatalkan
JKA00189,Progo,KA840,Bandung,Surabaya Pasarturi,15-08-2024,02:45,23:30:00,EKONOMI,499693,
JKA00632,Turangga,KA897,Solo Balapan,Madiun,30 Mar 2025,04:55:00,19:30,EKONOMI,198360,
JKA01202,Bengawan,KA830,Yogyakarta,Purwokerto,01/03/2025,23.35,22:05,EKONOMI,501395,Tepat Waktu
JKA01689,Joglosemarkerto,KA248,Malang,Semarang Tawang,27/07/2025,11.50,14:35,eksekutif,749004,Dibatalkan
JKA01071,Lodaya,KA232,Surabaya Pasarturi,Jember,2025-01-01,05:10,13:05,Eksekutif,748921,none
JKA00315,Gaya Baru Malam,KA9,Bandung,Yogyakarta,05 Jun 2024,15:35,14:45,Bisnis,204329,Dibatalkan
JKA00827,Argo Bromo Anggrek,KA682,Solo Balapan,Surabaya Pasarturi,16 Oct 2024,09:35,22:00,Bisnis,304195,TERLAMBAT
JKA02847,Malabar,KA864,Pasar Senen,Purwokerto,12-01-2025,16:40,03.40,Ekonomi,402784,tepat waktu
JKA00550,Gajayana,KA928,Madiun,Purwokerto,04-11-2024,22.35,04:25:00,none,104492,-
JKA01952,Bengawan,KA758,Kediri,Jakarta Kota,2025-06-29,23:05,14.00, Eksekutif,299447,tepat waktu
JKA02568,Kahuripan,KA671,Semarang Tawang,Yogyakarta,03-12-2024,03:35:00,10:30,eksekutif,Rp204.862,TERLAMBAT
JKA02918,Sancaka,KA480,Semarang Tawang,Cirebon,03/07/2024,01.00,21:20,Bisnis,749366,TERLAMBAT
JKA02498,Progo,KA982,Semarang Tawang,Gambir,23-11-2024,9:25,03:40,Bisnis,72435,Tepat Waktu
JKA00154,Turangga,KA173,Pasar Senen,Malang,26-05-2024,22:10,15:25,Ekonomi,45077,
JKA01326,Bima,KA130,Surabaya Gubeng,Jakarta Kota,20 Jun 2024,2:55,6:55,Eksekutif,152087,Dibatalkan
JKA01441,Mutiara Selatan,KA174,Surabaya Gubeng,Purwokerto,31/08/2024,18:30,15:45,Bisnis,48869,TERLAMBAT
JKA01673,,KA343,Malang,Pasar Senen,17-06-2025,18:25,02:10:00, Eksekutif,149376,
JKA02539,Tawang Jaya,KA118,Bandung,Surabaya Gubeng,07-07-2024,12:25,17.15,EKONOMI,74178,Tepat Waktu
JKA02101,Joglosemarkerto,KA657,Jember,Solo Balapan,26-06-2024,18:25,07:15:00,eksekutif,50587,Terlambat
JKA01877,Turangga,KA938,Jakarta Kota,Surabaya Pasarturi,02/10/2024,18:45:00,03:15,eksekutif,79158,Tepat Waktu
JKA00429,Brantas,KA826,Surabaya Pasarturi,Madiun,2024-04-11,03:05,19:30,eksekutif,753924,TERLAMBAT
JKA01902,Matarmaja,KA501,Cirebon,Pasar Senen,17/04/2025,18:30,23:30,Bisnis,398578,Terlambat
JKA00096,Argo Bromo Anggrek,KA268,Madiun,Bandung,05/05/2025,22:45,12.15, Eksekutif,201236,Dibatalkan
JKA00510,Argo Parahyangan,KA966,Kediri,Pasar Senen,2025-06-03,13.30,18:30,Bisnis,497726,-
JKA01882,Argo Parahyangan,KA286,Cirebon,Malang,03 Dec 2024,16.55,05:05,EKONOMI,46076,tepat waktu
JKA01387,Bima,KA65,Pasar Senen,Gambir,01-02-2025,02.30,15:50,Bisnis,Rp71.931,-
JKA01269,Kertajaya,KA839,Yogyakarta,Semarang Tawang,25/11/2024,19:50,10:00,eksekutif,45116,
JKA00798,Sancaka,,Gambir,Yogyakarta,12 Jul 2024,22:10,20:45,Eksekutif,253592,tepat waktu
JKA02013,Bima,KA397,Purwokerto,Jakarta Kota,08/10/2024,02.00,11:00,Eksekutif,253555,Tepat Waktu
JKA00097,Sembrani,KA252,Solo Balapan,Gambir,30/07/2025,23:10,08:40:00,Ekonomi,98214,
JKA01656,Harina,KA738,Jakarta Kota,Solo Balapan,12-02-2024,06:10:00,07:20,Eksekutif,74160,
JKA01778,Argo Parahyangan,KA731,Cirebon,Bandung,17-09-2024,13.25,16:20,Eksekutif,Rp45.658,Dibatalkan
JKA02673,Kaligung,KA832,Surabaya Pasarturi,Madiun,2025-08-21,13:35,13:25:00,eksekutif,54425,tepat waktu
JKA02941,LODAYA,KA7,Solo Balapan,Pasar Senen,15/02/2024,19:55:00,04.45,NaN,73314,tepat waktu
JKA01596,Tawang Jaya,KA252,Surabaya Pasarturi,Solo Balapan,13-03-2024,04:55:00,23:10,Ekonomi,Rp53.374,
JKA00693,Taksaka,KA188,Solo Balapan,Yogyakarta,2025-04-11,10:55,3:10,Ekonomi,250829,TERLAMBAT
JKA02009,Malabar,KA195,Yogyakarta,Solo Balapan,09-03-2024,07:20,22:50,eksekutif,75656,Dibatalkan
JKA02588,Kertajaya,KA906,Kediri,Jakarta Kota,28/05/2025,12:15,04.00,EKONOMI,76659,Tepat Waktu
JKA00924,Gajayana,KA791,Solo Balapan,Jakarta Kota,16 Feb 2024,05:15:00,00.10, Eksekutif,202129,NULL
JKA00288,  Brantas  ,KA268,Yogyakarta,Solo Balapan,30/11/2024,09:45,02:50:00, Eksekutif,398308,NULL
JKA02791,Kertajaya,KA146,Gambir,Surabaya Gubeng,19/01/2025,21.10,04:40:00,eksekutif,97353,-
JKA01597,Gaya Baru Malam,KA756,Solo Balapan,Pasar Senen,23/12/2024,21:15,09:05,eksekutif,76301,
JKA02313,Taksaka,KA423,Pasar Senen,Bandung,12/06/2025,16.30,16:40,eksekutif,101693,Tepat Waktu
JKA01263,Lodaya,KA631,Pasar Senen,Surabaya Pasarturi,21/07/2024,01:35,03:05:00,Eksekutif,751932,Dibatalkan
JKA01518,Serayu,KA640,Malang,Kediri,25-10-2024,18:25,16:55,eksekutif,303034,Terlambat
JKA00075,Bima,KA427,Bandung,Jember,21/06/2024,05.50,18:00,Eksekutif,54449,TERLAMBAT
JKA00457,Bengawan,KA533,Malang,Yogyakarta,16/08/2024,09.50,23:00:00,EKONOMI,146879,Tepat Waktu
JKA01029,Gajayana,KA606,Jakarta Kota,Surabaya Pasarturi,06 May 2025,22.00,17:15:00, Eksekutif,,Terlambat
JKA02925,Pasundan,KA565,Semarang Tawang,Yogyakarta,10 Apr 2024,11:15:00,18.20,eksekutif,195159,Dibatalkan
JKA02447,Kaligung,KA733,Bandung,Malang,24-11-2024,10:55:00,14.35,eksekutif,151035,tepat waktu
JKA02272,SEMBRANI,KA961,Purwokerto,Cirebon,2024-08-26,19:45:00,16:45,EKONOMI,245203,tepat waktu
JKA01044,Sancaka,KA297,Surabaya Pasarturi,Pasar Senen,07 Feb 2025,23:25,10:15:00,Bisnis,754034,Terlambat
JKA02377,Tawang Jaya,KA298,Gambir,Cirebon,2024-09-16,08:35:00,2:30,EKONOMI,753818,Terlambat
JKA02228,Lodaya,KA816,Cirebon,Malang,07/09/2024,19:15,16:15,EKONOMI,402038,-
JKA01677,Argo Parahyangan,KA311,Madiun,Surabaya Gubeng,15 Dec 2024,18:45,20:10, Eksekutif,146122,TERLAMBAT
JKA02570,Kahuripan,KA554,Jember,Cirebon,11/05/2024,15:05,08:20,eksekutif,71712,tepat waktu
JKA01582,Bima,KA641,Semarang Tawang,Surabaya Pasarturi,12-08-2025,09.45,15.50,Bisnis,79080,
JKA02198,Kaligung,KA243,Solo Balapan,Cirebon,16/04/2024,23.40,23.30,EKONOMI,199772,TERLAMBAT
JKA01041,Turangga,KA513,Yogyakarta,Jember,2025-01-22,6:10,23.45,Ekonomi,299641,Terlambat
JKA00823,Taksaka,KA94,Purwokerto,Bandung,2025-01-12,13.55,02.05,Ekonomi,,-
JKA00235,Harina,KA879,Jakarta Kota,Gambir,13 Dec 2024,20:40,18:45:00,Bisnis,746914,-
JKA01197,Kahuripan,KA43,Madiun,Bandung,17 Sep 2024,21:45:00,23:55,Ekonomi,79109,Dibatalkan
JKA00835,Malabar,KA35,Surabaya Gubeng,Bandung,15/03/2024,17.40,01.15,Bisnis,151674,Terlambat
JKA02802,Sancaka,KA482,Yogyakarta,Kediri,07 Jun 2025,01.10,11.30, Eksekutif,248821,none
JKA02937,Argo Bromo Anggrek,KA764,Solo Balapan,Jember,02/05/2025,15:00,08:20:00,eksekutif,76013,TERLAMBAT
JKA02661,Kertajaya,KA509,Malang,Semarang Tawang,2024-08-07,14:35,0:25,eksekutif,100867,Terlambat
JKA01155,Malabar,KA74,Purwokerto,Semarang Tawang,22 Feb 2025,22:45,15.25,Eksekutif,99330,tepat waktu
JKA02016,Progo,KA737,Yogyakarta,Gambir,25/03/2025,10:55,17.50,Ekonomi,99925,tepat waktu
JKA01081,Taksaka,KA581,Solo Balapan,Jakarta Kota,2025-01-15,5:10,09:35:00,EKONOMI,49700,-
JKA00876,Harina,KA624,Semarang Tawang,Purwokerto,07-08-2025,16:10,18:00,Bisnis,77227,TERLAMBAT
JKA02720,  Gaya Baru Malam  ,KA91,Jakarta Kota,Jember,04 Mar 2024,00:30,10:55,Bisnis ,,none
JKA01467,Serayu,KA391,Cirebon,Malang,07/05/2024,11:10,2:45,Eksekutif,299164,Terlambat
JKA00909,Harina,KA402,Malang,Solo Balapan,01/07/2025,05:25,23:50, Eksekutif,398002,TERLAMBAT
JKA02618,Bengawan,KA11,Gambir,Cirebon,19-01-2024,10:50,12:50:00, Eksekutif,104846,
JKA00582,Kertajaya,KA200,Madiun,Malang,30 Mar 2025,14.25,10:50:00,Bisnis,498373,TERLAMBAT
JKA01784,Kaligung,KA47,Kediri,Jember,2025-05-21,20:35,15:30:00,eksekutif,204374,TERLAMBAT
JKA02504,Brantas,KA193,Yogyakarta,Kediri,25/03/2024,23:00,23:20,Bisnis ,98519,Tepat Waktu
JKA00415,Pasundan,KA740,Semarang Tawang,Yogyakarta,21/03/2024,02:00:00,04:10:00,Bisnis ,103641,tepat waktu
JKA02259,Argo Bromo Anggrek,KA731,Malang,Pasar Senen,18-01-2024,23.30,08:25,Bisnis,Rp45.112,Dibatalkan
JKA02866,Mutiara Selatan,KA976,Surabaya Gubeng,Solo Balapan,02 May 2025,08:20:00,06.10,Ekonomi,396873,Dibatalkan
JKA02428,Progo,KA458,Bandung,Gambir,25-09-2024,18.05,19.00, Eksekutif,197796,
JKA01498,Jayabaya,KA661,Jember,Malang,2024-08-18,08:25,18.20,Ekonomi,501715,Tepat Waktu
JKA02958,Gaya Baru Malam,KA540,Surabaya Pasarturi,Bandung,2024-02-27,19:50,0:35,EKONOMI,752108,
JKA00994,Sembrani,KA960,Malang,Cirebon,25-02-2024,23:35,18:55, Eksekutif,504430,-
JKA01665,Joglosemarkerto,KA868,Pasar Senen,Surabaya Gubeng,21-01-2024,01.10,12:00,Ekonomi,73292,tepat waktu
JKA02317,Kaligung,KA221,Pasar Senen,Bandung,2024-11-14,9:30,09:35:00,Bisnis ,150860,Terlambat
JKA00683,Bengawan,KA529,Surabaya Pasarturi,Kediri,2024-02-18,12:20,17:40,Ekonomi,197907,Terlambat
JKA02314,Tawang Jaya,KA558,Solo Balapan,Madiun,07-08-2025,21:10:00,19.05, Eksekutif,203851,TERLAMBAT
JKA02880,Argo Bromo Anggrek,KA958,Jember,Surabaya Pasarturi,2024-04-25,22:55,23:20,Eksekutif,152227,Tepat Waktu
JKA00619,Tawang Jaya,KA795,Malang,Surabaya Pasarturi,2024-06-15,09.45,13:05, Eksekutif,73262,tepat waktu
JKA01644,Bengawan,KA453,Madiun,Kediri,2025-02-28,23:50,05:30,Ekonomi,,Tepat Waktu
JKA01822,Turangga,KA992,Surabaya Pasarturi,Cirebon,29/03/2024,20:25,18:15:00,eksekutif,749704,Terlambat
JKA01355,Bima,KA886,Kediri,Madiun,02-05-2025,13:10:00,10:10,Eksekutif,76797,-
JKA00102,Mutiara Selatan,KA349,Jakarta Kota,Solo Balapan,07-07-2025,12:55,22:55,EKONOMI,245879,Tepat Waktu
JKA02266,Brantas,KA371,Surabaya Pasarturi,Madiun,07/06/2025,10.20,14:20,EKONOMI,303525,Terlambat
JKA00600,Joglosemarkerto,KA981,Purwokerto,Gambir,01-12-2024,19:35,08:25:00,Ekonomi,753786,Terlambat
JKA02964,Argo Bromo Anggrek,KA214,Semarang Tawang,Solo Balapan,05-04-2025,10:15:00,23:35,EKONOMI,299154,tepat waktu
JKA02354,Brantas,KA848,Semarang Tawang,Purwokerto,08 Feb 2025,06.20,21:20:00,Ekonomi,,
JKA02204,JOGLOSEMARKERTO,KA647,Pasar Senen,Bandung,19/07/2025,00:40:00,3:30,EKONOMI,496994,TERLAMBAT
JKA02658,HARINA,,Jakarta Kota,Pasar Senen,10/12/2024,21.25,18:30, Eksekutif,45577,Tepat Waktu
JKA00831,Kahuripan,KA717,Kediri,Cirebon,05-09-2024,08:45:00,09.15,eksekutif,195281,
JKA01516,Harina,KA136,Malang,Madiun,2025-06-03,5:35,23:05:00,Bisnis ,197354,N/A
JKA02155,Gaya Baru Malam,KA571,Surabaya Pasarturi,Pasar Senen,11 Mar 2024,11:15:00,01:50, Eksekutif,298870,TERLAMBAT
JKA00584,Malabar,KA753,Kediri,Yogyakarta,15/02/2025,04.30,14:15, Eksekutif,400180,TERLAMBAT
JKA02238,Sembrani,KA412,Yogyakarta,Surabaya Gubeng,04/07/2024,03.20,8:05,EKONOMI,754414,tepat waktu
JKA00748,Gajayana,KA970,Gambir,Madiun,04-07-2025,21:40,02:40:00,Ekonomi,203767,tepat waktu
JKA01943,Argo Parahyangan,KA392,Madiun,Kediri,02/08/2024,23:45,12:10,Ekonomi,251024,-
JKA00092,Matarmaja,KA458,Surabaya Gubeng,Malang,20/12/2024,08:15,01:50:00,EKONOMI,48943,
JKA01192,Pasundan,,Purwokerto,Kediri,07-09-2024,21:45:00,08:35:00,eksekutif,251213,Tepat Waktu
JKA01981,Joglosemarkerto,KA870,Yogyakarta,Surabaya Gubeng,16-01-2024,18.35,14:15, Eksekutif,304097,TERLAMBAT
JKA01097,Malabar,KA413,Cirebon,Malang,23/07/2025,07.25,16:40,Ekonomi,396462,TERLAMBAT
JKA01982,Matarmaja,KA115,Pasar Senen,Jember,2025-01-03,23:30:00,08:40:00,EKONOMI,101567,tepat waktu
JKA00400,Matarmaja,KA253,Surabaya Gubeng,Semarang Tawang,12 Mar 2025,01:40:00,20.00,Eksekutif,200956,
JKA02706,Tawang Jaya,KA881,Cirebon,Yogyakarta,22-08-2025,15:55:00,08.25, Eksekutif,251875,Tepat Waktu
JKA00352,Kertajaya,KA740,Gambir,Malang,08/06/2025,12:15,23:55,eksekutif,153451,tepat waktu
JKA02398,Tawang Jaya,KA881,Jember,Bandung,2024-03-27,05:55:00,14:30,Ekonomi,,TERLAMBAT
JKA00094,Serayu,KA725,Purwokerto,Solo Balapan,21-06-2025,22:30:00,04:20:00,Bisnis,502758,
JKA01991,Turangga,KA39,Yogyakarta,Purwokerto,19/01/2025,07.55,12:20,Bisnis ,297936,tepat waktu
JKA02114,Matarmaja,KA525,Jakarta Kota,Surabaya Pasarturi,26-07-2024,17.55,19:45, Eksekutif,752589,Terlambat
JKA02253,Tawang Jaya,KA713,Yogyakarta,Pasar Senen,23-06-2024,16.40,21.40,Bisnis ,146968,
JKA01063,Sembrani,KA38,Semarang Tawang,Jakarta Kota,2024-05-09,20.20,15:40:00, Eksekutif,399715,TERLAMBAT
JKA02672,Argo Bromo Anggrek,KA82,Kediri,Cirebon,2025-02-11,22:45,20:45:00,EKONOMI,504692,none
JKA01536,Brantas,KA380,Malang,Purwokerto,23 Jan 2025,00.20,13:40,EKONOMI,71617,Dibatalkan
JKA00047,Gaya Baru Malam,KA250,Semarang Tawang,Bandung,11-01-2025,01.30,06:05:00,Eksekutif,154783,Dibatalkan
JKA01113,Bengawan,KA612,Pasar Senen,Cirebon,24/10/2024,05:50:00,19:40,Bisnis ,199927,none
JKA01445,Malabar,KA925,Solo Balapan,Purwokerto,2025-06-15,3:50,4:45,Bisnis,99362,Terlambat
JKA01429,Pasundan,KA282,Surabaya Gubeng,Gambir,18/06/2024,11.30,8:00,Eksekutif,404785,Dibatalkan
JKA02221,Progo,KA716,Madiun,Pasar Senen,17 May 2025,7:05,04:20,Bisnis ,204613,tepat waktu
JKA00342,Kertajaya,,Solo Balapan,Surabaya Gubeng,11 Jan 2024,12:35:00,19:45,Ekonomi,52439,Tepat Waktu
JKA00160,Kaligung,KA411,Pasar Senen,Gambir,10/01/2024,21:50,10:25:00,EKONOMI,196522,Tepat Waktu
JKA02234,Tawang Jaya,KA318,Kediri,Gambir,28 Jan 2024,13:50,22.20,Bisnis ,50353,Tepat Waktu
JKA02358,Brantas,KA886,Surabaya Pasarturi,Jakarta Kota,2025-07-14,08:00,2:55, Eksekutif,747648,TERLAMBAT
JKA00296,Argo Parahyangan,KA535,Gambir,Jakarta Kota,26-03-2024,19:20,13:25,eksekutif,98867,Tepat Waktu
JKA00908,Kaligung,KA762,Purwokerto,Yogyakarta,27 May 2024,13.15,12:00,EKONOMI,75454,-
JKA00605,Sembrani,KA358,Solo Balapan,Gambir,06-06-2025,15:00:00,17:05,Bisnis,745589,Tepat Waktu
JKA02923,Brantas,KA808,Malang,Surabaya Gubeng,04/02/2025,14.50,15:00,Ekonomi,78816,-
JKA02128,,KA877,Kediri,Surabaya Pasarturi,17-07-2025,15:45,00.35,Eksekutif,246717,TERLAMBAT
JKA02162,Bima,KA659,Bandung,Gambir,2024-02-04,06:30:00,17:25:00, Eksekutif,198918,tepat waktu
JKA02324,Kahuripan,KA403,Purwokerto,Yogyakarta,26-07-2025,02.30,04:10:00,Bisnis,246767,TERLAMBAT
JKA02552,Serayu,KA772,Purwokerto,Surabaya Pasarturi,2024-04-18,16:10:00,08:25:00,Ekonomi,251741,
JKA01846,Argo Bromo Anggrek,KA708,Bandung,Madiun,02-09-2024,19.50,07:25:00,EKONOMI,200343,Terlambat
JKA01341,Kertajaya,KA837,Semarang Tawang,Yogyakarta,2024-07-11,18:05,16:10,Bisnis ,148148,-
JKA01517,Brantas,KA517,Bandung,Malang,22-02-2025,22.00,01:20:00,Ekonomi,246626,N/A
JKA02798,,KA900,Cirebon,Kediri,25 May 2024,18:55,10.50, Eksekutif,199402,-
JKA02445,Lodaya,KA852,Surabaya Gubeng,Jember,04 Aug 2024,18:00,07.40, Eksekutif,50349,-
JKA01058,,,Jember,Surabaya Pasarturi,29/05/2024,14:50,14:10:00,eksekutif,Rp100.924,
JKA02458,Bengawan,KA592,Jakarta Kota,Yogyakarta,24-10-2024,14:50:00,02.35,Eksekutif,301421,
JKA00918,Kertajaya,KA563,Bandung,Jember,21 Jul 2024,10:15,14:30,none,99698,-
JKA00291,Lodaya,KA21,Cirebon,Bandung,08-03-2024,3:25,00.40,Eksekutif,401921,Dibatalkan
JKA00316,Kaligung,KA911,Malang,Solo Balapan,12 May 2025,07:55,16:00:00,EKONOMI,254064,tepat waktu
JKA02735,  Kaligung  ,KA499,Surabaya Pasarturi,Solo Balapan,21-06-2024,00.20,3:30,Eksekutif,301333,Tepat Waktu
JKA00203,Jayabaya,KA467,Surabaya Pasarturi,Bandung,08/03/2025,16.45,09.50,NULL,146121,-
JKA02357,,KA19,Pasar Senen,Malang,12 Aug 2024,02.35,10.35,Eksekutif,396087,
JKA02011,Jayabaya,,Malang,Purwokerto,31 Jan 2024,16:05,23:05,Eksekutif,99822,TERLAMBAT
JKA02676,,KA839,Yogyakarta,Purwokerto,29/01/2025,19:50:00,18.45,eksekutif,73602,TERLAMBAT
JKA01607,Sembrani,KA958,Surabaya Pasarturi,Purwokerto,02/07/2024,04:40:00,15.50,Eksekutif,245855,TERLAMBAT
JKA00282,Gajayana,KA34,Yogyakarta,Madiun,20-08-2024,4:15,02:30,Eksekutif,Rp52.934,Tepat Waktu
JKA00323,Jayabaya,KA533,Kediri,Cirebon,28-03-2025,20:30,09:05,EKONOMI,251389,Terlambat
JKA01174,Pasundan,KA145,Gambir,Solo Balapan,17 Apr 2024,20:30,0:00,Bisnis,197195,TERLAMBAT
JKA01550,Jayabaya,KA355,Pasar Senen,Surabaya Pasarturi,02 Apr 2025,06:15,04:45,Bisnis,396833,tepat waktu
JKA02529,Kaligung,KA456,Cirebon,Yogyakarta,03/06/2025,02:00,11:35,EKONOMI,70173,TERLAMBAT
JKA01584,Lodaya,KA348,Semarang Tawang,Kediri,02-05-2024,11:50,16.15,eksekutif,747906,Tepat Waktu
JKA02915,Argo Parahyangan,KA795,Jakarta Kota,Cirebon,11/07/2025,4:45,08:00,Eksekutif,297831,Tepat Waktu
JKA00822,Gajayana,KA375,Gambir,Pasar Senen,14/03/2024,12:10:00,21.00,Bisnis ,298755,-
JKA02772,Bengawan,KA140,Bandung,Surabaya Gubeng,18-06-2024,01:05,4:15,Bisnis,96983,-
JKA00139,Progo,KA2,Surabaya Gubeng,Semarang Tawang,23/11/2024,20.05,14.00,Bisnis,146110,-
JKA01284,Argo Bromo Anggrek,KA417,Surabaya Pasarturi,Cirebon,2025-04-20,00.50,09.55,EKONOMI,46635,tepat waktu
JKA02359,Lodaya,KA636,Surabaya Pasarturi,Semarang Tawang,2025-01-21,16.55,13:40,Ekonomi,498212,Dibatalkan
JKA00099,Argo Parahyangan,KA826,Cirebon,Pasar Senen,09 May 2025,00:00:00,00.00,EKONOMI,195280,tepat waktu
JKA02560,Kahuripan,KA826,Kediri,Pasar Senen,11 Apr 2024,13:10,17:35,EKONOMI,303842,-
JKA02316,Kahuripan,KA284,Bandung,Surabaya Gubeng,2025-08-10,18:15:00,01.35, Eksekutif,Rp74.895,Terlambat
JKA02844,Kaligung,KA450,Bandung,Yogyakarta,30 May 2025,10:00,12:35,Bisnis,745900,Tepat Waktu
JKA01311,Jayabaya,,Purwokerto,Gambir,2024-12-01,02:00,01:50:00,Eksekutif,78132,-
JKA01842,Gajayana,KA608,Madiun,Surabaya Gubeng,21/01/2024,20:10:00,14.55,Ekonomi,198723,Terlambat
JKA00537,Sembrani,KA734,Solo Balapan,Kediri,2025-03-03,12:00:00,11:50,eksekutif,195319,
JKA01349,Argo Parahyangan,KA276,Semarang Tawang,Pasar Senen,21 Jun 2024,15:30,03.20,EKONOMI,195079,
jka01308,Turangga,KA388,Jember,Solo Balapan,04-02-2024,12:55:00,17:40, Eksekutif,146216,tepat waktu
JKA01227,Pasundan,KA509,Malang,Bandung,01-10-2024,16:55,19:50:00,Eksekutif,75979,tepat waktu
JKA01944,Gaya Baru Malam,KA451,Kediri,Surabaya Gubeng,05-09-2024,06:05,18.50,NaN,503267,TERLAMBAT
JKA00426,Matarmaja,KA761,Kediri,Yogyakarta,23-03-2025,22:45:00,0:40,Eksekutif,747369,
JKA02208,Gajayana,KA731,Madiun,Surabaya Gubeng,27/02/2025,17:05,9:05, Eksekutif,245384,Tepat Waktu
JKA00220,Argo Bromo Anggrek,KA990,Purwokerto,Jakarta Kota,2025-01-03,00:20:00,07:30,Ekonomi,404782,
JKA02141,Gajayana,KA836,Malang,Semarang Tawang,03 Apr 2025,00:35:00,21:00:00,Eksekutif,304616,Dibatalkan
JKA00339,  Gaya Baru Malam  ,KA49,Solo Balapan,Purwokerto,23-02-2024,13.30,03:50:00,eksekutif,253474,N/A
JKA02730,Serayu,KA638,Semarang Tawang,Purwokerto,10-03-2024,18:20,21:00:00,Ekonomi,302749,
JKA01786,Matarmaja,KA606,Pasar Senen,Jakarta Kota,16-01-2024,13.35,18:05,Bisnis ,252144,-
JKA02626,Taksaka,KA687,Cirebon,Jember,15 Jun 2025,05:40:00,14:05,Bisnis ,49958,none
JKA00218,Joglosemarkerto,KA949,Cirebon,Jakarta Kota,28/03/2025,14:00,06.50,Bisnis,71841,TERLAMBAT
JKA02271,Taksaka,KA748,Semarang Tawang,Malang,25 Mar 2024,7:10,22:40,Ekonomi,200582,TERLAMBAT
JKA02701,Gaya Baru Malam,KA829,Purwokerto,Gambir,04-04-2025,12:25,10.25,EKONOMI,153294,
JKA00767,Turangga,KA43,Solo Balapan,Purwokerto,2024-06-22,15:25,20:40, Eksekutif,79940,
JKA01208,Gajayana,KA118,Gambir,Semarang Tawang,2024-08-24,12:20,18:55:00,Bisnis ,48759,-
JKA01799,Malabar,KA299,Malang,Kediri,2024-04-14,04.45,7:55,eksekutif,47949,NaN
JKA00368,Mutiara Selatan,,Madiun,Yogyakarta,20 Sep 2024,14:20:00,09:30:00,Eksekutif,247238,Terlambat
JKA01623,Matarmaja,KA839,Bandung,Cirebon,03-01-2024,12.50,15:20,EKONOMI,303013,tepat waktu
JKA00916,Joglosemarkerto,KA724,Surabaya Pasarturi,Bandung,18-08-2025,20.35,11:00,Eksekutif,152168,Terlambat
JKA01094,Gaya Baru Malam,KA467,Cirebon,Jakarta Kota,2025-03-13,21:45:00,03.30,Bisnis ,752118,
JKA00080,,KA894,Surabaya Pasarturi,Cirebon,10 Dec 2024,22.45,15.00,Ekonomi,76824,-
JKA02109,Lodaya,KA327,Surabaya Gubeng,Pasar Senen,13 Jun 2025,03:15:00,14.55, Eksekutif,296339,Tepat Waktu
JKA00694,Bima,KA935,Jakarta Kota,Surabaya Pasarturi,2024-10-24,03.15,17:00:00, Eksekutif,150613,-
JKA00658,Joglosemarkerto,KA218,Yogyakarta,Semarang Tawang,13/06/2024,15.50,00:25:00, Eksekutif,296696,tepat waktu
JKA01931,Serayu,KA670,Semarang Tawang,Solo Balapan,2025-06-19,21.00,17:35:00,eksekutif,52695,TERLAMBAT
JKA01371,Bima,KA480,Purwokerto,Cirebon,14-03-2025,19.15,23:10,Bisnis ,745622,TERLAMBAT
JKA02239,Sembrani,KA722,Gambir,Semarang Tawang,21-03-2025,22:05,13:15:00,Eksekutif,72296,Tepat Waktu
JKA01812,Joglosemarkerto,KA735,Jember,Surabaya Gubeng,2025-02-28,23:00,04:25:00, Eksekutif,46144,Terlambat
JKA00477,Harina,KA524,Purwokerto,Semarang Tawang,26-04-2025,19:00,11.00,Bisnis,745418,Dibatalkan
JKA00596,  Gajayana  ,KA512,Malang,Yogyakarta,04-10-2024,06:00:00,12.10, Eksekutif,499549,-
JKA01211,Sembrani,KA155,Semarang Tawang,Pasar Senen,16 Sep 2024,18.15,3:00,Bisnis ,74984,Tepat Waktu
JKA01652,Tawang Jaya,KA938,Bandung,Malang,07 May 2024,08:55,00.15,Ekonomi,303648,Dibatalkan
JKA00842,Pasundan,KA964,Kediri,Madiun,17 Dec 2024,12.40,22:20,Bisnis,399081,
JKA00614,Gajayana,KA960,Jember,Bandung,2025-08-12,8:40,23.15,eksekutif,75332,TERLAMBAT
JKA01984,Taksaka,KA253,Purwokerto,Bandung,21 Jul 2024,11.50,10.45,Bisnis,104418,Terlambat
JKA00786,Kaligung,KA258,Kediri,Pasar Senen,04-09-2024,04:30,12:20:00,Eksekutif,302336,-
JKA01610,Progo,KA897,Purwokerto,Cirebon,22/02/2025,02:45:00,07.00,Bisnis,395834,TERLAMBAT
JKA02874,Kaligung,KA254,Solo Balapan,Malang,21-05-2024,08.10,15:10,Bisnis,299694,
JKA00993,Progo,KA581,Gambir,Semarang Tawang,23 Jun 2025,18.00,04.10,Ekonomi,73427,tepat waktu
JKA00572,Brantas,KA203,Bandung,Jakarta Kota,2025-06-16,21.50,16:45:00, Eksekutif,498292,
JKA00771,Lodaya,KA244,Madiun,Cirebon,07 Jul 2025,22:20,8:10, Eksekutif,498709,Terlambat
JKA01382,Joglosemarkerto,KA222,Purwokerto,Solo Balapan,16-11-2024,17:30,20:45,Eksekutif,197009,Terlambat
JKA01893,Malabar,KA985,Madiun,Jakarta Kota,2025-04-25,21:45:00,9:25,Eksekutif,200952,-
JKA02531,Matarmaja,KA644,Solo Balapan,Purwokerto,30 Jun 2025,22:10:00,04:55,Ekonomi,104612,TERLAMBAT
JKA02031,Gaya Baru Malam,KA230,Pasar Senen,Cirebon,2024-03-05,05.15,17:35:00,Eksekutif,199975,
JKA01581,Tawang Jaya,KA819,Jakarta Kota,Solo Balapan,04 Aug 2024,05:40:00,5:15,Ekonomi,395526,Dibatalkan
JKA00100,,KA488,Solo Balapan,Bandung,17 Jan 2025,14:45,22.15,Bisnis ,70519,TERLAMBAT
JKA00448,Mutiara Selatan,KA175,Yogyakarta,Semarang Tawang,12/03/2024,05:25:00,04:00:00,eksekutif,245341,Tepat Waktu
JKA01177,Sancaka,,Semarang Tawang,Purwokerto,2025-06-08,22:10:00,00:30,Ekonomi,495469,Terlambat
JKA02877,Pasundan,KA475,Malang,Jember,2025-01-11,08.25,08.55,Ekonomi,200012,-
JKA02865,Tawang Jaya,KA658,Kediri,Jember,12 Jun 2024,13:35,05:00:00, Eksekutif,71257,
JKA00470,Progo,KA355,Pasar Senen,Jakarta Kota,13 Aug 2024,22.20,17:20,EKONOMI,200224,Tepat Waktu
JKA02503,Jayabaya,KA531,Surabaya Gubeng,Yogyakarta,14-06-2024,07:25,05:10:00,NaN,Rp201.480,Terlambat
JKA00251,Bima,KA262,Surabaya Pasarturi,Pasar Senen,04 Apr 2025,21:25,03.40, Eksekutif,299466,Tepat Waktu
JKA02660,Mutiara Selatan,KA950,Malang,Kediri,04-01-2024,20:55,02:00,Eksekutif,101439,Terlambat
JKA02476,Sancaka,KA4,Jakarta Kota,Bandung,2025-04-22,16:55:00,08:20,eksekutif,103096,Dibatalkan
JKA00238,Brantas,KA914,Surabaya Pasarturi,Bandung,2024-01-16,06.40,17.25,Bisnis,204405,TERLAMBAT
JKA00125,Bima,KA270,Semarang Tawang,Jember,13-06-2025,5:25,23:20, Eksekutif,50488,Tepat Waktu
JKA01777,Tawang Jaya,KA230,Kediri,Surabaya Pasarturi,10/01/2024,01:05:00,20.35,EKONOMI,748976,Tepat Waktu
JKA00742,Kahuripan,KA823,Jakarta Kota,Jember,29 Dec 2024,13:55:00,19:20:00,Eksekutif,146974,-
JKA00243,Turangga,KA307,Pasar Senen,Kediri,01/01/2024,21:10:00,17:20:00,EKONOMI,752326,Dibatalkan
JKA01942,Lodaya,KA979,Surabaya Pasarturi,Pasar Senen,2024-05-10,22.25,21:00,EKONOMI,98452,
JKA02187,Harina,KA280,Gambir,Bandung,2024-11-14,03.05,23:40,Bisnis ,297519,TERLAMBAT
JKA02055,,KA97,Kediri,Purwokerto,2024-12-15,13:45:00,17:10,EKONOMI,748392,Tepat Waktu
JKA02152,Brantas,KA372,Solo Balapan,Surabaya Gubeng,05-08-2025,18.00,12:25, Eksekutif,199932,
JKA00566,Serayu,KA406,Malang,Jakarta Kota,2024-05-31,21:25,23.20,Bisnis ,54793,Terlambat
JKA00640,Argo Bromo Anggrek,KA303,Surabaya Pasarturi,Malang,12 Feb 2025,22.35,6:35,eksekutif,49020,Tepat Waktu
JKA00941,Malabar,KA608,Jakarta Kota,Jember,12-02-2025,12:05,22:00:00,Eksekutif,,TERLAMBAT
JKA00034,Taksaka,KA186,Madiun,Semarang Tawang,2024-09-13,02:15,21:20, Eksekutif,102708,Dibatalkan
JKA01855,Brantas,KA329,Cirebon,Pasar Senen,24 May 2024,14:50,11:35,Bisnis ,303649,Tepat Waktu
JKA00963,Bengawan,KA386,Kediri,Surabaya Gubeng,25/02/2024,22:50,14:55,eksekutif,Rp403.224,-
JKA00592,Progo,KA997,Malang,Cirebon,09 Jul 2024,09:55,14:10,Eksekutif,98239,TERLAMBAT
JKA00506,Kaligung,KA183,Purwokerto,Gambir,2024-06-22,06.50,14:05,Ekonomi,147174,Dibatalkan
JKA02347,Lodaya,KA473,Kediri,Pasar Senen,17/06/2024,6:55,08:25,Eksekutif,249521,Dibatalkan
JKA00561,Harina,KA775,Malang,Jakarta Kota,01-04-2024,11:45,10:20,Bisnis ,76652,Terlambat
JKA00761,  Pasundan  ,KA623,Yogyakarta,Surabaya Gubeng,13-01-2025,12:30,20:10:00,Ekonomi,195887,
JKA00011,Kertajaya,KA544,Malang,Surabaya Pasarturi,09 Mar 2025,04.15,06:00,Bisnis ,245936,
JKA00542,Taksaka,KA758,Purwokerto,Surabaya Gubeng,15 Mar 2024,08:35:00,23.10,-,104424,
JKA02330,Serayu,KA131,Semarang Tawang,Jakarta Kota,06-12-2024,14:50:00,7:20,Bisnis,497956,Terlambat
JKA01987,Taksaka,KA714,Semarang Tawang,Yogyakarta,09 Mar 2024,18:55,20.00,Bisnis,Rp72.198,Dibatalkan
JKA02340,Turangga,KA800,Malang,Semarang Tawang,05/02/2024,15:50,19:10:00,Ekonomi,96809,TERLAMBAT
JKA00523,Harina,KA161,Cirebon,Surabaya Pasarturi,23-11-2024,20.05,16:40:00,Bisnis,303107,tepat waktu
JKA01018,Kahuripan,KA767,Purwokerto,Kediri,31 Mar 2025,15.25,06:45, Eksekutif,Rp503.860,tepat waktu
JKA01030,TURANGGA,KA765,Yogyakarta,Solo Balapan,2024-12-22,18:55:00,22:10,EKONOMI,151809,TERLAMBAT
JKA01123,Lodaya,KA130,Gambir,Purwokerto,09 Jun 2024,15:05,10:00:00,Bisnis,746879,TERLAMBAT
JKA02967,Argo Parahyangan,KA662,Pasar Senen,Madiun,29/01/2024,23:30:00,01:05:00,Bisnis,76022,Dibatalkan
JKA02741,Tawang Jaya,KA542,Gambir,Surabaya Pasarturi,14 Mar 2025,02:00,01:30,EKONOMI,253312,Tepat Waktu
JKA02355,Lodaya,KA531,Jakarta Kota,Semarang Tawang,2025-07-01,21:55:00,11:30,Ekonomi,196587,TERLAMBAT
JKA00774,Taksaka,KA4,Kediri,Malang,09 Oct 2024,17:50,06.25,eksekutif,750183,
JKA02760,Gajayana,KA752,Cirebon,Surabaya Pasarturi,22/06/2025,23:40,14:30,Ekonomi,154767,tepat waktu
JKA01035,,KA138,Malang,Surabaya Pasarturi,17/08/2025,04:25,03:20:00,EKONOMI,502644,
JKA01411,Turangga,KA305,Bandung,Surabaya Gubeng,2024-11-12,15:20,18:25, Eksekutif,495384,
JKA02512,GAYA BARU MALAM,KA733,Bandung,Jember,2024-03-29,12.45,8:05,eksekutif,753160,TERLAMBAT
JKA00128,Progo,KA386,Madiun,Pasar Senen,13/07/2025,04:00:00,00.15,Bisnis ,,-
JKA01485,Joglosemarkerto,KA607,Pasar Senen,Yogyakarta,17 Oct 2024,04.25,05.30,Ekonomi,77157,TERLAMBAT
JKA00939,Kahuripan,KA616,Purwokerto,Surabaya Gubeng,05/05/2024,08:20,05:45,eksekutif,254804,TERLAMBAT
JKA02168,Gajayana,KA24,Surabaya Gubeng,Pasar Senen,02-08-2025,05:05,23.50,Ekonomi,,Dibatalkan
JKA00975,Tawang Jaya,KA638,Semarang Tawang,Cirebon,2024-06-03,16:10,10:15,EKONOMI,401989,Tepat Waktu
JKA01282,Sancaka,KA686,Surabaya Gubeng,Solo Balapan,11 Jan 2024,4:10,10:00,Bisnis ,,Terlambat
JKA01450,Sancaka,KA373,Madiun,Gambir,12/10/2024,06:15,00:30,Bisnis ,496268,Tepat Waktu
JKA01834,Sancaka,KA735,Malang,Yogyakarta,18 May 2024,15.45,01:30,Eksekutif,249256,tepat waktu
JKA01333,Kaligung,KA375,Jakarta Kota,Kediri,19/01/2025,17:15,11:30,Ekonomi,496240,Tepat Waktu
JKA01460,Taksaka,KA512,Madiun,Semarang Tawang,26 Mar 2024,19:40,07:55,eksekutif,748471,-
JKA00701,Kertajaya,KA83,Gambir,Bandung,31/01/2025,2:05,19:25,Eksekutif,76147,Dibatalkan
JKA00859,Joglosemarkerto,,Cirebon,Jakarta Kota,06/04/2024,10:35,9:45,Ekonomi,248662,-
JKA02418,Sancaka,KA401,Jakarta Kota,Bandung,06/06/2025,23:25,14.15,EKONOMI,,Tepat Waktu
JKA01939,Joglosemarkerto,KA129,Jember,Pasar Senen,27-04-2024,21.15,06.25, Eksekutif,100617,tepat waktu
JKA01154,Argo Bromo Anggrek,KA626,Madiun,Jember,2025-03-08,21:05:00,15.50,Ekonomi,747960,Dibatalkan
JKA01405,Argo Parahyangan,KA750,Bandung,Yogyakarta,20/06/2024,07.45,08:40,eksekutif,49748,Dibatalkan
JKA00392,Gaya Baru Malam,KA590,Solo Balapan,Jember,22-08-2024,20.05,13:25,Bisnis ,71256,Terlambat
JKA02637,Jayabaya,KA752,Surabaya Gubeng,Madiun,18/01/2024,01:55,11.30,eksekutif,98325,tepat waktu
JKA01000,Matarmaja,KA630,Gambir,Solo Balapan,15-02-2025,23:35,14:00,EKONOMI,245857,Dibatalkan
JKA02755,Joglosemarkerto,KA934,Surabaya Pasarturi,Semarang Tawang,26-03-2025,14:30,13:50, Eksekutif,Rp304.804,Tepat Waktu
JKA01436,Argo Parahyangan,KA432,Pasar Senen,Semarang Tawang,18-10-2024,18:55:00,14:20,eksekutif,297172,
JKA00585,Argo Parahyangan,KA104,Pasar Senen,Semarang Tawang,26/07/2024,06:20,11.45,EKONOMI,402783,Dibatalkan
JKA02864,Sancaka,KA713,Surabaya Pasarturi,Cirebon,19 Jul 2025,13.50,02.25,eksekutif,96985,Tepat Waktu
JKA01724,Argo Parahyangan,KA394,Surabaya Pasarturi,Semarang Tawang,19-07-2025,1:50,04:50:00,Eksekutif,Rp304.350,-
JKA02779,Malabar,KA557,Semarang Tawang,Kediri,18/03/2025,05.25,16:05,eksekutif,49758,TERLAMBAT
JKA02796,Kahuripan,KA207,Solo Balapan,Surabaya Gubeng,2025-07-22,08.00,08:05:00,Eksekutif,301648,Tepat Waktu
JKA01215,SEMBRANI,KA297,Jember,Surabaya Pasarturi,2025-06-30,18:20:00,23:15,EKONOMI,75643,
JKA00945,Sancaka,KA313,Solo Balapan,Madiun,04/05/2025,12:10,23.40,eksekutif,397053,Dibatalkan
JKA01603,Gaya Baru Malam,KA342,Semarang Tawang,Jember,04-07-2024,16:40,18.50, Eksekutif,750869,-
JKA02624,Gaya Baru Malam,KA749,Surabaya Gubeng,Malang,22/02/2024,22:30,12:35,N/A,397963,Terlambat
JKA02776,Argo Bromo Anggrek,KA130,Surabaya Gubeng,Purwokerto,29 Jun 2024,06.30,4:50,EKONOMI,397143,-
JKA00688,Lodaya,KA780,Surabaya Gubeng,Malang,09/08/2024,12.50,07:00:00, Eksekutif,46258,TERLAMBAT
JKA00569,Gaya Baru Malam,KA577,Gambir,Pasar Senen,2024-03-03,21:25,05:00,Eksekutif,251303,TERLAMBAT
JKA02599,Jayabaya,KA324,Gambir,Surabaya Pasarturi,03 Jan 2025,07.55,19:25,Ekonomi,50563,
JKA02901,Jayabaya,KA482,Purwokerto,Surabaya Gubeng,2025-03-16,12:10,06:35:00,Eksekutif,Rp95.639,Terlambat
JKA02403,Pasundan,KA994,Pasar Senen,Solo Balapan,2024-01-02,14:50:00,05.30,Ekonomi,496103,
JKA00951,Gaya Baru Malam,KA72,Jember,Semarang Tawang,03 May 2025,1:30,08.45,NULL,745737,
JKA02046,Malabar,KA860,Yogyakarta,Surabaya Pasarturi,25 Mar 2025,03.05,14:40:00,Bisnis,403798,Tepat Waktu
JKA02255,Sembrani,KA866,Cirebon,Pasar Senen,09-05-2024,3:25,16:30,Ekonomi,,
JKA00229,BIMA,,Kediri,Surabaya Pasarturi,13 Jan 2024,15:35,19:35,Bisnis,752794,TERLAMBAT
JKA00643,ARGO PARAHYANGAN,KA495,Yogyakarta,Surabaya Gubeng,04/03/2025,13:10:00,17.45,Bisnis,Rp46.085,-
JKA01720,Kahuripan,KA210,Malang,Bandung,05/05/2025,0:30,18.00,EKONOMI,145546,TERLAMBAT
JKA01168,Lodaya,KA79,Surabaya Gubeng,Jakarta Kota,2024-12-31,17:55:00,13:20:00,eksekutif,196564,Dibatalkan
JKA00071,Kahuripan,KA512,Malang,Semarang Tawang,15 Jan 2025,2:45,16:25:00,Ekonomi,Rp199.089,Terlambat
JKA00722,  Turangga  ,KA632,Semarang Tawang,Malang,04/02/2024,20:50:00,17:55,Bisnis ,74651,TERLAMBAT
JKA02401,Kaligung,KA107,Pasar Senen,Kediri,19 Feb 2024,12:30:00,15:25,null,199874,Terlambat
JKA00543,Lodaya,KA617,Jakarta Kota,Surabaya Gubeng,21-08-2025,17:35,18:25,Bisnis,98377,TERLAMBAT
JKA02728,Matarmaja,KA238,Surabaya Pasarturi,Surabaya Gubeng,13 Apr 2025,5:10,16.25,eksekutif,748111,TERLAMBAT
JKA01223,Sembrani,KA371,Pasar Senen,Surabaya Gubeng,13/08/2025,17:35:00,05:40:00,Bisnis,74122,TERLAMBAT
JKA02130,,KA217,Semarang Tawang,Pasar Senen,27/04/2024,13:15:00,01:50,eksekutif,751985,-
JKA00070,Sancaka,KA695,Gambir,Madiun,27 Dec 2024,08:50,02:50:00,Ekonomi,497621,TERLAMBAT
JKA02275,Argo Parahyangan,KA363,Semarang Tawang,Jakarta Kota,27-03-2024,22.45,14:15:00,Bisnis ,249754,
JKA00377,Gaya Baru Malam,KA785,Bandung,Malang,07/07/2025,7:15,21:55,Eksekutif,295478,tepat waktu
JKA01258,  Mutiara Selatan  ,KA587,Semarang Tawang,Pasar Senen,28/03/2024,05:25,14:45,Ekonomi,202379,Tepat Waktu
JKA02515,Kertajaya,KA448,Pasar Senen,Jakarta Kota,03-06-2024,08:50:00,5:30,Eksekutif,Rp245.861,tepat waktu
JKA00840,Bima,KA424,Malang,Bandung,2025-08-18,2:35,5:50,Ekonomi,51116,-
JKA02349,Lodaya,KA952,Madiun,Semarang Tawang,2024-12-25,20:00:00,11.35,eksekutif,246614,TERLAMBAT
JKA00277,Kahuripan,KA847,Solo Balapan,Purwokerto,06 Oct 2024,05:40:00,22:45,Bisnis,101254,
JKA00666,Argo Parahyangan,KA664,Yogyakarta,Surabaya Gubeng,2024-10-10,18:00,22:05,eksekutif,75592,-
JKA02010,Jayabaya,KA475,Pasar Senen,Madiun,08/01/2025,23:05,5:25,Bisnis ,299516,TERLAMBAT
JKA00808,Malabar,KA36,Kediri,Surabaya Gubeng,17-05-2024,14.10,21.00,EKONOMI,148684,
JKA02793,  Malabar  ,KA278,Yogyakarta,Solo Balapan,22/04/2024,06.20,10:55:00,Bisnis,199301,tepat waktu
JKA01374,Brantas,KA377,Purwokerto,Solo Balapan,21-08-2024,19.25,00.15,Ekonomi,201795,-
JKA02051,Turangga,KA251,Bandung,Kediri,04-02-2025,10:15,06.30,Bisnis,250282,Dibatalkan
JKA02491,Mutiara Selatan,KA480,Madiun,Surabaya Gubeng,19/01/2025,07:05:00,10.50,Bisnis,152650,tepat waktu
JKA02214,Bengawan,KA89,Pasar Senen,Purwokerto,23-04-2025,11:40:00,19.55,eksekutif,752816,TERLAMBAT
JKA02936,,KA513,Bandung,Kediri,15 Mar 2025,6:20,17:20,eksekutif,403512,tepat waktu
JKA00155,Matarmaja,KA133,Solo Balapan,Gambir,08/02/2024,23:25,10:40,Eksekutif,49076,Dibatalkan
JKA02828,Bima,KA931,Jember,Gambir,2024-07-25,18.30,06:25,Bisnis,253266,tepat waktu
JKA02610,Argo Parahyangan,KA634,Cirebon,Malang,10 Jun 2024,14.05,13:45,Bisnis ,Rp202.678,Terlambat
JKA01361,Gajayana,KA682,Yogyakarta,Semarang Tawang,07/04/2024,02:50,17:10,eksekutif,404367,tepat waktu
JKA00420,Tawang Jaya,KA982,Jember,Madiun,19-06-2025,14.10,09:25:00,Eksekutif,298917,Tepat Waktu
JKA02583,Sembrani,KA104,Cirebon,Surabaya Gubeng,30/07/2024,12:35:00,1:25,EKONOMI,404474,Dibatalkan
JKA02815,  Matarmaja  ,KA984,Yogyakarta,Surabaya Gubeng,2024-08-19,8:35,4:35,Bisnis,198114,Dibatalkan
JKA01259,Bengawan,KA276,Gambir,Surabaya Gubeng,17-04-2024,11.30,10:35, Eksekutif,102499,TERLAMBAT
JKA00236,Mutiara Selatan,KA336,Bandung,Semarang Tawang,08/02/2024,02:35,15:40,Bisnis,252921,
JKA01887,Turangga,KA682,Solo Balapan,Madiun,10 Jul 2024,04:25,01.20,eksekutif,77951,Dibatalkan
JKA01865,Argo Bromo Anggrek,KA507,Gambir,Surabaya Pasarturi,18-03-2025,09.45,01:25,Ekonomi,79909,Terlambat
JKA00500,Kahuripan,KA141,Madiun,Jakarta Kota,29/04/2025,5:00,6:05,Bisnis,102790,Tepat Waktu
JKA02172,Jayabaya,KA326,Malang,Semarang Tawang,24/06/2024,14:05,0:55,Bisnis ,751031,Terlambat
JKA00085,Mutiara Selatan,KA949,Pasar Senen,Kediri,01/04/2024,17:55,5:30,Eksekutif,303116,
JKA02320,Argo Parahyangan,KA872,Cirebon,Gambir,2024-05-25,11.35,11:00, Eksekutif,49207,tepat waktu
JKA00862,Sancaka,KA533,Gambir,Yogyakarta,12/02/2025,14:00:00,12:20,Eksekutif,497935,Dibatalkan
JKA02803,,KA696,Surabaya Gubeng,Purwokerto,26/11/2024,08:25:00,02:30, Eksekutif,251974,tepat waktu
JKA00107,Kahuripan,KA675,Kediri,Jember,28 Jan 2024,22:15:00,09:55, Eksekutif,303180,Dibatalkan
JKA00720,Gaya Baru Malam,KA325,Jakarta Kota,Yogyakarta,21 May 2024,22.25,23.50,EKONOMI,254639,
JKA00475,Pasundan,KA701,Malang,Yogyakarta,21-09-2024,8:35,7:50,Bisnis,745812,Terlambat
JKA02578,Progo,KA937,Solo Balapan,Pasar Senen,10/02/2024,15:40:00,06.55,EKONOMI,401868,tepat waktu
JKA02295,Kahuripan,KA594,Gambir,Yogyakarta,2025-06-10,02:15,00.40,Bisnis,154584,Tepat Waktu
JKA01710,Gaya Baru Malam,KA355,Madiun,Surabaya Gubeng,02 Feb 2025,11:15:00,20.40,EKONOMI,399906,-
JKA00058,Sembrani,KA378,Yogyakarta,Malang,10 Mar 2024,14.50,08:45,Ekonomi,496215,Tepat Waktu
JKA01275,Gajayana,KA720,Bandung,Surabaya Pasarturi,15/08/2024,01.30,00:45,Ekonomi,503186,Dibatalkan
JKA01755,Gajayana,KA541,Surabaya Pasarturi,Kediri,25-06-2024,21:55,03:20:00,Ekonomi,201484,
JKA01751,Pasundan,KA887,Kediri,Purwokerto,22/12/2024,12.05,16:35,eksekutif,499084,Dibatalkan
JKA00784,Tawang Jaya,KA587,Pasar Senen,Jember,10-08-2025,17.55,22:20, Eksekutif,104297,TERLAMBAT
JKA02606,Harina,KA953,Madiun,Kediri,10/04/2025,17.05,20:30:00,EKONOMI,752681,
JKA02361,Gajayana,KA949,Jakarta Kota,Cirebon,10 Jun 2024,14:50,21:40:00,Bisnis ,300817,Dibatalkan
JKA00502,Harina,KA601,Semarang Tawang,Madiun,10/03/2025,19:40,12:25,Bisnis ,48208,Tepat Waktu
JKA02110,Lodaya,KA1,Malang,Madiun,22 Sep 2024,00.30,7:05,Eksekutif,403661,
JKA01713,Harina,KA253,Cirebon,Bandung,08/08/2025,8:20,9:30, Eksekutif,396689,Terlambat
JKA00312,Bengawan,KA86,Purwokerto,Madiun,05-08-2025,11:20,16:00,Bisnis ,397941,Tepat Waktu
JKA02751,Jayabaya,KA694,Gambir,Bandung,04 Nov 2024,12:40,12:15,Ekonomi,751416,tepat waktu
JKA00133,Argo Parahyangan,KA635,Jakarta Kota,Madiun,08 Feb 2025,00:30:00,5:25,Bisnis,199585,TERLAMBAT
JKA01425,Malabar,KA644,Jember,Surabaya Pasarturi,14/04/2024,07:35:00,16:35,Ekonomi,495191,Tepat Waktu
JKA01850,Sancaka,KA759,Cirebon,Gambir,13 Apr 2024,11.05,19.55,Bisnis,399654,
JKA01138,Lodaya,KA936,Jakarta Kota,Bandung,21 Jun 2024,11:25:00,05:55:00,Eksekutif,304776,tepat waktu
JKA01427,Pasundan,KA640,Gambir,Cirebon,11/01/2024,3:35,21.30,Bisnis,77012,-
JKA01958,Matarmaja,KA471,Bandung,Surabaya Pasarturi,29/04/2025,11.45,13.40,Bisnis,399781,Dibatalkan
JKA02589,Argo Parahyangan,KA237,Bandung,Pasar Senen,11 Jun 2025,1:50,15:55,EKONOMI,99366,
JKA00391,Serayu,KA725,Solo Balapan,Malang,10-05-2024,0:50,21:10,eksekutif,749380,Dibatalkan
JKA00250,Progo,KA488,Solo Balapan,Surabaya Gubeng,26/03/2025,06.45,01.50, Eksekutif,70860,Dibatalkan
JKA01443,Malabar,KA455,Purwokerto,Jember,17/07/2024,15:45:00,13:15:00,EKONOMI,253491,tepat waktu
JKA01833,KERTAJAYA,KA680,Bandung,Semarang Tawang,28 Mar 2025,09:30:00,04:05:00,EKONOMI,252003,Dibatalkan
JKA00489,Joglosemarkerto,KA829,Jakarta Kota,Malang,25/02/2025,00.20,16:15:00,Eksekutif,500295,tepat waktu
JKA02797,Taksaka,KA726,Jakarta Kota,Pasar Senen,14-01-2024,16:00,10:50:00,Ekonomi,753565,TERLAMBAT
JKA02060,Progo,KA763,Jakarta Kota,Cirebon,2025-02-27,3:25,10:15,Ekonomi,147933,tepat waktu
JKA01647,Gajayana,KA566,Pasar Senen,Surabaya Gubeng,2024-07-22,15.05,14.45,N/A,196081,
JKA02541,Pasundan,KA506,Semarang Tawang,Surabaya Gubeng,14 Apr 2024,10:10:00,3:10,Ekonomi,45770,Terlambat
JKA01087,Bengawan,KA391,Jember,Purwokerto,10 Aug 2024,09.35,11:40,Bisnis,45196,Dibatalkan
JKA02638,Joglosemarkerto,KA506,Jakarta Kota,Solo Balapan,2024-10-04,22.30,17.00,Bisnis ,Rp78.389,
JKA00068,Bima,KA293,Malang,Gambir,27/10/2024,01:15,10:20:00, Eksekutif,502756,Terlambat
JKA02510,Matarmaja,KA596,Purwokerto,Kediri,2025-03-19,5:20,07.20,Eksekutif,201256,tepat waktu
JKA01034,Argo Bromo Anggrek,KA308,Semarang Tawang,Bandung,01-08-2024,09.50,17:30:00,Bisnis,103739,Tepat Waktu
JKA02336,Jayabaya,KA352,Jakarta Kota,Kediri,01/08/2024,06.15,08:15:00,Bisnis ,302882,TERLAMBAT
JKA00714,Harina,KA276,Jember,Solo Balapan,16 Apr 2025,06.10,19:20,Bisnis ,147180,
JKA00873,Kaligung,KA491,Kediri,Jember,2024-02-21,16:45,11:30:00,Bisnis,199574,-
JKA02279,,KA516,Bandung,Malang,16-10-2024,4:25,18:55:00,EKONOMI,248043,tepat waktu
JKA01028,Jayabaya,KA526,Purwokerto,Bandung,13-05-2025,23:45,13:05:00,Eksekutif,245215,Tepat Waktu
JKA02912,Sancaka,KA264,Surabaya Gubeng,Bandung,08-03-2024,05:15,02.25,eksekutif,752407,Tepat Waktu
JKA02027,Harina,KA46,Semarang Tawang,Bandung,19/11/2024,08:50:00,9:15,eksekutif,53488,TERLAMBAT
JKA02363,Brantas,KA84,Jember,Solo Balapan,11 Dec 2024,1:35,20.40,Ekonomi,295049,Terlambat
JKA02371,Jayabaya,KA67,Jember,Purwokerto,11/04/2024,08.05,10.10, Eksekutif,203971,NULL
JKA01873,Mutiara Selatan,KA898,Jember,Yogyakarta,15 Jun 2025,05.25,16:35,EKONOMI,,tepat waktu
JKA00705,Bengawan,KA985,Malang,Jember,10-08-2025,12:05,06:35,Bisnis ,499861,
JKA02786,Kahuripan,KA931,Semarang Tawang,Solo Balapan,2024-10-29,14.50,10:55:00,EKONOMI,196503,-
JKA02134,Gajayana,KA48,Semarang Tawang,Cirebon,20-05-2024,13:40:00,0:20,eksekutif,201191,Dibatalkan
JKA00053,Tawang Jaya,KA379,Semarang Tawang,Gambir,04/07/2024,18:50:00,02:10,Eksekutif,498524,Terlambat
JKA00558,Malabar,KA532,Bandung,Madiun,12/05/2025,18:35,18.30,Eksekutif,404186,
JKA02576,Malabar,KA78,Yogyakarta,Solo Balapan,2024-07-17,21.05,1:40,Bisnis,753263,Terlambat
JKA02135,,KA645,Jember,Madiun,06-07-2024,01.55,3:30, Eksekutif,,
JKA01926,Joglosemarkerto,KA102,Surabaya Gubeng,Gambir,25/01/2025,13:25:00,16:15:00,Bisnis ,76066,Dibatalkan
JKA00468,Brantas,KA244,Gambir,Solo Balapan,21/01/2025,13:55:00,17:10,eksekutif,76024,Tepat Waktu
JKA02787,Brantas,KA924,Yogyakarta,Semarang Tawang,30 Apr 2025,08:55,21:30, Eksekutif,300963,Dibatalkan
JKA02634,Tawang Jaya,KA812,Semarang Tawang,Pasar Senen,01/10/2024,4:15,8:30,Ekonomi,247020,TERLAMBAT
JKA00877,Turangga,KA536,Malang,Pasar Senen,24 Mar 2024,00.25,08:25, Eksekutif,198376,Terlambat
JKA02129,Gaya Baru Malam,KA135,Yogyakarta,Semarang Tawang,14/09/2024,18:05,06:10,Bisnis ,196733,tepat waktu
JKA01399,Gaya Baru Malam,KA132,Jakarta Kota,Semarang Tawang,10 May 2024,06.55,16:40,Bisnis,397442,Terlambat
JKA01785,Gajayana,KA168,Cirebon,Malang,09 Nov 2024,13:35:00,13:55:00, Eksekutif,46337,Dibatalkan
JKA02005,Kaligung,KA354,Gambir,Semarang Tawang,2024-09-05,18.50,10:40:00,Ekonomi,750661,Terlambat
JKA02311,Bima,KA431,Madiun,Gambir,07/03/2024,7:45,00:45,Ekonomi,45777,
JKA00111,  Kertajaya  ,KA192,Cirebon,Pasar Senen,21 Jul 2024,18:30:00,0:55,Bisnis,196025,TERLAMBAT
JKA00552,Joglosemarkerto,KA303,Purwokerto,Jakarta Kota,16-12-2024,02:25:00,20:00,Eksekutif,152494,-
JKA00476,MALABAR,KA850,Jakarta Kota,Semarang Tawang,2025-07-07,19.15,03:05:00,Eksekutif,496268,Dibatalkan
JKA02411,Joglosemarkerto,KA664,Jakarta Kota,Madiun,2024-09-08,01:05,19:05,Bisnis ,201428,Terlambat
JKA00516,Kaligung,KA556,Malang,Surabaya Pasarturi,2024-02-10,15.35,01.45,Ekonomi,300528,Tepat Waktu
JKA00081,Kahuripan,KA209,Malang,Yogyakarta,20 Jun 2025,4:50,01:45,Bisnis,52225,-
JKA00406,Matarmaja,KA264,Gambir,Purwokerto,11-01-2024,07.55,05:20,EKONOMI,746743,-
JKA00900,KALIGUNG,,Pasar Senen,Semarang Tawang,02/01/2024,06:00,00:00:00,Bisnis,201607,TERLAMBAT
JKA01256,Brantas,KA514,Bandung,Pasar Senen,2024-09-26,19:15:00,00:30,Eksekutif,202441,
JKA01537,Kertajaya,KA657,Madiun,Solo Balapan,29 Jan 2025,08:35:00,01.40,Bisnis,53194,
JKA01134,Malabar,KA943,Cirebon,Solo Balapan,06 Jun 2025,00:15:00,17:40,Eksekutif,49559,TERLAMBAT
JKA01220,Kertajaya,KA331,Jakarta Kota,Solo Balapan,02-08-2025,22:15,12.45,Bisnis ,98124,tepat waktu
JKA02990,Malabar,KA668,Purwokerto,Yogyakarta,2024-07-29,23:35:00,16:05:00,Bisnis,74493,
JKA01570,Argo Bromo Anggrek,KA99,Solo Balapan,Malang,2025-06-01,03:30:00,23:40:00,Bisnis ,,Dibatalkan
JKA00656,Sancaka,KA874,Solo Balapan,Yogyakarta,12/03/2025,23.10,03.20,EKONOMI,496123,Tepat Waktu
JKA00927,Progo,KA517,Madiun,Surabaya Gubeng,12/12/2024,23:40:00,15:30,Ekonomi,747054,-
JKA02333,Kertajaya,KA952,Pasar Senen,Jember,02 Aug 2025,05.20,9:30,Eksekutif,103682,-
JKA00905,Malabar,KA574,Malang,Surabaya Gubeng,02/01/2025,13:20,07:25:00,Eksekutif,49827,
JKA00594,Tawang Jaya,KA321,Purwokerto,Bandung,22-11-2024,22:50,18.20,eksekutif,252871,tepat waktu
JKA01324,Argo Bromo Anggrek,KA363,Jember,Pasar Senen,2025-05-14,12:30,10.55,Ekonomi,753366,Terlambat
JKA01814,Lodaya,KA450,Malang,Surabaya Gubeng,2024-05-27,19:10,10.20,Eksekutif,495321,TERLAMBAT
JKA02667,Matarmaja,KA815,Jember,Yogyakarta,25/08/2024,07:25,02.15,Bisnis ,97828,-
JKA02662,Argo Bromo Anggrek,KA383,Gambir,Pasar Senen,26/01/2024,08:10,02:10:00,eksekutif,295460,Terlambat
JKA02652,Pasundan,KA503,Solo Balapan,Jember,29-08-2024,01:25,16.15,Ekonomi,47986,-
JKA02566,Tawang Jaya,KA664,Malang,Surabaya Gubeng,2024-04-27,00:05:00,18:35:00,eksekutif,295761,Tepat Waktu
JKA00219,  Progo  ,KA262,Surabaya Gubeng,Madiun,04/07/2025,06.40,17:35,Bisnis ,51170,Tepat Waktu
JKA00577,Mutiara Selatan,KA39,Cirebon,Surabaya Pasarturi,2024-04-21,12:15,17:35,Bisnis,495584,Terlambat
JKA00971,,KA578,Cirebon,Surabaya Pasarturi,03 Aug 2025,21:10,23.00,Bisnis,753592,tepat waktu
JKA02906,Argo Bromo Anggrek,KA713,Cirebon,Surabaya Pasarturi,2025-08-07,14:50,13:00,Bisnis,252203,Terlambat
JKA02297,Malabar,KA668,Kediri,Solo Balapan,29 Mar 2024,18:15:00,05:20,none,500414,-
JKA00082,Bima,KA572,Purwokerto,Malang,22 Jun 2025,10:10:00,17.25,Bisnis ,204995,Dibatalkan
JKA01378,Lodaya,KA340,Cirebon,Jakarta Kota,03-11-2024,15:15,17:35,Bisnis ,247142,-
JKA01212,Tawang Jaya,KA915,Pasar Senen,Surabaya Gubeng,13 Dec 2024,03:35:00,02:35,Bisnis,50659,Tepat Waktu
JKA00565,Tawang Jaya,KA472,Yogyakarta,Bandung,03 Jun 2025,17:25,19.15,Bisnis ,498669,Tepat Waktu
JKA01977,Kahuripan,KA24,Cirebon,Jakarta Kota,27 Jun 2024,05:40:00,11:55,eksekutif,95350,-
JKA02849,Jayabaya,KA102,Bandung,Pasar Senen,2025-03-15,01.40,07:20:00,Ekonomi,245995,TERLAMBAT
JKA00824,Sancaka,KA315,Kediri,Yogyakarta,19-01-2024,5:30,21:00,EKONOMI,396574,Terlambat
JKA00309,MALABAR,KA409,Gambir,Purwokerto,08-04-2025,23:55,06.00,Ekonomi,46158,Tepat Waktu
JKA00199,Taksaka,KA875,Semarang Tawang,Purwokerto,25-10-2024,19:50:00,08.35,Bisnis ,753535,Terlambat
JKA01296,Kertajaya,KA230,Surabaya Gubeng,Madiun,28-05-2025,9:00,06.30,Bisnis,Rp500.456,Terlambat
JKA02053,Argo Parahyangan,KA308,Pasar Senen,Surabaya Gubeng,03-12-2024,11:30,12:35,eksekutif,502103,
JKA01213,Kertajaya,KA887,Kediri,Purwokerto,22-07-2025,06:15:00,12.40,Eksekutif,502430,
JKA02138,Bima,KA82,Purwokerto,Semarang Tawang,22/03/2024,00:45,02:40,eksekutif,204423,Tepat Waktu
JKA00642,Harina,KA651,Gambir,Kediri,2025-06-13,14:35:00,16:00,Bisnis,300409,-
JKA01072,Jayabaya,KA461,Yogyakarta,Jakarta Kota,14 Dec 2024,22.55,22:35,EKONOMI,250798,-
JKA02580,Bima,KA855,Purwokerto,Jakarta Kota,2025-06-16,0:20,06.40,Bisnis ,99153,
JKA01905,Turangga,KA262,Madiun,Bandung,23/03/2025,13:05,03.55,eksekutif,,Terlambat
JKA00793,Argo Parahyangan,KA491,Cirebon,Gambir,20 Jan 2024,18:30,02:40:00,Bisnis ,402823,Terlambat
JKA00607,Gajayana,KA581,Madiun,Pasar Senen,29/07/2024,18.55,22:50,EKONOMI,200913,NULL
JKA00655,Jayabaya,KA440,Purwokerto,Gambir,23/05/2025,17.50,03:15:00,EKONOMI,247903,N/A
JKA01184,Lodaya,KA66,Malang,Semarang Tawang,18-12-2024,19:50,16:55:00,Ekonomi,502493,-
JKA00091,Jayabaya,KA131,Solo Balapan,Semarang Tawang,26 Jan 2025,12:30,21:50,Bisnis ,246943,null
JKA00557,Malabar,KA789,Cirebon,Yogyakarta,13-05-2025,07:40,02.55,Bisnis,402085,
JKA01243,Mutiara Selatan,KA25,Jember,Purwokerto,29-01-2025,21:50:00,19:35:00,Eksekutif,198110,tepat waktu
JKA00207,Tawang Jaya,KA325,Bandung,Surabaya Gubeng,10 Jun 2024,02.50,20:00,Ekonomi,103787,Terlambat
JKA00641,Mutiara Selatan,KA26,Malang,Gambir,2025-05-05,11:25,9:40,Eksekutif,72391,Tepat Waktu
JKA00773,Argo Parahyangan,KA64,Purwokerto,Cirebon,25 Jul 2025,22:30,00:40, Eksekutif,198102,Dibatalkan
JKA02595,Matarmaja,KA862,Bandung,Yogyakarta,31/05/2025,13:05,08:55:00,eksekutif,754293,none
JKA01422,Sembrani,KA611,Madiun,Kediri,12-08-2025,02:00,00:10:00,eksekutif,52912,
JKA01660,,KA640,Yogyakarta,Jember,09/03/2024,18:05,15.40,Bisnis ,99231,Tepat Waktu
JKA02201,Gaya Baru Malam,KA880,Surabaya Pasarturi,Bandung,27 Oct 2024,23:25,16:15,eksekutif,148287,Terlambat
JKA01735,Progo,KA650,Yogyakarta,Pasar Senen,23/02/2025,14:35:00,14:20:00,EKONOMI,253300,TERLAMBAT
JKA00105,Brantas,KA508,Surabaya Pasarturi,Malang,2024-05-29,05.30,13:20:00, Eksekutif,75916,-
JKA00028,Argo Bromo Anggrek,KA488,Malang,Surabaya Gubeng,29-12-2024,10.20,17:00,Eksekutif,151658,-
JKA00736,Kahuripan,KA993,Semarang Tawang,Madiun,2025-01-24,23:55,06.55,Bisnis,753135,Terlambat
JKA02994,Bima,KA850,Surabaya Gubeng,Jakarta Kota,02 Jan 2024,03:15,03:30, Eksekutif,503565,
JKA00970,Tawang Jaya,KA237,Jember,Yogyakarta,01-05-2024,22:45:00,15.15,Ekonomi,301735,Terlambat
JKA01514,Lodaya,KA59,Surabaya Pasarturi,Malang,01 Feb 2024,18:10:00,04:25,Bisnis ,399860,
JKA01663,Kaligung,KA874,Semarang Tawang,Madiun,08/11/2024,14.15,08:45:00,EKONOMI,747444,
JKA00166,Argo Parahyangan,KA709,Cirebon,Bandung,06 Apr 2025,21:45,15:00,EKONOMI,304586,Terlambat
JKA02597,Pasundan,KA432,Madiun,Kediri,02 Jul 2025,10:05,00.25,Eksekutif,247109,-
JKA01438,Argo Parahyangan,KA382,Semarang Tawang,Jember,03-09-2024,11.25,11:30,Eksekutif,304146,Terlambat
JKA02342,Argo Bromo Anggrek,KA44,Jakarta Kota,Bandung,04 Jun 2025,00:50,0:00,Bisnis,95902,Terlambat
JKA01250,Harina,KA867,Semarang Tawang,Gambir,29-02-2024,09:45,16:55,Bisnis ,754603,TERLAMBAT
JKA01910,Progo,KA205,Yogyakarta,Purwokerto,2025-05-14,17.05,11:15,Ekonomi,503764,Tepat Waktu
JKA00054,Joglosemarkerto,KA540,Surabaya Pasarturi,Malang,10 Mar 2025,19:35:00,08:15,null,296816,tepat waktu
JKA02648,Bengawan,KA71,Purwokerto,Madiun,02 Sep 2024,04:15,22:55:00,Bisnis,253077,-
JKA00346,Argo Bromo Anggrek,KA201,Malang,Surabaya Gubeng,22-08-2025,1:00,6:20,Bisnis,197855,none
JKA02548,Serayu,KA389,Jakarta Kota,Yogyakarta,23/07/2024,04:10:00,01.20,Bisnis,102813,Terlambat
JKA01988,Mutiara Selatan,KA462,Jember,Kediri,28 Mar 2025,18.25,18:05,eksekutif,496482,Terlambat
JKA00904,Tawang Jaya,,Yogyakarta,Surabaya Pasarturi,17/01/2024,22:40,22:40,Bisnis,153410,null
JKA00703,Bima,KA960,Jember,Kediri,04 Apr 2024,23:50:00,12:00,EKONOMI,746094,tepat waktu
JKA01397,Kaligung,KA558,Jakarta Kota,Surabaya Pasarturi,17-03-2024,00:40:00,16.15,Bisnis ,152628,
JKA00340,Argo Bromo Anggrek,KA958,Madiun,Solo Balapan,17/03/2024,06.10,09:05,Eksekutif,402077,-
JKA00904,Tawang Jaya,,Yogyakarta,Surabaya Pasarturi,17/01/2024,22:40,22:40,Bisnis,153410,null
JKA01241,Taksaka,KA342,Jakarta Kota,Madiun,2024-12-19,11:55,23.55,EKONOMI,196120,Tepat Waktu
JKA02248,Progo,KA820,Gambir,Pasar Senen,04-04-2024,08.15,14:40,EKONOMI,52878,-
JKA02477,Taksaka,KA930,Cirebon,Bandung,05/01/2025,11:15:00,10:45,eksekutif,79704,tepat waktu
JKA01998,Gajayana,KA708,Yogyakarta,Purwokerto,21-10-2024,9:10,8:55,Bisnis,,
JKA02331,Kahuripan,KA465,Cirebon,Jember,11-09-2024,18:40,16:20:00,EKONOMI,503146,
JKA02394,Mutiara Selatan,KA88,Gambir,Cirebon,2024-03-12,00.30,12:45,EKONOMI,498538,Terlambat
JKA01875,Mutiara Selatan,KA829,Pasar Senen,Semarang Tawang,23 Jan 2025,06:55:00,02:15:00,EKONOMI,753800,
JKA02908,Argo Bromo Anggrek,KA139,Bandung,Yogyakarta,13 Nov 2024,13.10,13.45,Eksekutif,101089,
JKA00248,,KA829,Kediri,Surabaya Pasarturi,23/10/2024,01.55,23.45,Eksekutif,404472,Dibatalkan
JKA00095,Kertajaya,KA780,Purwokerto,Bandung,05-04-2025,2:40,01:20:00,Bisnis ,754878,
JKA01216,Kahuripan,KA350,Malang,Solo Balapan,2024-04-30,03:00:00,18:35:00,Ekonomi,400931,tepat waktu
JKA01073,Kaligung,KA251,Madiun,Surabaya Gubeng,25 Mar 2024,20:50:00,14:40,Ekonomi,251174,
JKA01270,Kahuripan,KA853,Kediri,Surabaya Pasarturi,2025-06-10,4:05,0:00,Bisnis ,153697,tepat waktu
JKA00376,Brantas,KA878,Solo Balapan,Madiun,24-03-2024,13:35,23.30,EKONOMI,147345,
JKA01618,Kaligung,KA744,Jember,Pasar Senen,2024-06-22,22.05,03:20:00,eksekutif,401777,tepat waktu
JKA02533,Matarmaja,KA129,Surabaya Pasarturi,Solo Balapan,2025-07-31,11.00,20.50,Bisnis ,Rp77.777,Dibatalkan
JKA01940,Bengawan,KA384,Kediri,Jember,17 Oct 2024,10:05,23:20,eksekutif,196445,Tepat Waktu
JKA01385,Taksaka,KA833,Purwokerto,Surabaya Pasarturi,31/05/2024,22.10,00:35,EKONOMI,296371,Terlambat
JKA02582,Bima,KA815,Pasar Senen,Gambir,07-08-2025,19:20,11:50,Eksekutif,Rp753.624,Tepat Waktu
JKA00820,Tawang Jaya,KA647,Yogyakarta,Pasar Senen,2025-06-04,20.05,08.10,EKONOMI,747527,-
JKA00478,Kahuripan,KA452,Solo Balapan,Kediri,2024-03-21,07:45:00,17:55, Eksekutif,495842,TERLAMBAT
JKA02688,Mutiara Selatan,KA792,Cirebon,Bandung,22 Mar 2025,6:20,20.05,Bisnis,71626,TERLAMBAT
JKA00729,  Gaya Baru Malam  ,KA917,Cirebon,Yogyakarta,2025-03-26,05.00,07:50:00, Eksekutif,503154,-
JKA01273,Taksaka,KA907,Surabaya Pasarturi,Gambir,06/09/2024,07:45,22:45,Bisnis ,100624,Terlambat
JKA01501,Argo Parahyangan,KA991,Purwokerto,Semarang Tawang,10/12/2024,21.25,09:00:00, Eksekutif,504723,-
JKA00867,Brantas,KA844,Surabaya Pasarturi,Malang,10 Nov 2024,12.20,21.25,EKONOMI,154843,
JKA02193,Gajayana,KA442,Malang,Jember,25-11-2024,11:15,23:25:00,Bisnis ,753952,-
JKA02795,Brantas,KA373,Bandung,Cirebon,02/07/2025,17:50:00,01:30:00,NaN,100039,TERLAMBAT
JKA01287,Sembrani,KA21,Jakarta Kota,Yogyakarta,19 Apr 2025,22:40,12:00,Eksekutif,Rp399.527,Terlambat
JKA00770,Gaya Baru Malam,KA593,Surabaya Pasarturi,Jakarta Kota,05 Jul 2025,19:45:00,18:40, Eksekutif,745998,tepat waktu
JKA00051,Bima,KA895,Bandung,Jakarta Kota,2024-03-28,13.05,04:40,EKONOMI,504202,Dibatalkan
JKA00214,Tawang Jaya,KA95,Jember,Cirebon,08/08/2025,03:00:00,11:10,Ekonomi,254538,Dibatalkan
JKA01221,Argo Parahyangan,KA359,Surabaya Pasarturi,Jember,23-07-2025,09:40:00,10:15,Eksekutif,753524,N/A
JKA00629,Malabar,KA43,Surabaya Pasarturi,Gambir,13 Mar 2025,19:05:00,13.30,Eksekutif,97967,Tepat Waktu
JKA01471,Lodaya,KA606,Bandung,Madiun,04 Dec 2024,11:00,14:10,EKONOMI,203447,tepat waktu
JKA00120,BENGAWAN,KA392,Madiun,Semarang Tawang,03 May 2024,22:10:00,02:15:00,Eksekutif,71690,Terlambat
JKA00389,Tawang Jaya,KA562,Cirebon,Purwokerto,07/06/2025,13.10,13:30,EKONOMI,146270,-
JKA02750,Malabar,KA591,Yogyakarta,Pasar Senen,23-07-2024,18:40:00,08.40,Eksekutif,748043,Terlambat
JKA02017,Lodaya,KA640,Gambir,Pasar Senen,19/08/2025,02:45,22:20,Eksekutif,753275,
JKA00425,Joglosemarkerto,KA851,Purwokerto,Yogyakarta,26/03/2024,02:20:00,02:20:00, Eksekutif,303597,Terlambat
JKA02153,Bengawan,KA101,Kediri,Solo Balapan,01 Nov 2024,10:00,0:20,Eksekutif,404143,TERLAMBAT
JKA01390,Serayu,KA280,Madiun,Kediri,2025-02-20,17:55,22:45:00,Eksekutif,195624,Terlambat
JKA00777,Kertajaya,KA440,Kediri,Gambir,24/06/2025,17:30,15:40:00, Eksekutif,746190,TERLAMBAT
JKA02247,Bengawan,KA930,Kediri,Semarang Tawang,02-03-2025,12:40:00,13:40,Bisnis ,Rp254.073,Dibatalkan
JKA00790,Argo Bromo Anggrek,KA33,Kediri,Madiun,2024-02-21,10.05,6:55,Ekonomi,749253,Dibatalkan
JKA00260,Sembrani,KA42,Kediri,Gambir,26-06-2024,02.05,4:30,Bisnis ,254067,TERLAMBAT
JKA02303,Mutiara Selatan,KA816,Purwokerto,Pasar Senen,04-04-2024,23:15,08.20,eksekutif,752609,Terlambat
JKA01558,Bima,KA684,Bandung,Gambir,24-07-2024,20.10,21:15,Bisnis,751050,-
JKA00452,Argo Bromo Anggrek,KA608,Malang,Purwokerto,02-06-2024,19:40,09.35,Eksekutif,195255,
JKA02885,Argo Bromo Anggrek,KA542,Jakarta Kota,Jember,09/11/2024,18:05,22:20:00,Bisnis,70351,TERLAMBAT
JKA00458,Gajayana,KA247,Yogyakarta,Jakarta Kota,28-08-2024,19:50:00,21:45,eksekutif,95354,-
JKA02768,Gaya Baru Malam,KA477,Surabaya Pasarturi,Cirebon,09-06-2024,01:55:00,19.30,eksekutif,153665,-
JKA02163,Tawang Jaya,KA996,Semarang Tawang,Jember,17 Mar 2024,7:00,03:10,EKONOMI,98145,tepat waktu
JKA02712,Pasundan,KA291,Purwokerto,Cirebon,09-06-2025,11:10,19:10:00,eksekutif,47982,TERLAMBAT
JKA01695,Lodaya,KA682,Malang,Semarang Tawang,03 Apr 2025,15:35,8:55,eksekutif,253716,Terlambat
JKA00571,Sancaka,KA193,Cirebon,Yogyakarta,11 Dec 2024,21:40:00,14:05,Ekonomi,150991,tepat waktu
JKA00661,Kertajaya,KA141,Jakarta Kota,Solo Balapan,17-03-2024,02.35,23:20:00,Eksekutif,49671,
JKA01974,Jayabaya,KA866,Purwokerto,Surabaya Pasarturi,27-11-2024,19:05,19:10,Bisnis,250951,tepat waktu
JKA00962,Brantas,,Surabaya Pasarturi,Purwokerto,2024-01-20,09:25:00,14:00:00,EKONOMI,96040,tepat waktu
JKA01854,BIMA,KA324,Semarang Tawang,Malang,2024-07-16,09.50,08.50, Eksekutif,79727,Dibatalkan
JKA00570,Harina,KA964,Yogyakarta,Cirebon,18/01/2025,14:55,16:10:00,Eksekutif,745635,
JKA00762,Gajayana,KA288,Kediri,Malang,14 Mar 2025,22:50:00,9:30, Eksekutif,246103,Terlambat
JKA01300,  Brantas  ,KA499,Surabaya Pasarturi,Semarang Tawang,13-01-2025,10.45,01:10:00,Bisnis,,tepat waktu
JKA00404,Sancaka,KA526,Jember,Kediri,03 Feb 2025,19:20,5:00,EKONOMI,154701,
JKA01970,Malabar,,Kediri,Solo Balapan,29-11-2024,1:10,14.30,Ekonomi,101815,Terlambat
JKA00747,Gaya Baru Malam,KA630,Yogyakarta,Bandung,01 Apr 2024,01:10,20.50,Eksekutif,496371,
JKA00121,Argo Bromo Anggrek,KA323,Semarang Tawang,Madiun,06/08/2024,13:45:00,06:05,Bisnis,79659,tepat waktu
JKA02254,Gaya Baru Malam,KA519,Cirebon,Purwokerto,2025-03-05,23.35,13:25:00,eksekutif,754367,Tepat Waktu
JKA01806,Sembrani,KA765,Jember,Yogyakarta,15 Feb 2025,23:40:00,10.00,Ekonomi,196497,Dibatalkan
JKA00321,Sancaka,KA371,Kediri,Solo Balapan,04/01/2025,04:40:00,07:10:00,eksekutif,302516,-
JKA02785,Kahuripan,KA889,Yogyakarta,Bandung,03-05-2024,12:10,03:05:00,eksekutif,251043,tepat waktu
JKA02431,Gaya Baru Malam,KA243,Surabaya Gubeng,Kediri,31-03-2025,13:55:00,14.40, Eksekutif,298374,Dibatalkan
JKA02351,Sembrani,KA847,Jakarta Kota,Kediri,04/04/2025,07:35,02:00:00,Ekonomi,151580,-
JKA01299,,KA672,Yogyakarta,Malang,15 Jan 2024,10:00:00,23:30,Bisnis,97448,Terlambat
JKA00540,Mutiara Selatan,KA266,Kediri,Bandung,17-11-2024,14:55,05:25:00,Bisnis,400934,
JKA01538,Argo Parahyangan,KA717,Jember,Malang,25/06/2025,18:40:00,04.35,Ekonomi,197322,-
JKA02519,Kertajaya,KA451,Surabaya Gubeng,Kediri,08-06-2025,12:55,03:30:00,EKONOMI,254075,
JKA00923,Bima,KA930,Cirebon,Kediri,2025-03-10,10:35,17.25,Bisnis ,72241,tepat waktu
JKA02757,Joglosemarkerto,KA763,Surabaya Gubeng,Madiun,01 Apr 2024,23:10:00,22:20:00,Bisnis ,146582,Terlambat
JKA01321,Argo Bromo Anggrek,KA541,Solo Balapan,Yogyakarta,09-04-2025,21:05,8:30,EKONOMI,745445,
JKA01231,Sembrani,KA45,Malang,Jember,22/05/2025,19.30,15.05,eksekutif,198650,-
JKA01863,Bima,KA658,Jakarta Kota,Semarang Tawang,26 Jan 2025,23:40,8:00,EKONOMI,99813,TERLAMBAT
JKA01591,Jayabaya,KA59,Solo Balapan,Madiun,16 Jan 2024,06.25,21:35:00,Eksekutif,400351,Tepat Waktu
JKA00691,Argo Bromo Anggrek,KA713,Solo Balapan,Surabaya Gubeng,23/06/2024,6:45,02:15:00,Ekonomi,250532,Tepat Waktu
JKA01923,Argo Bromo Anggrek,KA410,Kediri,Yogyakarta,2025-03-03,11:15,16:40, Eksekutif,204961,TERLAMBAT
JKA00109,Kaligung,KA964,Cirebon,Surabaya Gubeng,01-04-2025,12:35,11:00:00,Eksekutif,201815,
JKA02970,Kaligung,KA580,Gambir,Semarang Tawang,17/12/2024,16.25,11.40,EKONOMI,746608,TERLAMBAT
JKA00920,Gajayana,KA373,Pasar Senen,Semarang Tawang,2024-05-25,10:00,13:20,eksekutif,Rp70.072,Terlambat
JKA00293,Sembrani,KA528,Jember,Malang,13/03/2025,11.05,16:20:00,Bisnis ,500133,none
JKA01465,Sancaka,KA46,Jakarta Kota,Pasar Senen,03/05/2024,11:30,23:45:00, Eksekutif,203694,Dibatalkan
JKA01664,Sembrani,KA816,Semarang Tawang,Jember,17/04/2025,21:35,01.55,Bisnis,747340,Tepat Waktu
JKA01451,Mutiara Selatan,KA221,Semarang Tawang,Cirebon,22-01-2024,04:35,22.10,EKONOMI,752032,Dibatalkan
JKA02792,Lodaya,KA716,Pasar Senen,Purwokerto,15 Feb 2024,05:35:00,5:50,eksekutif,252311,tepat waktu
JKA00952,Progo,KA354,Yogyakarta,Surabaya Pasarturi,2024-07-06,5:20,14.20, Eksekutif,196274,Dibatalkan
JKA02389,Progo,KA640,Malang,Purwokerto,2025-05-23,01:35,19:05,null,248090,Dibatalkan
JKA02549,Lodaya,KA500,Gambir,Jember,11-04-2024,20:20,10:55,Ekonomi,153457,Terlambat
JKA01930,Bima,KA894,Madiun,Yogyakarta,06 May 2025,02.00,8:35,-,399542,Tepat Waktu
JKA00206,Argo Parahyangan,KA283,Bandung,Surabaya Pasarturi,07-05-2025,06:25,21:15,Bisnis,,
JKA00271,Mutiara Selatan,KA672,Pasar Senen,Yogyakarta,30-04-2025,13:35,09:15,Eksekutif,153513,Dibatalkan
JKA02211,Sembrani,KA783,Jember,Jakarta Kota,11-09-2024,02:00:00,11:35,EKONOMI,752299,
JKA00171,Sancaka,KA539,Semarang Tawang,Malang,2024-06-07,04:25,20.45,eksekutif,754013,Dibatalkan
JKA00869,Pasundan,KA501,Purwokerto,Semarang Tawang,21-07-2025,05.10,05.50,Bisnis,246661,Dibatalkan
JKA02623,Harina,KA631,Yogyakarta,Semarang Tawang,2025-05-04,15:55,15:50,EKONOMI,49289,-
JKA00749,Bengawan,KA307,Jember,Yogyakarta,2024-03-04,08:40,13.35,eksekutif,72946,Tepat Waktu
jka02335,Serayu,KA765,Malang,Semarang Tawang,2024-03-20,1:15,05:55:00,Eksekutif,398963,TERLAMBAT
JKA02982,Pasundan,KA955,Jember,Madiun,15 Mar 2025,08:15:00,0:20,Bisnis,297251,Tepat Waktu
JKA02036,Tawang Jaya,KA762,Solo Balapan,Gambir,18-03-2024,1:40,07.20,Eksekutif,104931,-
JKA02831,Pasundan,KA283,Bandung,Gambir,2025-04-26,15:40:00,16:45:00,eksekutif,248337,Tepat Waktu
JKA00910,Bima,KA16,Bandung,Pasar Senen,28 Mar 2025,17.35,19:20:00,eksekutif,72615,Dibatalkan
JKA01490,Harina,KA11,Pasar Senen,Bandung,27 Jan 2024,15.20,3:50, Eksekutif,298758,
JKA00039,Jayabaya,KA481,Gambir,Yogyakarta,29-05-2025,03:35,16:35,Bisnis ,101717,Tepat Waktu
JKA01267,Progo,KA140,Pasar Senen,Gambir,2025-03-16,11:25,15.15,eksekutif,747052,tepat waktu
JKA00818,Harina,KA783,Solo Balapan,Bandung,03-06-2025,01:35:00,02:00:00,Eksekutif,498070,Tepat Waktu
JKA01431,Tawang Jaya,KA539,Gambir,Pasar Senen,20-12-2024,16:20:00,06.40,eksekutif,404830,
JKA00159,Argo Bromo Anggrek,KA52,Jakarta Kota,Cirebon,20/05/2025,02:40,23:55,Ekonomi,152483,
JKA02564,Brantas,KA172,Cirebon,Madiun,01/05/2024,12:45,14.30,EKONOMI,500985,Dibatalkan
JKA02753,Mutiara Selatan,KA962,Semarang Tawang,Jember,2024-10-01,16.55,15:05,eksekutif,51293,Tepat Waktu
JKA02725,Brantas,KA615,Gambir,Jakarta Kota,2024-03-17,16:15:00,13:45,Eksekutif,496191,-
JKA02084,,KA53,Pasar Senen,Purwokerto,17-02-2025,04.55,06.35,Bisnis,Rp497.215,Terlambat
JKA02896,Sancaka,KA672,Jember,Bandung,28 Aug 2024,04.50,05.00,eksekutif,248724,Tepat Waktu
JKA01598,Mutiara Selatan,KA33,Jakarta Kota,Solo Balapan,25/02/2024,21:00,02:15:00,EKONOMI,495791,Tepat Waktu
JKA00855,Serayu,KA86,Malang,Kediri,22/03/2025,7:10,16:45:00,Bisnis ,148514,-
JKA01435,Bima,KA296,Surabaya Pasarturi,Malang,07 Apr 2025,15.20,18.10,Ekonomi,72067,
JKA01049,Brantas,KA337,Yogyakarta,Purwokerto,27 Feb 2025,22:20:00,02:45:00,eksekutif,51745,Terlambat
JKA02609,Sancaka,KA530,Solo Balapan,Pasar Senen,06/05/2025,14:40,6:10,eksekutif,153063,
JKA02708,Lodaya,KA992,Malang,Yogyakarta,2025-08-15,03.40,09:00, Eksekutif,Rp202.326,Terlambat
JKA02080,Bengawan,KA470,Surabaya Pasarturi,Pasar Senen,24 Aug 2024,19:15:00,12:30,Ekonomi,203826,-
JKA01396,Lodaya,,Surabaya Gubeng,Madiun,01-05-2024,11:30,10:45,Ekonomi,98968,-
JKA02284,Matarmaja,KA844,Semarang Tawang,Bandung,04-11-2024,5:10,06.10,Bisnis ,150059,Terlambat
JKA01684,Kaligung,KA137,Pasar Senen,Kediri,2024-05-17,02:35:00,02:50,eksekutif,104241,Tepat Waktu
JKA00364,Kaligung,KA210,Gambir,Surabaya Gubeng,2024-01-22,09:15:00,07:45,Eksekutif,101136,tepat waktu
JKA01036,Matarmaja,KA961,Gambir,Madiun,25-06-2025,16:00,03:55:00,Bisnis,75112,Tepat Waktu
JKA00654,Jayabaya,KA822,Purwokerto,Pasar Senen,16-08-2025,12:20,16:15,none,398915,Tepat Waktu
JKA02032,Argo Parahyangan,KA293,Surabaya Gubeng,Kediri,24-04-2025,14:30,3:40,Bisnis ,Rp197.944,Terlambat
JKA01319,Malabar,KA919,Pasar Senen,Yogyakarta,23-03-2024,13:05:00,05.35,EKONOMI,49447,
JKA02383,Sancaka,KA579,Jakarta Kota,Yogyakarta,30/12/2024,20:05,20.55, Eksekutif,98203,tepat waktu
JKA00327,Tawang Jaya,KA379,Jember,Jakarta Kota,2025-06-25,22:15:00,15:00,EKONOMI,246945,Tepat Waktu
JKA01264,,KA492,Surabaya Pasarturi,Surabaya Gubeng,25/08/2024,21.50,21:45:00,Bisnis ,251128,Tepat Waktu
JKA02523,Tawang Jaya,KA83,Gambir,Pasar Senen,04/04/2024,07.15,14:55,Bisnis ,402719,Tepat Waktu
JKA00060,Bengawan,KA742,Pasar Senen,Surabaya Pasarturi,31 Jan 2025,10:50,20.50,Eksekutif,246548,Dibatalkan
JKA01935,Harina,KA928,Gambir,Surabaya Pasarturi,29 Dec 2024,16:30:00,19:00,Eksekutif,747775,
JKA00124,Mutiara Selatan,KA465,Kediri,Yogyakarta,03-07-2025,12:45,09:55:00,Bisnis ,145948,Tepat Waktu
JKA01776,Matarmaja,KA267,Pasar Senen,Madiun,26-09-2024,10.30,22:35, Eksekutif,399317,Dibatalkan
JKA01659,Gaya Baru Malam,KA340,Solo Balapan,Pasar Senen,2025-08-13,12:25:00,05:15:00,Bisnis,196149,
JKA02273,Kahuripan,KA146,Pasar Senen,Purwokerto,04-08-2025,17:50:00,08:30,Bisnis,146367,Tepat Waktu
JKA00279,Tawang Jaya,KA652,Madiun,Cirebon,18-01-2024,05:45,04:25:00,Bisnis ,100855,tepat waktu
JKA02625,TURANGGA,KA93,Kediri,Pasar Senen,2025-08-15,9:55,20:05,EKONOMI,196089,Terlambat
JKA02525,Pasundan,KA467,Kediri,Solo Balapan,28/07/2025,02:15,22:00,Bisnis,498239,-
JKA01748,Serayu,KA682,Gambir,Bandung,2025-05-01,22:35,19.45,Ekonomi,399096,TERLAMBAT
JKA02082,Turangga,KA317,Kediri,Jakarta Kota,26-12-2024,21:35:00,20:00:00,EKONOMI,52801,NULL
JKA02077,Mutiara Selatan,KA540,Pasar Senen,Bandung,17 Mar 2025,23:45:00,09.50,eksekutif,752971,TERLAMBAT
JKA00903,Kahuripan,KA622,Gambir,Surabaya Gubeng,2024-09-23,2:25,10.15,eksekutif,295491,TERLAMBAT
JKA00479,Harina,KA584,Bandung,Madiun,03 Sep 2024,23.30,02:25,Ekonomi,404915,Terlambat
JKA00304,  Taksaka  ,KA483,Yogyakarta,Jakarta Kota,27 Nov 2024,21:15:00,22.30,Eksekutif,79125,Terlambat
JKA00549,PASUNDAN,KA825,Malang,Pasar Senen,20/09/2024,10.50,19:50,eksekutif,404359,Terlambat
JKA00526,Gaya Baru Malam,KA802,Cirebon,Jakarta Kota,05/12/2024,07:35,00:55,Bisnis ,303515,Tepat Waktu
JKA00609,Kahuripan,KA937,Semarang Tawang,Surabaya Gubeng,14 Jul 2024,23:25,08:30,Ekonomi,46967,
JKA01021,Gajayana,KA731,Surabaya Gubeng,Malang,30/05/2024,12:40,07:20:00,Bisnis ,204952,Terlambat
JKA00038,Brantas,KA45,Jember,Malang,19-12-2024,17:40:00,14:25,Bisnis ,154368,tepat waktu
JKA02310,Lodaya,KA287,Cirebon,Kediri,09-06-2025,17:00:00,02:40:00,Bisnis ,498132,Terlambat
JKA00295,Mutiara Selatan,KA207,Cirebon,Surabaya Gubeng,19/02/2025,3:10,00.15,eksekutif,404172,Tepat Waktu
JKA01157,,KA626,Jember,Semarang Tawang,2024-08-14,23:05,02:10:00,EKONOMI,751182,
JKA02132,Sembrani,KA569,Pasar Senen,Madiun,03-08-2025,09.05,15:25, Eksekutif,402005,
JKA01992,Jayabaya,KA649,Semarang Tawang,Jakarta Kota,07 Apr 2024,4:50,21.30,Eksekutif,200111,Tepat Waktu
JKA01506,Lodaya,KA926,Semarang Tawang,Madiun,23-01-2025,03:40,05.35,EKONOMI,77776,Terlambat
JKA01301,Progo,KA856,Cirebon,Madiun,04-03-2024,21:30,0:40,Bisnis ,151558,
JKA00746,Progo,KA170,Jakarta Kota,Yogyakarta,26 Nov 2024,05.15,18:45,EKONOMI,395240,Dibatalkan
JKA00681,Argo Parahyangan,KA577,Gambir,Cirebon,2024-02-20,21:20,12.25,Eksekutif,253452,tepat waktu
JKA01730,Sembrani,KA379,Solo Balapan,Gambir,11/10/2024,12.05,08:35,eksekutif,245604,Tepat Waktu
JKA00935,Jayabaya,KA365,Cirebon,Jakarta Kota,2025-03-15,04:30:00,14.30, Eksekutif,102432,Dibatalkan
JKA00286,Progo,KA67,Gambir,Purwokerto,2025-05-18,12:35,03:10:00,eksekutif,746666,Terlambat
JKA01999,Pasundan,KA652,Yogyakarta,Surabaya Pasarturi,29-08-2024,01:50:00,18:05,Ekonomi,147650,Tepat Waktu
JKA00710,Joglosemarkerto,KA748,Cirebon,Jember,01/10/2024,13.45,17:00,Bisnis,50421,-
JKA00214,Tawang Jaya,KA95,Jember,Cirebon,08/08/2025,03:00:00,11:10,Ekonomi,254538,Dibatalkan
JKA02066,Brantas,KA81,Pasar Senen,Bandung,09-01-2024,21:25,10:25,Bisnis ,751310,tepat waktu
JKA01316,Gaya Baru Malam,KA330,Pasar Senen,Bandung,2024-04-02,22.40,22.05,eksekutif,303383,-
JKA00409,Jayabaya,KA557,Gambir,Kediri,18-04-2024,22:05,04:35:00, Eksekutif,100036,Tepat Waktu
JKA00887,Serayu,KA368,Kediri,Solo Balapan,2024-10-04,6:20,18:40,EKONOMI,398367,-
JKA01835,Bima,KA89,Purwokerto,Kediri,21 Jun 2025,04.10,20:20:00,Bisnis ,501902,tepat waktu
JKA02763,Argo Parahyangan,KA591,Jember,Malang,07-04-2025,10.20,01.00,Bisnis,70061,TERLAMBAT
JKA02374,Kertajaya,KA762,Surabaya Gubeng,Yogyakarta,19 Jul 2025,11:35,3:55,Bisnis ,204402,
JKA01865,Argo Bromo Anggrek,KA507,Gambir,Surabaya Pasarturi,18-03-2025,09.45,01:25,Ekonomi,79909,Terlambat
JKA01359,Bima,KA308,Bandung,Jakarta Kota,21 Jun 2025,01.50,02:55,eksekutif,746979,Tepat Waktu
JKA00088,Kertajaya,KA426,Pasar Senen,Madiun,2024-11-14,20.20,19:15,Bisnis,397509,Dibatalkan
JKA01917,Tawang Jaya,KA853,Jember,Pasar Senen,02/08/2025,06:45:00,1:20,Ekonomi,,Dibatalkan
JKA02315,Gaya Baru Malam,KA890,Semarang Tawang,Gambir,30 Jun 2025,10:25,10:30,Ekonomi,203753,
JKA02437,Kertajaya,KA633,Gambir,Yogyakarta,24-07-2025,8:00,14:40,eksekutif,101201,Dibatalkan
JKA02020,Argo Bromo Anggrek,KA466,Pasar Senen,Yogyakarta,2024-09-14,16:45,20:25,Bisnis ,148129,Dibatalkan
JKA00402,Gajayana,KA197,Bandung,Gambir,23/08/2025,06:55:00,03.05,Ekonomi,398309,Terlambat
JKA02402,Taksaka,KA583,Semarang Tawang,Kediri,29 Feb 2024,14:40,13.15,Eksekutif,Rp751.906,Tepat Waktu
JKA00445,Sancaka,KA272,Cirebon,Purwokerto,14/04/2024,14:05,07:00:00,Bisnis,195468,Dibatalkan
JKA02426,Kahuripan,KA752,Jember,Purwokerto,26 Jul 2025,12:40,03:00:00,Bisnis ,247949,Dibatalkan
JKA01108,,KA145,Cirebon,Yogyakarta,25-09-2024,19:55,16:35:00,Ekonomi,395815,
JKA00045,  Kertajaya  ,KA336,Jember,Bandung,10-04-2025,21.55,18.30,Eksekutif,,TERLAMBAT
JKA01761,Bengawan,KA832,Solo Balapan,Jember,20 Feb 2024,6:55,09:05:00,Bisnis ,71480,Tepat Waktu
JKA01859,Argo Bromo Anggrek,KA115,Jakarta Kota,Surabaya Pasarturi,2024-06-17,15:55,20:30,EKONOMI,146022,tepat waktu
JKA00642,Harina,KA651,Gambir,Kediri,2025-06-13,14:35:00,16:00,Bisnis,300409,-
JKA00037,Tawang Jaya,KA957,Solo Balapan,Jakarta Kota,09 May 2025,7:35,12:15, Eksekutif,74526,
JKA02249,Gajayana,KA417,Purwokerto,Kediri,26-04-2024,08:30:00,02.45,Ekonomi,Rp77.440,
JKA00465,  Sembrani  ,KA320,Jakarta Kota,Surabaya Pasarturi,14 Sep 2024,22:25,05:20,EKONOMI,748955,TERLAMBAT
JKA00167,Bengawan,KA322,Cirebon,Pasar Senen,11-09-2024,12.25,14:10,eksekutif,753393,
JKA01837,Mutiara Selatan,KA255,Pasar Senen,Jakarta Kota,2024-03-26,01:45,13.30, Eksekutif,750293,-
JKA01042,Kahuripan,KA370,Surabaya Pasarturi,Yogyakarta,25-02-2024,07:30:00,20:50:00,Bisnis ,149533,-
JKA00078,Argo Parahyangan,KA576,Jakarta Kota,Purwokerto,26-04-2025,17:00,13.10,Bisnis ,251606,TERLAMBAT
JKA02091,Tawang Jaya,KA80,Madiun,Semarang Tawang,28-11-2024,4:35,06:50:00,Eksekutif,96978,-
JKA02840,Sancaka,KA442,Kediri,Jember,05/01/2024,13:20,17:00,Eksekutif,246758,-
JKA02345,Argo Parahyangan,KA792,Semarang Tawang,Yogyakarta,2024-10-08,21.30,20.55,eksekutif,201251,tepat waktu
JKA02468,Bengawan,KA925,Purwokerto,Surabaya Pasarturi,07/08/2025,4:40,10:55:00,Eksekutif,97209,Dibatalkan
JKA02002,Bima,KA616,Cirebon,Yogyakarta,18/06/2024,5:40,06:40,Bisnis,500331,NaN
JKA01866,Brantas,KA881,Jember,Cirebon,2024-02-25,19:40:00,21:00:00, Eksekutif,496189,Dibatalkan
JKA02698,PROGO,KA208,Bandung,Semarang Tawang,01-08-2024,11:00,11:25:00,eksekutif,146441,Tepat Waktu
JKA02604,Gajayana,KA920,Purwokerto,Malang,2024-08-20,14:20,04:35:00,Bisnis ,103130,TERLAMBAT
JKA00802,Malabar,KA516,Surabaya Gubeng,Jakarta Kota,14/05/2024,22:35:00,11:10,Bisnis,248177,
JKA00879,,KA476,Semarang Tawang,Yogyakarta,27 Jul 2025,13:45,07:25,Bisnis ,Rp253.267,-
JKA01729,Bima,KA664,Malang,Solo Balapan,25/06/2024,18:25:00,23.50,eksekutif,200961,TERLAMBAT
JKA01815,Progo,KA873,Jember,Pasar Senen,23-07-2024,03:00,20:00:00,eksekutif,253845,Terlambat
JKA01107,Mutiara Selatan,KA452,Pasar Senen,Kediri,31-01-2025,15:40,18:05,EKONOMI,251495,TERLAMBAT
JKA02579,Harina,KA567,Yogyakarta,Pasar Senen,2024-05-07,01.55,06:05:00, Eksekutif,75475,-
JKA01195,Kertajaya,KA376,Surabaya Pasarturi,Purwokerto,14-05-2025,03.30,20:25:00,Bisnis,750145,
JKA02542,Sancaka,KA39,Madiun,Surabaya Pasarturi,14 Jan 2024,11:50:00,22.40, Eksekutif,98750,-
JKA00578,Gaya Baru Malam,KA924,Kediri,Gambir,30/05/2025,06.55,01:45,Bisnis,249109,Terlambat
JKA02474,Joglosemarkerto,KA822,Solo Balapan,Gambir,13 Feb 2025,20:20,05:15:00,Ekonomi,253826,-
JKA00446,Sembrani,KA662,Bandung,Gambir,26 Jan 2025,6:20,12.10,EKONOMI,753087,Tepat Waktu
JKA02497,Kahuripan,KA73,Semarang Tawang,Solo Balapan,14/09/2024,2:35,02:55,NULL,201473,
JKA02216,Argo Parahyangan,KA183,Pasar Senen,Semarang Tawang,23-05-2024,03.05,05:00:00,eksekutif,246559,Dibatalkan
JKA02737,Argo Bromo Anggrek,KA232,Yogyakarta,Gambir,03-05-2025,07:00:00,14:10,eksekutif,751941,tepat waktu
JKA01111,Mutiara Selatan,KA742,Cirebon,Semarang Tawang,21 Feb 2025,08:00:00,17:35,Ekonomi,199147,Dibatalkan
JKA00184,Bengawan,KA786,Cirebon,Purwokerto,20-01-2024,02:15:00,19:35:00,Bisnis,151730,
JKA02565,Brantas,KA471,Madiun,Jakarta Kota,25-11-2024,14:10,19:10:00,Ekonomi,300363,tepat waktu
JKA02173,Sancaka,KA296,Solo Balapan,Bandung,2024-08-14,02.20,13:20,EKONOMI,397583,-
JKA02904,  Kertajaya  ,KA203,Solo Balapan,Surabaya Gubeng,2024-09-29,18:50,22:30,eksekutif,748575,
JKA01204,Taksaka,KA659,Kediri,Madiun,29-06-2025,02:15:00,14:15,Bisnis ,247365,-
JKA00246,Tawang Jaya,KA730,Yogyakarta,Malang,05 Jun 2025,17:35:00,11:15,eksekutif,745121,Terlambat
JKA01962,Kahuripan,KA97,Solo Balapan,Jember,03 Mar 2024,14:45,9:35,Ekonomi,196541,-
JKA02147,Matarmaja,KA100,Malang,Bandung,05-02-2024,04.50,19:45,Eksekutif,103375,
JKA01139,Kahuripan,KA700,Gambir,Solo Balapan,27/06/2025,22:00,06:50,eksekutif,76979,
JKA00157,Pasundan,,Purwokerto,Bandung,2024-01-21,22:05:00,14:30,EKONOMI,202772,-
JKA01898,Taksaka,KA353,Surabaya Pasarturi,Surabaya Gubeng,10/08/2025,11:35,18:45,EKONOMI,,TERLAMBAT
JKA01201,Lodaya,KA824,Madiun,Cirebon,27 Feb 2025,02.55,16:00,Bisnis ,45844,Terlambat
JKA01604,Brantas,KA756,Solo Balapan,Surabaya Pasarturi,25/11/2024,07:45,00:20,Ekonomi,99966,
JKA00982,Argo Bromo Anggrek,KA558,Pasar Senen,Kediri,13/07/2025,05:05,21:15:00,eksekutif,95653,
JKA01701,Pasundan,KA624,Solo Balapan,Malang,16 Apr 2025,22.00,11:20,eksekutif,72984,tepat waktu
JKA00153,Kaligung,KA513,Pasar Senen,Semarang Tawang,15-01-2025,18:20:00,03:35, Eksekutif,754507,Terlambat
JKA00215,Progo,KA233,Cirebon,Jakarta Kota,07-04-2024,01:55:00,02.00,Ekonomi,301824,
JKA00815,Argo Parahyangan,KA877,Kediri,Purwokerto,31/12/2024,14:40,00.25,Bisnis ,495747,tepat waktu
JKA01895,Turangga,KA432,Bandung,Malang,01 Mar 2024,0:10,11.10,Ekonomi,146315,
JKA00750,Brantas,KA121,Yogyakarta,Cirebon,09/03/2025,14:55:00,18:50:00,Bisnis ,49376,-
JKA00547,Argo Parahyangan,KA167,Jakarta Kota,Madiun,27-10-2024,19:30,13:10,EKONOMI,97975,
JKA01233,Tawang Jaya,KA478,Surabaya Pasarturi,Cirebon,2024-06-06,7:30,01:45,Bisnis ,195960,Terlambat
JKA01653,Malabar,KA447,Gambir,Malang,18/05/2024,12:30,09.35,Eksekutif,95109,Terlambat
JKA01124,Bengawan,KA806,Purwokerto,Cirebon,2024-03-26,23:40:00,7:45,Bisnis,79727,Tepat Waktu
JKA02000,Matarmaja,KA612,Surabaya Pasarturi,Gambir,04 Jul 2025,14.45,06:30,Ekonomi,54041,Tepat Waktu
JKA01682,Turangga,KA604,Gambir,Jember,12-08-2024,08.50,04:50:00,EKONOMI,500781,Tepat Waktu
JKA01402,Malabar,KA320,Gambir,Purwokerto,2024-05-04,12.05,9:25,EKONOMI,751257,tepat waktu
JKA01434,Argo Bromo Anggrek,KA378,Surabaya Pasarturi,Solo Balapan,2024-10-24,07:25,14.30,Ekonomi,254852,Terlambat
JKA00274,Argo Bromo Anggrek,KA120,Jember,Semarang Tawang,29 Oct 2024,9:45,18:55:00,Ekonomi,77847,TERLAMBAT
JKA01370,Brantas,KA553,Solo Balapan,Cirebon,2025-01-29,20:50:00,09.25,Ekonomi,197360,-
JKA02520,Turangga,KA136,Purwokerto,Solo Balapan,18/03/2024,04:30,07:40:00,Eksekutif,252182,Dibatalkan
JKA01325,Serayu,KA514,Yogyakarta,Bandung,24 Jun 2024,13:45,10.45,eksekutif,754924,TERLAMBAT
JKA00050,Kahuripan,KA348,Cirebon,Jember,28 Oct 2024,16:45:00,03:55, Eksekutif,498522,tepat waktu
JKA02197,Joglosemarkerto,KA106,Bandung,Kediri,2024-06-06,20:45,17:30:00,EKONOMI,197509,Dibatalkan
JKA02120,,KA193,Bandung,Kediri,05-04-2024,14:20:00,05:45,Bisnis ,251064,TERLAMBAT
JKA01160,Kertajaya,KA343,Gambir,Jember,21 Jul 2025,15:20:00,11.45,Bisnis ,198922,-
JKA00278,Bima,KA614,Jakarta Kota,Purwokerto,2025-04-28,20.50,13:10:00,Bisnis ,145466,Tepat Waktu
JKA02064,Serayu,KA259,Surabaya Gubeng,Malang,27/04/2025,02:10,11:40:00,EKONOMI,203509,tepat waktu
JKA02329,Harina,KA52,Kediri,Pasar Senen,19-07-2024,3:30,4:00,Bisnis,397037,TERLAMBAT
JKA01391,Kahuripan,KA937,Semarang Tawang,Jakarta Kota,2025-05-28,13:10:00,08:25:00,eksekutif,754134,
JKA02830,Joglosemarkerto,KA432,Gambir,Semarang Tawang,22-11-2024,09.00,22:20:00,Ekonomi,248148,N/A
JKA02467,Argo Parahyangan,KA610,Yogyakarta,Cirebon,24 Apr 2024,12:20,06:30,Ekonomi,249975,Terlambat
JKA02999,Pasundan,KA586,Solo Balapan,Cirebon,01/04/2025,16.05,20.40,Eksekutif,398961,Tepat Waktu
JKA02400,  Pasundan  ,KA149,Jakarta Kota,Bandung,2024-09-27,22:45,10.20,Ekonomi,751926,Dibatalkan
JKA02577,Turangga,KA120,Gambir,Malang,17-06-2024,06:00:00,04:40:00,Bisnis,200488,
JKA02509,Lodaya,KA867,Yogyakarta,Jakarta Kota,01/08/2025,07.20,13:25,Ekonomi,497515,Terlambat
JKA00662,Sembrani,KA674,Cirebon,Surabaya Gubeng,2025-08-19,07.00,09:40, Eksekutif,504459,TERLAMBAT
JKA02251,Kertajaya,KA770,Jakarta Kota,Surabaya Pasarturi,20 Apr 2024,03:20:00,5:40,eksekutif,150491,Dibatalkan
JKA01337,  Turangga  ,KA10,Madiun,Kediri,14/07/2025,9:00,23:25,Bisnis,72761,Dibatalkan
JKA00242,Brantas,KA112,Madiun,Cirebon,2025-05-13,18:45:00,10:40, Eksekutif,397886,TERLAMBAT
JKA02148,Jayabaya,KA229,Malang,Purwokerto,09/10/2024,8:00,01:25:00,EKONOMI,100441,tepat waktu
JKA01338,Argo Bromo Anggrek,KA490,Kediri,Madiun,2024-03-31,11:55,11.35,EKONOMI,746001,
JKA00942,Turangga,KA683,Semarang Tawang,Madiun,23-08-2024,11.00,3:20,Bisnis ,96644,Terlambat
JKA02697,Turangga,KA972,Surabaya Pasarturi,Jakarta Kota,04 May 2024,18:10,20.30,Eksekutif,203936,
JKA02739,Taksaka,KA474,Malang,Gambir,22 Aug 2025,16:15:00,04:00, Eksekutif,299182,Dibatalkan
JKA00838,Bima,KA419,Kediri,Surabaya Gubeng,10/01/2024,00.10,12:45,Bisnis,145163,Dibatalkan
JKA02962,Bima,KA351,Bandung,Malang,2025-04-30,11:25,13:35,Eksekutif,399767,Tepat Waktu
JKA02136,Joglosemarkerto,KA483,Yogyakarta,Cirebon,15-10-2024,22:30,15:30,Ekonomi,74811,
JKA02784,  Lodaya  ,KA852,Surabaya Pasarturi,Cirebon,24-11-2024,00.45,14:40:00,Bisnis ,196100,TERLAMBAT
JKA01826,ARGO PARAHYANGAN,KA4,Cirebon,Kediri,17/08/2025,09:35:00,01:50:00,Ekonomi,78579,Tepat Waktu
JKA00861,Pasundan,KA11,Bandung,Solo Balapan,18/04/2025,09.35,06:30,eksekutif,204572,Dibatalkan
JKA00806,Pasundan,KA91,Cirebon,Solo Balapan,2024-12-18,09:50:00,5:35,Bisnis,101313,Tepat Waktu
JKA00996,Sancaka,KA575,Solo Balapan,Malang,04/09/2024,06:10:00,6:50,Bisnis,Rp751.633,
JKA00961,Bima,KA31,Pasar Senen,Kediri,27/07/2024,14:05:00,23:00:00, Eksekutif,199299,Terlambat
JKA02229,Serayu,KA751,Jember,Bandung,22-01-2025,5:55,07:25,eksekutif,748860,Terlambat
JKA02522,Kaligung,KA996,Madiun,Jember,26/04/2024,19:10,05:15,Ekonomi,96586,none
JKA02265,Sembrani,KA230,Surabaya Gubeng,Solo Balapan,17 May 2025,13:25:00,01:15,Bisnis ,46282,Terlambat
JKA01001,,KA381,Surabaya Pasarturi,Madiun,24/02/2024,15:20,21:50:00,NULL,253295,Terlambat
JKA02738,Taksaka,KA173,Gambir,Jember,15-01-2025,08:45,22:20:00,Ekonomi,77154,TERLAMBAT
JKA02321,Sancaka,KA471,Kediri,Pasar Senen,2024-07-10,05:05:00,10:40, Eksekutif,Rp498.475,Terlambat
JKA01491,Bima,KA909,Solo Balapan,Jakarta Kota,13 May 2025,1:55,21:10,Bisnis ,496835,Tepat Waktu
JKA02766,Sembrani,KA677,Madiun,Jakarta Kota,01/07/2024,20.55,00.25,Bisnis ,302635,
JKA00106,Pasundan,KA801,Malang,Semarang Tawang,16/03/2025,9:25,15:25,eksekutif,249775,TERLAMBAT
JKA01120,  Lodaya  ,KA937,Jakarta Kota,Surabaya Gubeng,2024-12-10,13:55:00,01.20,Eksekutif,254669,Terlambat
JKA01249,Joglosemarkerto,KA561,Kediri,Surabaya Gubeng,19/01/2024,03:30:00,22:40:00,Eksekutif,747635,Dibatalkan
JKA01010,Bengawan,KA422,Jakarta Kota,Malang,2024-02-12,14:00,13:15,EKONOMI,199387,-
JKA00775,Harina,KA403,Semarang Tawang,Madiun,23 Jan 2025,02:25,22:00:00,eksekutif,301915,-
JKA00576,Joglosemarkerto,KA188,Purwokerto,Madiun,2025-02-08,22:35,21:55,Eksekutif,71888,Tepat Waktu
JKA01697,Mutiara Selatan,KA911,Solo Balapan,Jember,2024-09-07,06.10,06.30,Bisnis ,100937,-
JKA02521,  Bengawan  ,KA258,Surabaya Gubeng,Malang,22 Mar 2024,02:40:00,10:40,eksekutif,201606,Tepat Waktu
JKA00213,Jayabaya,KA139,Cirebon,Surabaya Gubeng,30/07/2025,12.40,11:35:00,eksekutif,45567,TERLAMBAT
JKA01347,Harina,KA439,Surabaya Pasarturi,Semarang Tawang,2024-11-19,06:45,18:30,Bisnis,203509,Terlambat
JKA02323,Mutiara Selatan,KA381,Purwokerto,Jember,2025-06-04,15.35,15.50,eksekutif,253677,TERLAMBAT
JKA00418,  Pasundan  ,KA9,Pasar Senen,Surabaya Pasarturi,11/07/2024,20:00,08:05,EKONOMI,395748,Dibatalkan
JKA01339,Mutiara Selatan,KA443,Pasar Senen,Cirebon,2024-03-30,6:20,08.40,eksekutif,73311,TERLAMBAT
JKA00787,Lodaya,KA635,Pasar Senen,Purwokerto,01 Nov 2024,04:40,10:25,eksekutif,399533,tepat waktu
JKA00955,Lodaya,KA870,Jember,Surabaya Pasarturi,09/10/2024,14:00:00,23:30,EKONOMI,400757,tepat waktu
JKA00532,Argo Parahyangan,KA928,Surabaya Gubeng,Surabaya Pasarturi,06/07/2024,07:55:00,05.00,EKONOMI,196496,Tepat Waktu
JKA00898,Serayu,KA956,Bandung,Cirebon,03 Feb 2024,9:45,02.30,Eksekutif,51613,TERLAMBAT
JKA01890,,KA144,Semarang Tawang,Jakarta Kota,04-01-2025,12.55,20:10,Eksekutif,496729,Tepat Waktu
JKA02670,Brantas,KA164,Yogyakarta,Kediri,25 Jul 2025,08:10,06:30,Eksekutif,396524,
JKA02241,Argo Parahyangan,KA70,Bandung,Cirebon,08/04/2024,20:30,08.55,Bisnis ,504293,TERLAMBAT
JKA00467,,KA22,Jember,Malang,12-05-2024,23:00,1:35,Bisnis ,252069,Terlambat
JKA00814,Jayabaya,KA136,Bandung,Malang,17/07/2024,20:50,22:40:00, Eksekutif,247418,tepat waktu
JKA02325,Gaya Baru Malam,KA184,Kediri,Surabaya Gubeng,21 Aug 2025,21:55,00:15,EKONOMI,502189,
JKA00380,Progo,KA830,Surabaya Pasarturi,Yogyakarta,05-02-2024,09:40,08:55:00,Bisnis ,153110,Tepat Waktu
JKA02513,Gaya Baru Malam,KA82,Semarang Tawang,Kediri,2024-10-05,18.05,22.55,Bisnis ,72001,null
JKA01031,Kertajaya,KA500,Kediri,Pasar Senen,02/02/2024,4:10,08:45,Eksekutif,152171,tepat waktu
JKA00027,Matarmaja,KA958,Semarang Tawang,Purwokerto,15/04/2025,13.10,19:40:00,eksekutif,304707,
JKA01901,Argo Parahyangan,KA566,Surabaya Pasarturi,Pasar Senen,09-11-2024,22:20,13:45,Ekonomi,153353,Terlambat
JKA02171,Progo,KA925,Surabaya Gubeng,Gambir,2025-06-07,10:40,17:30:00,EKONOMI,749285,TERLAMBAT
JKA02264,Kahuripan,KA376,Jember,Cirebon,20/06/2024,10:05:00,08.35,Bisnis,749436,tepat waktu
JKA01508,Gajayana,KA767,Cirebon,Surabaya Gubeng,2024-02-24,11:10,02.50,Ekonomi,101944,Terlambat
JKA00255,Taksaka,KA725,Malang,Gambir,24/05/2025,20:50,01:50:00,Ekonomi,100403,TERLAMBAT
JKA01077,Bima,KA568,Bandung,Surabaya Gubeng,26-05-2024,13:25:00,12:45,Bisnis,403771,-
JKA02078,Gaya Baru Malam,KA742,Pasar Senen,Surabaya Gubeng,2025-05-21,10.50,16:30,Bisnis,299938,Terlambat
JKA00894,Malabar,KA231,Malang,Bandung,06/08/2025,17:05:00,00.35,Ekonomi,151669,
JKA00227,Gajayana,KA709,Pasar Senen,Madiun,13/07/2025,12.30,14:00,eksekutif,748308,Dibatalkan
JKA01167,Mutiara Selatan,KA621,Jember,Cirebon,02-04-2024,14.55,05:20:00,Ekonomi,,Dibatalkan
JKA02289,Mutiara Selatan,KA154,Semarang Tawang,Bandung,11 Nov 2024,11:30,13:55, Eksekutif,153924,-
JKA00548,Argo Bromo Anggrek,KA68,Pasar Senen,Malang,05/02/2024,13:00:00,19:55,Bisnis,70244,tepat waktu
JKA00319,Lodaya,KA114,Surabaya Pasarturi,Semarang Tawang,2024-12-29,17:20,22:40,Bisnis ,52173,
JKA02827,Kertajaya,KA733,Pasar Senen,Solo Balapan,09/06/2024,12:30,7:30,Eksekutif,73802,Dibatalkan
JKA02848,Taksaka,KA513,Solo Balapan,Bandung,04-02-2024,5:00,0:35,-,248834,
JKA02045,Lodaya,KA635,Jakarta Kota,Yogyakarta,2024-10-14,04.45,17.00,Bisnis ,303446,-
JKA01365,Argo Parahyangan,KA354,Yogyakarta,Kediri,2024-06-01,5:30,12:45,none,147048,Dibatalkan
JKA02571,SEMBRANI,KA748,Cirebon,Bandung,25 May 2024,15:45,10:15:00,Ekonomi,78307,Terlambat
JKA01135,Sancaka,KA960,Madiun,Cirebon,26/04/2024,15:00:00,10:45,Ekonomi,Rp70.715,-
JKA00783,Gaya Baru Malam,KA34,Jakarta Kota,Purwokerto,29-03-2024,05:30,23.00,-,395872,Tepat Waktu
JKA01067,,KA218,Solo Balapan,Surabaya Pasarturi,02-10-2024,14:35,10.00,Bisnis ,98938,
JKA01408,Kahuripan,KA745,Pasar Senen,Solo Balapan,14 Feb 2025,01.20,7:05,Bisnis,199335,
JKA02884,,KA20,Madiun,Solo Balapan,27-10-2024,13:25,06:45:00, Eksekutif,254747,N/A
JKA02807,Bengawan,KA644,Purwokerto,Malang,01-02-2024,08.55,11:20,EKONOMI,151016,tepat waktu
JKA02393,Bengawan,KA920,Jember,Purwokerto,04-12-2024,02:35,11:20,eksekutif,Rp754.143,-
JKA00865,Argo Bromo Anggrek,KA135,Yogyakarta,Solo Balapan,2024-02-05,3:50,13:25,Eksekutif,149446,Dibatalkan
JKA02227,Matarmaja,KA792,Purwokerto,Surabaya Pasarturi,18 May 2025,13:00,17:10,eksekutif,70997,TERLAMBAT
JKA00995,Lodaya,KA486,Cirebon,Malang,27 Sep 2024,12:40,11:50:00,Eksekutif,98979,
JKA02408,Malabar,KA45,Purwokerto,Semarang Tawang,29 Apr 2025,23:30:00,4:25,eksekutif,396691,Terlambat
JKA02139,Tawang Jaya,KA371,Semarang Tawang,Purwokerto,03-01-2024,21:25:00,20:05:00,Bisnis ,,-
JKA01767,Bengawan,KA908,Madiun,Pasar Senen,16/04/2024,6:10,5:15,Eksekutif,502931,Dibatalkan
JKA02235,Mutiara Selatan,KA892,Solo Balapan,Jakarta Kota,27 Oct 2024,03:55,15:35:00,eksekutif,97449,Dibatalkan
JKA00501,Serayu,KA712,Madiun,Malang,29-12-2024,16:25,19:15,Bisnis ,197341,tepat waktu
JKA02824,Tawang Jaya,KA274,Jakarta Kota,Jember,23 Mar 2024,10:40,11:40,EKONOMI,297277,TERLAMBAT
JKA00310,Kertajaya,KA488,Kediri,Purwokerto,2024-06-06,09:35:00,23:20,Ekonomi,76020,tepat waktu
JKA02151,  Sembrani  ,KA151,Yogyakarta,Jakarta Kota,2025-07-30,16.20,11.20,Bisnis ,752195,
JKA01994,Matarmaja,KA905,Purwokerto,Surabaya Gubeng,12-08-2024,11:25:00,07.40,EKONOMI,496037,Dibatalkan
JKA00825,Gaya Baru Malam,KA668,Solo Balapan,Gambir,02 Aug 2025,6:05,13:35:00,Bisnis,79862,tepat waktu
JKA01625,Progo,KA14,Purwokerto,Gambir,31-07-2025,16.00,00.05,eksekutif,75168,-
JKA00151,Taksaka,KA27,Semarang Tawang,Jakarta Kota,10-10-2024,20.55,6:10,Eksekutif,751620,-
JKA00257,Brantas,KA399,Pasar Senen,Bandung,02 Jan 2025,02:50:00,23:15,Eksekutif,145415,tepat waktu
JKA01932,Gaya Baru Malam,KA541,Malang,Madiun,07 Nov 2024,07:05:00,15:05:00,Bisnis,301658,
JKA00398,Kertajaya,KA492,Kediri,Gambir,09/05/2024,11:40,21:15,Bisnis ,252039,tepat waktu
JKA00052,,KA692,Yogyakarta,Purwokerto,08/05/2025,03.25,3:20, Eksekutif,304190,TERLAMBAT
JKA02416,Gaya Baru Malam,KA213,Solo Balapan,Bandung,15/05/2024,23.45,10.20,Bisnis ,100489,
JKA02232,Matarmaja,KA799,Solo Balapan,Bandung,26/02/2024,07.10,17:55:00,eksekutif,151382,Dibatalkan
JKA00617,Progo,KA557,Jember,Kediri,10 Apr 2024,22.45,21:35,eksekutif,52986,Dibatalkan
JKA02820,Serayu,KA439,Yogyakarta,Gambir,17-06-2025,4:35,11:45,EKONOMI,96524,TERLAMBAT
JKA01012,Turangga,KA977,Jember,Gambir,01-11-2024,1:35,11:30:00,Ekonomi,495232,
JKA00531,Pasundan,KA975,Purwokerto,Surabaya Gubeng,31 Dec 2024,14:45,23:40,Bisnis ,150956,Tepat Waktu
JKA02270,Argo Parahyangan,KA425,Purwokerto,Bandung,2024-12-27,06:10:00,17:20,Bisnis,101442,Dibatalkan
JKA01027,Taksaka,KA299,Semarang Tawang,Bandung,17-07-2025,20.55,17:15:00, Eksekutif,295392,Dibatalkan
JKA01228,Kahuripan,KA489,Jember,Yogyakarta,16-07-2025,4:15,22:10:00, Eksekutif,49401,
JKA02288,Bengawan,KA973,Pasar Senen,Kediri,01/04/2024,6:15,15:45, Eksekutif,,-
JKA00799,Serayu,KA348,Bandung,Madiun,16 Nov 2024,22:35,22:55,eksekutif,503466,
JKA00685,Argo Parahyangan,KA983,Purwokerto,Solo Balapan,09-06-2024,11:20,5:30,Bisnis ,250569,Terlambat
JKA01172,Taksaka,KA91,Pasar Senen,Purwokerto,30-12-2024,06:00,10:15,Bisnis,50034,
JKA00722,  Turangga  ,KA632,Semarang Tawang,Malang,04/02/2024,20:50:00,17:55,Bisnis ,74651,TERLAMBAT
JKA02992,Tawang Jaya,KA623,Semarang Tawang,Bandung,2025-01-19,19:20:00,10:15:00,Eksekutif,747493,tepat waktu
JKA02537,Tawang Jaya,KA283,Jember,Bandung,03-01-2025,07:25,13:10,Ekonomi,495547,TERLAMBAT
JKA01442,Gaya Baru Malam,KA191,Solo Balapan,Kediri,08 Apr 2025,12.15,04:55,EKONOMI,149898,Dibatalkan
JKA00931,Joglosemarkerto,KA9,Jember,Semarang Tawang,26-04-2024,08:40:00,18:40,Eksekutif,247879,N/A
JKA00880,Kaligung,KA588,Surabaya Gubeng,Kediri,2025-08-21,0:15,18.35,Bisnis,250727,Tepat Waktu
JKA02940,Sembrani,KA883,Cirebon,Purwokerto,01/10/2024,09:00:00,02:55:00,Bisnis,401567,
JKA02483,GAJAYANA,KA356,Surabaya Pasarturi,Solo Balapan,08 Jul 2025,19.35,04:05,Eksekutif,499659,Terlambat
JKA01481,Gaya Baru Malam,KA815,Bandung,Surabaya Gubeng,29 Jan 2025,21:25,13.20,Bisnis ,747027,Terlambat
JKA02677,Bima,KA588,Purwokerto,Gambir,27/06/2024,16:35,01:15,Ekonomi,401430,Tepat Waktu
JKA01948,Lodaya,KA259,Bandung,Pasar Senen,2025-07-08,3:05,01:15:00,eksekutif,96179,-
JKA00040,Brantas,KA894,Semarang Tawang,Purwokerto,2025-05-14,19:05,20.50,Bisnis,77110,null
JKA01841,Harina,KA986,Pasar Senen,Jember,04 Jul 2025,10:25:00,10:45,Eksekutif,196142,Terlambat
JKA02711,  Bima  ,KA154,Pasar Senen,Surabaya Gubeng,2025-01-11,07:45:00,19.50,Eksekutif,752086,Dibatalkan
JKA00647,Pasundan,KA376,Bandung,Kediri,09/01/2024,17:30:00,2:55,Eksekutif,52720,
JKA01879,Pasundan,KA597,Kediri,Solo Balapan,29-06-2024,20:00:00,19:20,Bisnis,150228,TERLAMBAT
JKA02175,Lodaya,KA653,Bandung,Solo Balapan,07/08/2025,14:25,15:20:00,none,,tepat waktu
JKA00836,Argo Bromo Anggrek,KA983,Madiun,Cirebon,01 Mar 2025,17:00,17.50,Bisnis ,104323,TERLAMBAT
JKA02440,Joglosemarkerto,KA538,Pasar Senen,Yogyakarta,21/08/2024,15:10,9:20,Ekonomi,76421,TERLAMBAT
JKA02569,Progo,KA592,Purwokerto,Madiun,2024-07-15,9:55,00:30,Ekonomi,147905,TERLAMBAT
JKA00816,TURANGGA,KA158,Surabaya Pasarturi,Surabaya Gubeng,2025-08-10,06:30,15:10,Bisnis,73245,none
JKA01140,Lodaya,KA231,Jember,Semarang Tawang,2024-10-01,01:20,7:35,EKONOMI,249847,TERLAMBAT
JKA02947,Serayu,KA476,Semarang Tawang,Madiun,25 Jul 2025,03:20:00,19:10,Bisnis ,79545,TERLAMBAT
JKA01975,Pasundan,KA616,Purwokerto,Cirebon,28-01-2024,10:40:00,11:15,Bisnis ,104617,TERLAMBAT
JKA00084,Bima,KA952,Surabaya Gubeng,Gambir,27/06/2025,20:15,03.30,Bisnis ,396647,TERLAMBAT
JKA01033,,KA306,Kediri,Semarang Tawang,25-01-2025,11:45,20:10:00,Bisnis ,401154,Tepat Waktu
JKA02721,Kaligung,KA161,Gambir,Surabaya Pasarturi,25/07/2024,10:15,14:15, Eksekutif,202098,Dibatalkan
JKA00200,Sancaka,KA642,Pasar Senen,Malang,2025-07-15,00:30,3:20,Eksekutif,300068,null
JKA00999,Matarmaja,KA743,Bandung,Surabaya Gubeng,18/07/2025,03:00,22.30,Bisnis,147535,-
JKA01417,Matarmaja,KA754,Gambir,Yogyakarta,26/01/2025,04:35:00,15:50:00, Eksekutif,254740,Dibatalkan
JKA01297,Sancaka,KA300,Purwokerto,Madiun,2024-12-04,09:45:00,04:20,Bisnis,97096,Tepat Waktu
JKA02812,Brantas,KA962,Kediri,Purwokerto,2024-05-01,10:30:00,06:10:00,Bisnis,201928,Terlambat
JKA01314,Pasundan,KA828,Kediri,Solo Balapan,08 Feb 2025,12:40,23:50:00, Eksekutif,53686,Tepat Waktu
JKA01718,Progo,KA35,Surabaya Gubeng,Madiun,2025-07-17,11:15:00,10:45:00,Bisnis,303545,Dibatalkan
JKA01466,Matarmaja,KA885,Jember,Bandung,18/07/2025,23:05:00,23.35,EKONOMI,399622,Dibatalkan
JKA00149,Progo,KA526,Yogyakarta,Jakarta Kota,2024-09-21,09:00:00,1:10, Eksekutif,148688,N/A
JKA00032,Argo Parahyangan,KA34,Kediri,Surabaya Gubeng,04-08-2024,21:05,07:10,Bisnis,51693,Dibatalkan
JKA00667,Gaya Baru Malam,KA163,Yogyakarta,Surabaya Gubeng,02-02-2025,6:50,15.35,eksekutif,,tepat waktu
JKA00455,Bengawan,KA806,Malang,Semarang Tawang,13 Mar 2025,13:30:00,00:40, Eksekutif,296448,Dibatalkan
JKA00503,Argo Parahyangan,KA827,Solo Balapan,Gambir,16-09-2024,20:00,22:35:00,eksekutif,102756,TERLAMBAT
JKA02105,Gajayana,KA606,Jakarta Kota,Malang,2024-07-15,21:55,07:20:00,Bisnis,Rp77.433,Terlambat
JKA02723,Pasundan,KA989,Jember,Purwokerto,07 Oct 2024,1:45,02.45,eksekutif,754662,Terlambat
JKA01671,Gajayana,KA297,Gambir,Madiun,22-12-2024,15.00,05.45,Eksekutif,501528,Dibatalkan
JKA01819,Harina,KA638,Semarang Tawang,Yogyakarta,15 Sep 2024,02:05:00,17:40:00,Bisnis ,245220,
JKA01388,Lodaya,KA810,Cirebon,Pasar Senen,14/08/2024,01.10,11:45:00,EKONOMI,95975,Tepat Waktu
JKA01820,Taksaka,KA222,Gambir,Madiun,04 Jan 2024,08:50,08.55,Eksekutif,252009,Terlambat
JKA02591,BIMA,KA28,Solo Balapan,Bandung,13 Jun 2025,21.45,12.00,eksekutif,747449,Dibatalkan
JKA02834,Argo Parahyangan,KA738,Malang,Surabaya Pasarturi,21 Jul 2025,15:40,13:15:00,eksekutif,747070,Dibatalkan
JKA01363,Joglosemarkerto,KA689,Kediri,Madiun,02 Mar 2025,18:15,01:35,EKONOMI,498843,Terlambat
JKA02522,Kaligung,KA996,Madiun,Jember,26/04/2024,19:10,05:15,Ekonomi,96586,none
JKA02762,Gajayana,KA547,Semarang Tawang,Surabaya Pasarturi,12/06/2024,14:15:00,14:50,Ekonomi,74103,TERLAMBAT
JKA01423,,KA216,Surabaya Gubeng,Jakarta Kota,23 Jan 2024,02.20,06:25:00, Eksekutif,249416,TERLAMBAT
JKA02770,KERTAJAYA,KA8,Purwokerto,Solo Balapan,11/10/2024,18.15,10:25,eksekutif,748094,
JKA01782,Kahuripan,KA248,Purwokerto,Jember,03-07-2024,21:20,21:40,Bisnis,496102,
JKA00546,Gajayana,KA145,Jakarta Kota,Bandung,20-03-2025,07:55,20:50:00,eksekutif,49500,
JKA01461,,KA402,Jakarta Kota,Semarang Tawang,01-06-2024,18.15,14:00:00, Eksekutif,,Dibatalkan
JKA00636,Kaligung,KA378,Solo Balapan,Pasar Senen,20/06/2024,00:15,02.05,N/A,103748,
JKA02421,Mutiara Selatan,KA899,Yogyakarta,Gambir,01/01/2025,1:40,0:45,Bisnis ,97482,Dibatalkan
JKA00954,Jayabaya,KA269,Surabaya Pasarturi,Yogyakarta,03 Apr 2024,23:20,10:45, Eksekutif,54528,Tepat Waktu
JKA00595,Gaya Baru Malam,,Solo Balapan,Malang,20 Apr 2025,04:10:00,13:00, Eksekutif,251249,tepat waktu
JKA01769,Taksaka,KA127,Bandung,Pasar Senen,04-04-2025,8:55,17:00,eksekutif,202170,TERLAMBAT
JKA00266,Argo Bromo Anggrek,KA818,Surabaya Gubeng,Semarang Tawang,20/03/2025,18:10,13:00,eksekutif,495550,
JKA01858,Matarmaja,KA101,Kediri,Madiun,04/06/2024,07.00,13:55,Eksekutif,202950,
JKA00056,Matarmaja,KA342,Semarang Tawang,Yogyakarta,16-04-2025,02:30,07:30:00,EKONOMI,76484,Terlambat
JKA01494,Bengawan,KA648,Surabaya Pasarturi,Gambir,2025-07-11,14:00,16:20:00,Eksekutif,304013,
JKA01065,,KA821,Surabaya Pasarturi,Madiun,22-01-2024,05:45,13:45:00,EKONOMI,49883,TERLAMBAT
JKA01928,Serayu,KA397,Surabaya Pasarturi,Pasar Senen,01/11/2024,17:55,12:45:00,eksekutif,749568,tepat waktu
JKA01757,Lodaya,KA107,Jakarta Kota,Surabaya Pasarturi,17-08-2025,00:30,10.50,Eksekutif,73492,-
JKA02382,Mutiara Selatan,KA521,Yogyakarta,Solo Balapan,29-04-2024,5:40,00:25:00,EKONOMI,95841,Tepat Waktu
JKA02322,BRANTAS,KA958,Jakarta Kota,Surabaya Gubeng,05-06-2024,16:45,04:15:00,eksekutif,251888,Dibatalkan
JKA00049,Joglosemarkerto,KA932,Malang,Jember,2024-08-14,23.50,14:50,Eksekutif,401580,-
JKA01861,Gaya Baru Malam,KA553,Bandung,Jakarta Kota,01/06/2024,19:40,00:40:00,EKONOMI,500094,TERLAMBAT
JKA01141,Serayu,KA189,Malang,Jakarta Kota,12/10/2024,19:50,04.25,Eksekutif,399461,-
JKA01059,GAJAYANA,KA833,Jakarta Kota,Solo Balapan,05 Jun 2025,05:20,22:40:00, Eksekutif,,-
JKA00513,Progo,KA446,Gambir,Surabaya Gubeng,01/07/2024,11.25,16:00:00,Eksekutif,Rp147.262,Dibatalkan
JKA02035,KERTAJAYA,KA23,Bandung,Surabaya Pasarturi,28 Oct 2024,01:10:00,10:15,Bisnis ,498652,Terlambat
JKA00620,Brantas,KA538,Madiun,Malang,2024-04-28,5:10,23:45,eksekutif,401007,-
JKA02645,Kertajaya,,Jember,Bandung,2025-01-12,09.05,19:20,Eksekutif,203349,Dibatalkan
